1132334567
80362994887
10637249949
808003550
54551248783
3645383078
558993578442
3648071726
11630272228
10367713674
92122631783
16458012098
153161031136
43741621195
175831311180
80292802
263445038
6320996560
28795969729
144192297
21737198219
183367350166
10367675750
800022490332
265067266
550620062
17599042302
10511911327
56419602
48349057640
21284373
192568462192
3678230985
9909365335
6183241276
16212059256
17359661509
383955136939
7373244530
586117123989
5765683847
114032464026
820233273825
10367673170
81868793307
47900403163
3194006625
79390419
92160570272
14256486
6263077406
10214986
22554435144
194845266854
5609329093
10310443713
2050923143
182136289915
116746748553
55055515810
160129837303
10101418828
52215732751
13236543951
24096573188
144987434
175816117640
29950708020
730708531723
2341783790
5675274118
1891979623
1416744853
300221846637
42834224477
92055771615
153248336322
4249964471
21999202525
10122021673
21969662666
151829026
17012676258
237698923255
389361287
24196855273
29943090087
128561712934
14801956718
19287892788
1579533837
299138958069
286660035236
34862314045
22863713080
22321851007
263445389
86174076727
183277644029
123180703559
28543232018
17007102239
14138186508
262418012434
225460750285
46521032795
1137705128
3302931852
27366637831
13239589487
183300160527
114498783022
291501050
144118549
210002361790
23102542440
46519389958
28078097015
71877557146
225436730365
1231051781
1402971
75623555012
247449927206
2787112395
9711944897
980855706
211196053664
2315365468
690748803592
50885593044
220954507750
278589337979
121762604
17908968427
17275823429
44658103142
3656036506
2402665114
10503687448
91961433083
183559558128
19536420096
34298570153
34850980680
10087122390
66637998
802902702986
53331517859
28076018497
263445435
152910653308
13709826115
39376954096
19945045403
34203798304
312022829825
108108715788
225497760590
7367525111
70220941086
9988966036
3302959705
6177365516
10511925193
90979639990
29952474012
20657716113
99361129321
183240573324
1183550720
80363810569
52216097456
2059086160
6325163301
10367802641
70529317479
17009978120
288464598895
283110431291
79446423
749654823400
68670098751
328833464
29948953472
27363950672
16521555796
93718268069
3312924109
19940702664
180030677488
856354057
29945601702
12360
20309281079
24745063397
82162637758
169023422409
103266747233
378446961
28537704433
24851132594
856351525
276646314250
179802242371
29956172726
68670559816
89702013298
27366229893
2033520669
394195135
272349529935
6260219712
20159149163
104790859128
175801750225
11281328688
50872532286
19288321798
81756707
10221477
17020494155
5708658726
2325431482
188349145040
19700598355
46532714033
14666764757
80084951
579489539817
30211233236
85557615
18834317784
2931684444
86282436024
300551898207
28550540141
1711400
28009015764
513831850
10114269842
27363076882
1721014
64028879
5708688154
10103658577
65485783488
14664936828
1375623812
5780077788
441333
23744666259
559936748
175213699834
17354551596
22719257984
175790039083
6176578528
2172319621
28563707961
29949532432
6318114607
36991955306
152529299462
27364262161
232061271046
17005547893
80089962
66605184
4646758578
55685395
9578845638
34205253610
147936054229
491891966970
325552603525
1364730379
300220764084
328212908904
144311635
104791967379
210547752440
10503597347
34425750000
24206726873
3655997595
560496023699
206820857719
1377790208
34739494673
52290845452
225539866585
169927016525
2357035526
1706044591
121753640
185699229086
26077364946
10200160037
217324280248
32353804617
10039652266
153050402003
410138911332
144190507
2255678104
19369840389
6850780546
10367667423
527536423
34205292309
72029892038
121777414
35485896352
30489464
19504640955
191151522842
10559321109
35413250748
80028656
497416213678
35812221
27367433031
571902122
513839495813
23786611282
93718813482
10539022022
94420221
169023481023
175786409790
1377119342
6715545796
18773401893
19288426531
183160578781
50768314274
1081198
3193973300
46520609550
13858211485
21895232293
49685929944
50778044751
2931695864
78094763148
308647240
278586938359
326361232
2448132787
1573868907
291172394
546488004545
262420631424
1009803478
21888899755
183590266792
8858319948
153970726
91136444
6259947140
93721264028
191986778314
263780913
263830536
1231075765
42478404641
17033175813
22217656070
556806093957
92371845
55667369837
47900403164
19946465362
1970148890
40595805424
2033523310
10084603407
157611725820
5106779060
16582910222
61197382990
3193842257
59493453753
710738110277
10256232680
10214945
144286754
21905825247
172978657913
10451367919
376768603
28531932879
53227020298
231229206185
21284325
389365916
18827706230
202272214514
28726707133
2154664071
31975680
27366793881
9579681994
42491206666
410593079367
56419582
393984599038
28546069820
26190928
92005629026
10503000044
85547585
3656036844
175931530060
15536812292
1416503290
59504676636
55677314
152888624553
10025412229
85558056
19504417542
154179466
273859213689
19505010369
17275703186
145092649922
49968108018
3194173854
13722940416
5627976163
180808763250
16522488190
5639537296
284663718615
22216210598
13802824249
175790974758
268921145432
29956169577
20736735
178736753772
328174693436
14581611614
31481061169
165027231921
19876813502
2058736829
19139210166
6865532338
3194067408
30741734627
139073040
53225379348
5418682510
144174284
15536801337
20320725342
11273757110
153556716202
245579704599
3656037931
938905130
5768685273
223786681877
10367676662
24851345795
3095246438
27362781418
66638800
5594907762
24097753040
19273213491
21986889166
558992178582
86240216
225497760587
4385867693
43740319569
94130007901
10562878518
89871074694
18829853473
144934520
1578637328
17366225362
53772542021
28570876826
156228956612
96603565840
56305625
13608706601
3120009573
175807524176
28999657936
19534961208
79837615543
91066658
250610051487
2059575356
3655002653
31483762374
179170348710
19138650852
121804363
6872231387
9716255068
4254300211
33363966577
23076605641
17851591100
284522657476
325553103675
35801620
557466482884
3302931858
21916367866
5096030170
6222215352
114747781029
27365963850
5579440877
276284803649
114095489964
21378227
21972348997
81821302054
153158809325
1888297990
1712202
16521848888
13710231749
1132602432
85515866
773496411321
4284656528
52468531198
1140169036
139030375
10730288220
221660208004
196866043655
11280649808
20225042339
19300587688
96612958059
27362284867
19281755147
6863657371
104792781826
121775138
3110488849
169323883330
2333359562
191274699414
10031491734
13092594829
24197121411
34735463387
319970330
152659495781
21225087
225
21986849866
8858194240
81788845254
795842070305
35812163
159534181356
13236511299
74096664
26622779384
8502687319
50874089963
265021984
1144907082
28573239180
3194205560
28707366676
151918120
159664985497
258430148127
16321423
11339539
155584130627
22498953
198552471370
4459153594
3678232115
3302128059
6620446526
178164882551
1135601282
232876809591
85663444
1684859122
1711445
210005939678
27367114709
78148133760
5776419573
179791633278
346551844575
18772551492
71837048836
25297441606
842285889
226027199964
32680904623
3647684795
32023202749
16364170
90
596185142441
28943026089
157004849115
311870901219
34197600949
29943916997
18844683615
514343204604
114169022702
1994355402
143498379754
12746007976
5637388203
3302805675
2631929327
21457898937
21365800
34185415167
731177503
6785981395
358257055462
20146503587
1685002370
66638815
80294975
85547635
10114501420
176153116827
13958788556
3109169097
6260326776
139
237746343813
5518584845
9982546224
18772857195
3193135497
332673015340
85547662
4876578472
34202977069
19365496685
270435413
17354350969
92418576
23624555096
2033519031
20272
79258883
21579160
155154851
18129884352
6259658747
136419870864
17354294980
3648203702
10119109471
19504816495
114182567090
266836919
10623304751
184091475632
153986419
1184504230
299136748315
10367675742
210278034451
325769147681
75623817333
28531801990
29943757451
8655388500
10879075898
123033318330
10632579427
300385256508
19274625956
13234949908
10634801179
80320838284
32253386488
17354551597
2118874850
50511647
2472056902
52214123227
3168424425
31478404732
32549609845
13607996044
175832370090
6183245371
79373836
263626817
19179619311
223706717246
73013432313
264459752264
304451215
78148032996
92056727844
11273134698
485847788857
247451031306
10367640223
155770752884
210002432022
291593675
105124071744
20736684
90569448468
183160549450
226096623480
85533463
154360997367
34821311
144163461
176132796385
3655994497
28535507982
856226985
31468848411
291527409
558993240214
2325231857
3423718204
37564076627
288078866655
6959740251
33174211212
83448329422
19138801090
155155399
10511992985
226026743903
263445485
45456239210
14624
856274343
3194174249
2141513940
3645529878
6222345639
6864199834
136353636499
373578887564
10626791057
181763727964
2333844076
17909132530
273481696099
1131321712
5708112588
358363111792
757618914317
79289991
183354188406
34821381
2722556017
13970847
10512056487
13453263889
17006226726
79276055
80280697838
2448270473
247049593460
92126416027
23782949448
273822072900
29949183750
70609616336
193093733095
52355999015
300714496009
6263568816
4451168711
22059560233
749216662431
276447737391
17361067120
67385216226
266854862
92064780685
10215009
17036509205
9985442452
153735622
10092634881
5567350303
10046744844
280295244136
557426508348
21214320
2319420624
98322955877
1511114515
21578407
348490681951
346555023183
210007866886
150835218933
25558013211
121770237
6863737586
153027649335
28008691904
13239650088
4254177469
97425402159
51117586875
5750907534
61378127290
10202905986
133109389130
121777133
1145101259
378178332
330035619676
378162223
50872494380
27363317738
3192542570
2592688386
856348382
10068682834
28083492197
124878716547
6957925635
8663797262
18836677091
13790455377
287665079044
5598749538
52214892477
5271547720
2713815030
19138640416
346547346807
1134888734
19535916137
21833521
169719326965
10107482681
226027671114
265264844
10367641293
27365561941
270895967679
28946738091
10503049751
856238360
527531916
70518078560
856351523
27356972563
20117035562
10036252322
346818609792
188787980053
157596052029
154736943805
34851328122
189389513120
175215581065
21391531654
34143212
56419619
104791721905
163454543414
1579554679
43743093032
856272501
3194172837
1721078
86200718341
148534056246
13223478017
3535411377
300774326801
218618553
35801215
41689693437
56432463
13245218061
35811664
1375635512
2449489847
6870412384
159281463528
448100096
559943615
29945322042
19274659003
446373109376
144836843
28797175612
300335627843
102983741788
155159212
1684863614
21984958600
20094947958
15962157511
24196811533
3074862807
1377238613
82166149263
91132590
184
359742245369
300385023535
52172063218
226027686342
155365307
939078529
102895709
16522488191
35897090734
80280336590
330384008461
178295336561
55054248459
10632687047
6223433013
28567589069
5561787821
32021305885
227205609705
111488430229
21955911324
175801230476
191925340911
18829359234
263503960
10222305
82402903658
37564273465
266789939
1572394323
172701807308
141316428836
54606280012
3445486182
527573400
448046614
19273102430
32352652463
27365427761
123268756
64016554
93065168
62198377681
16521920667
78190567104
22113130470
155166081
10036624436
52215792313
1289446075
10507545813
139191266
150444019174
15536739008
6864796874
140566105
261177501605
31481078380
230468965750
1184621336
261161769649
218000849131
2402618852
385551984707
448482780
176135700
7604803512
29948109140
2172434722
4907110421
17005533563
17280802528
38986294186
68350980375
5638368507
159648155621
42516392515
200795499502
75623793732
20581377989
23621346722
176646792
6319511607
1660331818
1684828762
2932043392
21965073554
21457783302
17354252727
157000697491
21566450885
17254245398
139105966
938679572
1894233345
107098479983
153760869
6864133320
13789110711
99671084553
136572567859
376652590146
231741797904
545781675709
19185891673
226027589275
10529444659
19399628981
36050382230
35872238521
5106584658
30742504635
4695699919
1187491994
18829358376
1079769
210519040327
18827245796
10080586511
83420053730
3110840893
61199253439
312022829827
369705918692
9177208843
17354501309
23076807891
35900345
3302811297
23262978
245575009578
231392935495
37840891934
10038696921
17354345848
28539222690
91089001300
270943712774
10503094764
4203902502
10221512
93738542026
1463417290
24650290482
59708299893
121868887
527516991
30984571663
31479323631
3647543064
4664696458
2097892460
19535893450
139755403485
3645344005
139756354758
4203820270
233938125451
91053181
147151806
5561754107
35970943935
4878269548
11745069621
11277246485
10517942530
17008306493
35872325836
261168550925
39672144584
52215861475
92542424
50803015991
856245081
1684861150
22496489198
183590476662
1822014162
24786438260
16364370
231237362531
27366793879
3656074372
294523600
6867052613
24205371388
1538641576
164704434037
28531801896
34346781486
175854114974
527346623
225938175608
10059983188
79288975
357756061183
204069130192
24205640752
20736701
33175531749
266854858
209231444202
19369863951
33366400738
6222217446
31512597548
154341901746
2319498745
23783662718
556853992
265152054
11186882
28089763427
34211079504
217999317520
86198253574
346550820178
35872595645
32980867899
19138616151
39369827935
38481058524
6222087409
28507452507
34280826311
2449640422
182136280589
20348344715
78181616146
121723122
66618126
4253836481
226028126763
44731910
51866425933
70550628060
5459823
710355849355
13241737403
2499776200
86267114
4681648762
3678238586
175788463916
18827596312
6864340626
122094391
3647904251
183359290378
17851229305
3168199715
92560309
263538288
40592855277
28809804908
2448159274
50777798974
102892255
752176956293
687028651515
179698158504
85515584
3665650379
191260139132
80026426
2003852332
300766694
16320996
3656082027
32003939555
144779239728
4537054293
9717450287
140529015
167176076788
71754035785
9982691783
20220611568
19182030349
448493904
183412188830
2931709784
85515521
1131318111
181805511704
226180258893
230880522732
86692789062
4203817958
73289452
16568700990
70529578045
50149641
1510251407
51350859188
15536491269
146476273726
2083986737
45858697169
163650792854
5650319968
122094686
61379939507
17354543359
22719268386
27364419327
19964780218
4992956226
328448015166
263614164
1936434
19138830719
19509870512
4878845471
52915860112
79392216
22218779172
175851589632
144958717574
16364366
144077106
41535256292
47308229929
10117660200
168944730774
10454445613
20737068
1721087
35801231
247842239369
92651013
9979427944
13227730030
114062970998
15536750757
80326371860
189253323442
500767955578
6182841487
82402318417
17254228003
6263939563
1711461
27363388062
55686795
6259527416
29953148677
2195477525
17281256328
559965368
19940156740
46521625465
30719801866
1572881396
16521984836
15967632454
20736725
83468206720
19288729598
91052137
5807112586
24196811532
1705991024
86168842038
1375391572
19499384898
28570512940
282474359993
42829153130
96186550039
35892934630
2450258100
299150695170
147935595551
92130545438
24757723488
558993736181
183161734772
13245259509
749216740366
3457155228
237778659021
2312128560
6663119669
5584095547
85699717
144961183616
23784333756
461427083
263781281
447613456
1891706659
27356979184
93718184160
28797074865
350790473079
66627562
1885399487
144788276037
6864310920
104790859129
210793893592
557359686
231797629022
94648339397
3120052057
1130875619
50507441
11339393
429530484177
294974876241
7482930386
217323102944
50511562
52166362039
92104390606
33368214075
560592116491
10367666319
57576769922
148025660265
755610279072
231411965009
86245723
41532990574
18842691178
19138709981
22319206197
715081467474
1802893119
20733595
715081071869
41534176721
3447129258
6320711731
176128831
5561753020
980745364
2449638677
7390620089
23137664427
183229365639
4242385256
856347067
1128976762
18540914711
8901383
176154136660
28573288046
42492257546
16584538748
27366871237
325547878140
6182968404
21736441204
6259457291
27365381055
18833747343
1364638015
204370652279
30633450449
263733388
206701867716
27364151219
145074668006
148916374012
61599320251
134134985307
144785258877
282477937237
9712214249
17006078531
1572034948
169719135002
30633535132
175856576557
5567629600
9177193392
2510001925
6265256342
16521761092
155599247156
26004180657
18827331886
226028218235
383181333764
146849146542
211277866424
292605142
20297
18832856566
13710336665
10517872301
59503553218
92090211624
24851429507
178302254349
5640275163
3199023841
121776307
19504620929
80073758
30740135097
938885773
5774274554
145086290447
272560449092
191951476993
175810333725
32985811908
35892995089
21933087990
28575337430
2556753897
10637244506
85671736
24273628608
20656366055
96194226
10267638567
175930819977
1229311446
1887865213
3654919231
1541068550
196868081948
28570363900
86203449007
5091944
16521725876
42834827512
5599454953
130918248915
10367674222
225570988217
91146327
61193248932
9712800519
174738111620
556718768413
10106566030
109830688025
157006896462
3645464708
114044271217
2311136724
20735261329
17008942906
2960707192
265391532
749216834389
494906625
527358986
24206253242
10452137047
17782430077
14256597
30470022
104791526323
114176426844
428721791920
102893142410
3645417947
1422629210
225350648709
275097495962
32441313710
23744554037
231110145063
183243657354
346548661516
7376968933
32199090649
293259615991
91991758468
91147532
64022169
1684989643
799611161274
715081524688
188508863821
294503657
1145850860
172712131473
18113691750
4459128270
226027414599
1289439583
29953391753
9377037
225460750292
17908217801
35892851226
15536731188
10100501903
96756675780
2324914447
447593914
168769109617
58427756104
24896707284
18828821597
178269093866
1538642222
23748852556
5561769677
447854436
2957693547
103184720
10879643483
374903872
3655964272
17861658440
37564829673
103068635
20090148293
195254250787
263445378
34286799986
299136221390
61193672853
527516978
3655997118
45456685162
172919125641
19369838772
225984278107
59620817493
114096622040
157006881145
389360457
528152007
27363448962
378026429605
366276129715
3302224833
346548693723
157118436090
154986688
11274025323
347781094468
7256985946
79377606
5661886375
4264079122
179239078149
153216313398
3655804314
116776243038
27365624778
447673330
22083498217
101688556748
27364178800
61389369503
25557607493
75374138
13235430877
45442251887
3645401864
178269179630
191307980144
348834301913
4241993567
10556962005
36036369618
273485739341
123302070
32194035762
2003762472
36051102731
28549822111
248521229161
311862700303
23749261530
1132516336
155611957899
123130577358
11274884693
226027516177
53240029274
24745731556
121737363
328170640269
27366251224
2932120024
225570988213
240095020215
6178300833
284658073550
21940725904
2098231374
46520284004
9982344168
808345342
2003852876
175786635064
34252663037
14257398
222470776077
1139373083
28538775799
153913109113
3075041204
13224004248
31479305889
124518295970
278587156066
23075957883
1177959537
323790409399
2291057331
230739425808
153982156
91182633
8505883851
22669748
8858270184
19504180678
20738118
2022682630
24444899957
121953437
33388251899
175801670140
27365870338
17007088378
183286091022
47817090540
144312868
6620436123
1134871693
79289418
123066525823
93718184157
91155635
3655894979
2172494072
226026752049
21457517063
265215543
201089659558
559842080
263520402
1579780246
1538984980
24851146021
225411712213
265696101523
507362698722
16668788465
10511924791
10503052856
153703204
292074464
34860510839
10200541150
183033634685
104792476148
799546384809
75623765172
123462898
50777289859
693076800754
196156621373
226169161541
527516989
75624035399
35892249884
13272135107
4203728715
4242035588
6223230408
27366563578
18836458609
1690768
232171404365
3312929875
2195766523
172572610407
263780918
24173347642
938799750
173651088441
74607501474
184094846233
154457280738
36962043104
258510401026
735562345033
169171649762
85302458322
1706126586
203777700886
13243584636
19300430041
14755258346
56305307
148012428506
20381823927
96500224733
55714411
23624555097
211989979884
225294578779
280284561686
11339727
13245587791
178713524065
265303483
17782018730
32198866650
139019479
527542594
166610791985
401967369621
2033516417
248442450965
1685769975
10517943783
273550668997
227740467875
28083968387
641296074646
30731182452
183160624288
53225409782
210930821029
17354195853
348868270542
169171557681
131860367079
4271416892
373578754911
8901907
175931117032
294975023065
260388793849
19399546572
34860714171
21889119956
35871404035
21283785
28559765536
2472036504
285587054111
300705682612
6864044992
144836514
21972275380
3647939762
24273135571
1970143339
21736716412
129762168040
1403428
1711464
153160988399
300335939072
6322312222
4914995065
226027707098
32031887105
86694051597
72221149586
39182690446
1838568463
84377284930
17354272203
64337317079
3645344007
175800651809
1706049627
276448920759
3424216981
2186848739
19311529260
731181881
30747735930
225898135864
32354587660
9992891341
17005643468
10092991998
17783947721
10085715549
209231429708
447654861
35914261
559943190
20859924
9977615565
139073892
375997482342
64021760
272560403165
34515082042
7749134945
27144018
91146325
13783352856
159776056579
16582902415
5561679541
389367209
2471733792
28579889464
212571872864
34194229496
856348456
574659917
11274225615
300705503081
3647707330
19504163571
376470503191
19946332857
44589997522
2931704352
3302915617
155690290215
27355945538
2172490829
9177119179
262420852963
21398960142
3094478163
21489964096
20225696777
5561707156
155165028
558986155258
15964378325
96180375850
304475400
64502105450
307567058302
7249862465
294503285
385563294793
191271629092
10879533757
6182697824
35892263514
33175159236
11274673883
7371706857
4451079771
34377813811
5576402055
461516241
21988824131
314305142114
158987018492
1660287252
123052510585
151931032
34198163282
17608811651
17599024054
70528928234
9978958042
2592583530
168770150970
3008467574
349463997573
263445327
350703252201
332676273369
8858270353
35807523
67380304245
13783187550
5091696
375996919049
92059107086
37649817743
37536956740
162115200924
10625470058
301426455053
1131288294
174858238281
22117814763
3654933920
19274627808
3645343768
23624543364
394522310466
938921318
178731155545
461511960
3194206756
2722409164
856498022
85906497699
55671503
88673161
13244301591
26103445
114287250429
29948222244
28558165712
265312440
6222053673
207758710383
87802345807
291692603
1710879
9981825498
10027535148
78147974005
2324926134
155152675
10503008739
32570404482
191998835642
6222088655
5674668731
346554986213
10085720823
176141955878
3078637407
409361009251
35872134810
155804056328
33563793
1685031203
263499613
81773458
66624895
3071644976
4695677222
22005373349
91151362
1731993
10369006816
3656036342
247056505861
71978550011
20736708
20738038
1579715625
153470121418
280435551036
35891557942
191274663623
20738145
31482142848
78148161895
13245924453
447664954
10083885009
2402406699
2033521760
21457858260
32350027618
31481134395
155594962749
250404854862
91144478
263342756138
10367672357
10512107667
263782713
39032999590
123268351
247051559998
155114395573
92560339
1684865921
263459952
155222431
36858708226
1133017826
14671163595
17008608874
198352494215
32023213771
22718280601
144191034
2472094779
27366634231
264458995284
91052628
183282075929
21944388545
24272672976
42834005781
10518570881
68668133457
16521646753
159656428985
27364643337
1131040865
326309475
1579704367
82164930698
309650746345
155159475
442322
263445374
5454239
139754702615
5780265427
70515330281
27365389496
61298643002
1377527851
7823898701
4262110478
153012201909
55707688
98178586615
17872602483
10079130700
226044290780
20321304320
93638819658
17008453077
174883286084
13877062133
5669175456
2846960717
85559105
10367673178
7755902
1684768871
9988061139
527517022
2631771019
262420780606
19288400564
247050487403
92651014
856272505
155160736
10634801299
34200369014
5418702017
80292565
300335463493
169808710480
1137442450
593670185853
10367689831
163359929909
10451411463
14581811297
331677985192
33686936000
64502021387
102898089
3647910177
209112901420
35892491505
328081686375
18830591872
10517872802
1684994616
247049933674
10565847926
72146522170
411985382828
33687504651
67374322991
103112273
1994665181
326304866
42960289
172757538397
63148934771
183590364223
10114350036
358256605420
11275064428
153028839427
159684212270
183191555549
132677952
17008893433
29945054762
527517053
3302785446
275097495967
10451815891
264458803051
1188580507
226026743788
210612453005
13234948702
30477080
155371472
52908099369
221944191442
5574518073
21979347350
19946478827
174724711898
18827047064
231175230991
28709650911
23859856991
7366304552
10367666002
10503787194
154358827030
27356972552
5749569924
27366538522
578338948
17006621483
67376501591
174298543484
640749462257
43996814348
13235372124
248027495947
132989062921
6222200812
144220900
194848133371
18841067627
642203472687
8858194024
144946009441
129576819021
3194170541
250619266269
23895940286
247451021429
209022527321
799546383789
300248490270
749217091952
19181033701
114640324325
19399786593
151929031
155596466792
35880290902
81756701
217989355992
28763896416
247082733071
11274673884
71842960987
20310517946
3192717840
13802233029
178159182240
21999402080
136323147250
13236538198
715081335276
17354262634
165525499220
1135483702
261796797006
13239424239
1541163162
11274089608
20806575700
153989279
3193908933
2448203685
2118539148
263603067
2172308746
2061098025
5572131781
168846469917
19278210798
93751368700
28801273147
17006606106
34143891
173709938794
558993301939
442307
430536168
442283
19399794908
28967575820
16522002179
1230024973
24851227060
3656080594
34254156987
144543439
136338361811
3704809081
2324922356
2056929673
34312157207
39688957165
27364568713
13790577863
263459953
6319605074
21941635500
20313567291
27363020291
1135310277
1130878893
148036858736
263583344
98264320754
27364629847
144220899
7825570823
29945892479
4284766931
11278771164
121776256
66625754
34377878259
10367690822
11274560577
72049352436
72132889452
46508915372
9712214250
17792197802
430527108
24205447715
5561766914
1659714801
16521804018
1185812640
2612747453
183161887255
34143661
19365489443
1512903466
23749053384
4203817959
32680060777
205191522392
14108148
144945465
32346361265
332174712854
47879271435
9978958463
30744780151
178756590230
5748661112
1579787185
374884532
20146756197
3648203812
14257386
346552922320
72296909224
154342500382
19504237416
246654378053
359744346207
21888468199
6864430586
4983713564
17008307160
30747052956
250546527347
4242415487
183161890575
1576200543
28531606727
22319904843
28551353386
17354191737
27365687830
560628954977
194848220726
144097569
261178004220
28738910383
205425206514
1230720117
10503049753
19167838305
178180866957
78182524384
749217744487
18544875728
278533642511
50872506356
2341791448
6322599739
70518642686
3302090822
61193706990
294975048069
44725814
247051649962
34124798330
20737078
1732168
276448961899
391359250
142849743435
10367694349
564028878172
19535846441
7605594757
34143790
70526276301
74096575
325550135957
19088495697
78181115110
10563206868
2370262859
27364022682
231826746702
304117074
155161744
160575382905
34194229576
375997572160
1376330406
91294394
61372238133
23774315010
296233349943
38646698
75385909
11341280
21888929186
9712270726
231742423437
173666750443
1512158776
7373389175
67407647343
799537028035
5570193126
11277165627
15969314681
527522204
56419577
67377679872
178296322776
30633140213
41499302128
4905275303
9187254289
35810749
17660208463
43732266476
20143014072
89702711125
22709183595
191919320757
13235425444
193093398283
123524260411
17302748542
247321021232
10367641452
447520827
9714863178
9618157490
348855100612
3419540
27366672713
92178472972
34194266163
184138780701
35881892188
10367652362
10222302
556779350545
61372523458
144938169
98424979602
145090233881
10879133021
226027686368
1463330624
13234948793
291465213658
263475235193
749218013034
10040934555
19269042411
132224800
369789569009
183286091015
15586484269
282763224748
6339015
153775796
184091475622
207760821614
346547386098
7793974388
2931605699
10195650842
27367443910
30745841686
349160062100
34205638346
23621055529
128434379999
35881266848
10192148258
237429010220
19274692409
114059056017
178542427016
123259273
1885399392
48330343883
10367673176
28532901889
3645439037
3580877374
78094686851
223859974687
153970813
17781947119
4203786447
261661814489
273486284537
154332583505
3194167947
8901490
261662713357
178731025864
247673596657
210002304381
9980309511
169029748210
71978761148
123213913
44731982
314304815288
276646328428
226027535755
205342988079
50873322259
3678181413
17005330617
145472887
206792902678
211276745645
23783229899
1231139791
527563941
160026945285
15536731628
16521949768
14256485
230412828892
39838153
1813305039
124532510331
33701057979
29949634452
3418668269
10222310
73007618119
10517798915
34377797482
268684196198
301513404387
2059575878
17354546536
3302098256
18773105956
13606046606
91416207096
153064604285
3312635936
6260753470
114051720712
28542098882
69205689710
1684876125
559960926
93738500283
799517737686
35811662
28714449837
144760095
10632616632
194845266852
205425239056
59503987437
325769007547
50507153
2033517148
93746024253
6958864126
22127029040
1749996148
121754743
3110646895
10109451768
198294596572
92429973
50290068167
105866023919
21307906
5751833460
23099328435
35403857951
10106606650
28707948115
300508283471
39686301789
284781053408
6320000674
9986567389
442053
66639689
15536732693
1416508034
19504674462
226028188028
272349635824
8521920252
260833366392
174306628161
2311052446
10382535282
80299225
96026258
19452147146
11274015012
28009362245
145089610076
45460219353
32004638285
320051104
28797231266
262394678190
1886865823
20879108761
2448349631
24273081217
1230171949
21457770988
33133165258
10131299215
1128692828
102892828006
91129420
154986690
27366501525
102898098
2449477709
27363877881
273855185215
12751894371
38703248527
5561766913
17598878111
22321883366
346547346770
81361536715
3110824877
749217533626
41500718424
2374181651
2154663852
92406692
556592736566
32015124
107298839451
361067922066
10729658469
3414546926
22459164924
176446125
205696660482
10067101319
1710887
3583612013
153193130856
156155866766
127063930066
371141432763
311990235346
10367663835
80064334
148015500207
19268795582
148015500208
5517313155
178159185014
55702195
21284380
35814156
271219896960
194855150463
136755802188
2508044877
206796639216
375997349836
155540172840
1685633229
556668504532
31980215
41534932578
1230351894
799638933317
278520601553
178180973680
30736392928
3448982085
25535047669
74878322239
24745095337
556759351
10369296497
78181064855
173163484606
11339266
3194173105
5639251792
1376305245
80222309598
18537780814
1710828
205191469927
71885005776
10632568528
19181001366
308087367781
82216314518
753441693939
16522129282
62519292662
178295342861
2325177858
6184776976
3655997778
154332622438
91521677027
123090945
84352679113
49688917752
509860421622
204359282464
197281021367
10214995
36791696
738213880822
29942167933
5640304725
91345228
265352353
206799469091
237452848896
91996774776
168768012528
5708104935
326311279
144791749266
2058778925
2004262530
169023422411
571885274
91149304
5440051
17852039214
144760284
35971328323
279129538018
16328293
10084779759
16582738851
204130261157
211717622136
157175350817
6863274843
10262875954
1711483
152916441630
786676521
11274756712
10579806108
22491986
21458148232
3194171532
182461291028
742921885
84354334215
52233324088
75623756067
10068568257
1009280116
21545619629
1138127540
309502028932
21934214070
12748959968
92635269
67390428229
10073723420
5708648613
27366299863
3448627483
131858579805
378224366
30746041485
18826624197
27365381052
8651982450
5638929146
145011672
6183668211
1658955823
10107966947
697616859432
67387731457
47245676075
4299275209
358256252325
2315259755
28008940530
5562250612
5640004576
61195406335
10255076767
144186684
10266789309
3584093013
1684995361
226026527138
210618656739
178220330883
273486059211
8901418
17005254978
211275396662
5986920446
5752274692
571862320
234367707248
10449844384
15039279120
148038876719
226027530560
35891849385
10470254748
178180761100
24042959674
46521241242
19752590974
45467095843
3463692748
27356370544
102892828005
16668676615
1684885630
21736716411
940279486
281671561024
265242122
273859252153
286781911871
2357294963
20225652229
234153591470
34203795995
53361181424
13244274616
28744421685
16521700866
1572937268
13726123990
10458533816
349989521915
220888884
35801669
328733272
6339247
12896335394
183590406605
270709842228
157006930500
13802312141
527517922
16330406
1416661515
226027686370
15968158749
159654102360
123233374721
154408224086
48947106275
2118882085
6243122912
86260358
27364216932
60250194
78148015932
194848220729
263776198
145217023
28558194750
144164806
205366501604
153973378
226026527132
346551844578
56419416
328219125913
32366680420
226026685195
266546741
1573553799
2033519086
856347086
656433662166
2314961578
6177838323
29951185788
11402816
2846952464
175793249714
31980127
191251292427
1821653177
1403746518
275072256087
4385867672
61213267736
10375523986
557992431
4262891842
17354294976
1711484
13802520124
174175213056
359810944959
749216959652
71977980020
5806067564
16210549306
7365856267
93718184154
3196601353
299136772786
38195985874
4203919707
23743305640
758575085122
183302174372
92357729
373872142831
159650237159
612147569546
10367710312
22709260608
558993108496
10367690430
194848130120
148044952533
10107100621
131860967314
17005474686
378238190
22878041577
265182518
20736655
35413137654
50290023718
45456055302
157604722030
22087876393
304570068
169926489880
10625324403
34210962912
20306692413
10195106087
270704774139
77770962696
136417064903
123259135
24270900726
70609121212
14665551054
10046781414
20225399100
311861509330
155583821005
6319169248
6618901046
20090028004
42493450542
1579711804
266854856
204356856792
169241858799
574465775
14256589
61376919302
281671523266
41498440451
168846479437
19510318896
16457934679
3468034920
21457747328
10111836237
263445325
36981635351
21986961489
8793085
23783694107
18834186026
52214858509
22324064117
1129518638
17887218847
346547346806
75621920400
1557094250
21284368
2931671793
10503327206
18828057968
148024637096
2171770486
30633126447
102983257509
16569261949
1685663336
139251303
61040571597
9712408740
560549251509
97507357324
21206657
74767493674
183154847828
153756366
2981739458
169336920008
3448571136
278587095797
47245919580
104387609464
176139358
102893237717
168675569280
93746024252
153777803
125943062
45455915758
10367638863
183160568535
263549003
176120657505
136357580192
81789851740
27364568715
27365214037
2556548573
67379541942
9177221097
36402559111
2957979401
374913188
28575527618
3655002401
226027215121
3678232050
64022097
169023474851
16868559505
43743161302
17794015828
777431108297
463495214
153988851
1712231
10865328984
28746695365
28080828473
15581341402
741411860
18113747790
80579990137
85537582
7824113392
14665680979
80091544
11345517
153971193
115752537290
168767957608
6307524
391436465
20299230251
373215911542
509606301686
73749502764
77442344939
1706059281
10503006624
46522145411
275041706806
66622975
272725184794
62880411512
178179386037
17354156347
124152896130
36053549715
32352050136
22255441401
4242417356
3571283135
3535975177
19368063563
18538936902
259473609968
1685105121
573424754
177018902050
153762617
6863912441
168770149742
1231137764
1184502821
153735303
153940726
61860415856
284513488460
19088327433
72046213533
1375480620
226066033074
11339050
3194174014
10511925500
10367689826
227203458258
34143599
122465825
10036595345
34197624053
153940544
43741493076
92058654234
8793089
91175702
260833364137
33653017228
13236446926
262420901301
144982675
92446775
65479030843
182136379129
80277468004
9990390438
91057705
505238662259
1377350473
138916211
7784399110
19400020240
27363460264
5708096421
19399843888
25643255832
21242380
19501530316
2033521841
172370898679
107091406482
13723478964
40218954728
13243660918
1512637165
358282368515
61039554003
19534269841
6265893009
747283365683
92005426404
225507811644
1684828765
3645443043
10367640472
2449425156
19313115080
1580070365
328821411
23744685442
2370224357
264939237
65954350
639774490107
17987250585
4902850915
309501971441
34821724
93746059906
80366828036
10621286691
188734926370
92096776676
226027199962
141683383406
21916558340
16364369
29861662450
23744544995
87028510037
273480656081
17171311967
346552881218
10632579697
5919403032
180026317458
695096393185
5561729341
19535649091
299150728400
210002485806
8901739
799546383825
22710007070
4458998735
33362884774
211690634322
469968134
10313013515
30477346
358257462404
350609402161
31965791
6324485043
6184610126
54933420203
2311052448
10503666355
7794079568
1130877078
749216729812
442325
24205993287
144957464389
144784294
84352521689
3647928229
430481885
168916917907
5708117647
1130999536
60775282811
18535606092
47921428203
1578053751
42493875651
611282379681
23620914546
752471498121
144984264
21806467569
17006046391
33377217901
1579504573
205366408851
1375628556
2357756723
56327754
19504796002
34114421802
19278042579
154058588583
3519547693
11636689600
227712997027
146249621368
82157029404
328227337883
10727473361
4189945988
21128900
22873857084
176128819
50514690
24851622874
96500172626
30732744884
1510588948
10367690502
5609482523
6222950333
226027703921
3727334638
21888732823
18851595276
3194173870
311951642773
13228597087
556673417377
226028189684
2310979709
6262212607
104790966044
1685015742
183161660117
328696173
183286079124
154442323755
10517851426
231375901382
715084093724
290054764865
18833151572
1230325328
314304815289
161549962805
385933221450
247451031311
4263782185
1886687210
3654910345
15536622429
1138082195
16330802
183304408932
3074781173
174401712784
28531024872
13240493574
2957142950
17851833139
14161097984
24650267890
32345619327
2447662762
282474160543
6338792
4907163827
82403052168
102955901
27366743908
325550242826
3172762167
3194209175
66778556
6325434952
3485142879
27364568710
5561729344
385609969415
3645397010
151964751387
29950084563
261144534990
5567952870
1183244072
8652004004
85656672
714658861088
558995776538
3448535029
114044227505
27365943024
6317310380
2631768597
13709768168
10216053
143100664190
10060021538
10049773089
7603484750
226027516169
29949971387
6618487983
22625979614
175886490396
5562222718
7972
6864734100
23743236194
10111974344
34821287
3251714500
6182707393
3194206498
20277
70773916889
10881612897
841932584
6222135954
527992918
2310961503
70550223369
14662560
32004274450
749216888723
143174834237
270678067252
102953529
14641655025
29942235347
194855743913
394217484
1886482549
21907142256
47921428205
284663636266
1364573955
28948445639
35896701042
83418950097
10068514755
141087681403
18835542851
21457556677
156692316
13243130108
17851695118
69246248590
3413655994
75623035809
2312092035
52291728001
16331454
71847011417
32201598454
1721075
10085702299
80090958
10041812623
29951777681
1304013238
1731983
1136074707
10507589959
188712431026
6222450789
205425142476
173723053721
20090112533
155330511
80333961526
13239609807
42478567003
430537592
27362015134
209231444206
574096938
1146043060
155155404
13783321385
2194252206
1697095148
153048481374
20298000939
155114495679
733790356538
32437637868
23075966792
52168417403
5567102543
1377327269
139191202
72050455789
168770143213
13238902512
17354295007
114044502838
114179912748
85542803
28532098628
145295155
34300012477
27365854872
15536799989
21957913905
140322147
1888068585
86257655
374220821115
211692827854
191776105556
2931684446
36405189977
27363253191
177652462883
17852346936
101291918063
1887850497
94691917010
10451874481
16521451371
41532477623
86313235708
37536988796
3655700241
38483537142
153478164457
348041113868
81854653922
1131321257
191968687698
279782315916
102893546855
205191319154
749216740857
7375722438
18830591784
9560
557445502114
191249298180
1230721285
35452510346
144768792322
194845656658
10538913390
559843883
136401487935
102895724
6320553192
558993089741
4400867100
80222583179
10634654597
14666556935
34860195975
528936008
1573344742
21986864830
7486699164
2311097505
144146624
35813388
16829941475
226101648512
157595812713
154525004641
9987885353
132134251
300551755288
27365812361
19504659063
102953266
86245722
183163218297
28008864969
17851867916
3583503172
174318676042
104187386537
22211058913
50875847950
3536042202
3302225259
265275679
808209485
5707888882
10484472260
28802159752
18543809354
175805379430
24270695545
2325133823
3194174013
6321989609
28544492393
21043
71675039831
21392866727
27364538533
5561762812
856213320
1574793943
14594745282
101665887137
15536787393
225617013037
1128220442
2846953329
175816526386
28083830932
79290077
1820796061
31949497353
5567128846
1572812490
753442124836
176136854596
21530653
175806457847
13245065033
334588405431
80552136952
21932564920
2471679302
50875406134
1711403
179797751908
10367685095
30462462
144076861
7825514474
30719665228
127744995916
22321822643
78188506188
48161463747
27366681986
263445182
21880378079
2325232591
1188116191
44383014425
1715704717
10730272173
263782704
61853919786
291102083
203398350873
153302775037
62597947757
67250784563
96869609953
56323652
6864407127
11191690
6863580647
21999314701
184211366357
153762989
143874086014
1579547983
13782801391
21986811722
176130710289
145381029053
25557348771
32191260580
267012791
1685084735
3460074890
2632743411
7749189226
3655176615
270657008894
1375488627
137470508846
14244082
295000939731
28535174378
123066525822
78148188083
3120010572
10632657330
30720161613
114020452193
53061349577
32346036949
85700643
267031217
311861254523
13236805752
67387894998
10511996231
57004426695
16331595
82150425827
169321774950
344573330269
52214983106
360232143642
2409186458
29266631888
54190062996
162144042780
6223320269
13789723057
32905162646
157006893598
7372911999
78148093997
13998
13710669268
37564073268
85518144
247050121326
278586909685
2341683469
91177325
17354548115
328227337884
13234959040
178180595335
6339067
23572286621
1936431
447613457
21972456176
31975669
4450923976
298062524695
35171247
80278993276
95819112552
32015112
28797350920
328144215222
155154916
226312818266
225436730383
10558184723
114082548131
105124215145
816089772209
3312930106
15594866423
292436934
39377275650
50510095
54550425485
3194205558
1228959052
30747522477
19499758788
17005226908
175853174411
10512319642
157006891544
180
282476832380
92131787509
19535388850
309682124602
32345375061
20094951140
27365956361
6865973423
9175422289
10368035975
81762949
80363281602
102711039693
32428661
20307486799
173721031952
15977203866
204612483938
17006719683
91624873404
30633115234
22062275750
144835405
4468807961
1891692359
442175
6786170878
17035721835
3065827835
749217389251
86171825425
1579554681
346548582819
29948616841
14660876965
5567102548
300337173701
295425269
82402582978
825425061613
54550419313
3645443498
348128035855
175812725479
299150722970
9980522069
1185323813
92048363107
232479456258
16521444900
27364661272
3302105659
70514158978
5562275245
23624529722
19940730535
557137418898
9977683176
56323763
1375592479
29947977885
1638742871
133018777920
83468415843
85656942005
1291229131
16328348
169023577065
28740666385
36398665554
442295
67412257583
20350602040
752177045249
176135824283
144300890
325547897439
22880764266
19273177311
66638404
10632906784
19535388845
144147140
114079293047
46025631927
178160633070
264458803054
10367631690
144163911
291593639
17275496140
10632578869
263759397
263538287
13259905391
383881208026
9986472291
28554350391
1375375858
19399632277
285080445332
1579720588
276651922111
4702639942
2026560
92058698343
2311115056
286660397413
82183055478
9717296088
1684920683
856354062
3418799
13789475740
18829853471
4242401284
856269469
30213043971
10503025127
10256103111
173723043046
8858194022
155222189
14666901753
80835884
1539074254
93729052708
194845285624
263782129
131853888097
85539772
92054148389
6222157024
611940604770
611818012334
125944048
1057640326
559840841
35882005350
731189917
17987276493
10367675743
10101566302
85518800
121762166
35801207
159673834043
13620074780
139887355704
6182868799
58087755413
1376332590
16008970
15536625437
6260194654
309998409026
1131126973
4876191650
124527134249
17354446549
10060014156
3110782251
42493095701
273822044327
14584874825
96622443786
3194153436
28552627215
3194171208
56419780
20221310811
21202481
122781261987
198290813668
70549806284
5751615166
276448865876
1639282619
168846494493
176652802
61373555875
6223601324
1802828528
183590297792
7390633084
23624321335
309501897063
176153116856
8652043522
5766913356
6222215280
5674705179
32426721208
391249553
24851142414
12747667761
17007636858
249755291209
32675435398
17652733776
27367851764
10114553570
42479787246
375996937534
38991004194
87272361431
2603594112
991131363
43734615500
121807442
87925033809
226027062058
6307145
14256595
2325227131
91629026991
10367664183
4091797486
265101387
72034404307
35814157
556645481522
234180879939
213357250753
53224872487
156449542
52233966105
447691336
42480252990
1538763382
28537688703
21999178497
10084015854
68787887719
194848122815
518858451623
559827090
9984341669
1803012215
176141509
159595175731
56309600
32256452985
153175688290
5562282957
226027702535
279783604178
32290319442
153738762
545427204812
300552082903
22571906347
13224265096
6864130899
34864866612
144790673581
163612281101
16321418
175828126017
225617013031
85535246
123235384800
9989068072
2505676625
35959021735
157009044137
447853601
24205333588
90130914901
133107227834
938885673
639400986802
29949898288
139875376861
10368360763
154139435
22498955
66778534
3194170505
21392954126
16458010923
136720669556
3678885739
28573478878
46521272777
210421166638
2186814308
731882645675
121611108
56414450
55713836
173714085756
291339505
105505962816
3656089957
71847011294
13240325826
24272856163
376985645
86186157472
9712270748
17851662183
14256574
71877509683
749216777017
71979004387
48207327923
1132587601
148040899559
2051213286
14583818156
237452938156
92178164493
192267593975
123220096
70536685063
153778123
176660993
749216740373
122170125
121770268
326583213676
16521946321
17871898030
265124505
3194171216
510596031
21365711
85533461
20221540222
19298902086
226027209657
1684768872
825427385411
22868357474
4647326936
5708172990
151100789532
158098866518
35892611545
5805098884
430537015
144939373057
19491617728
1821656763
1230019121
92323413040
64765088156
284860746375
151724188925
132210253
61199195493
265391894961
176128799
182488515728
684907133858
2315365343
19287954958
10083328483
284663540556
747053674413
2195616016
16458016183
286274979608
230358762039
37306408576
121786716
4235964235
133425959535
527516990
80091823
264080466
23783614508
43853688261
11274812873
12706986295
122075856
3645314966
28533222248
20045206
44181460017
13239386560
1690981
16521343270
35891814897
153543380125
738711012687
398053280957
311951526296
73747537028
1806794557
6663359025
3097830686
123151656422
5708658805
373295626960
10129930133
192706289680
32003776937
44497803393
168770189865
10037147650
250619320206
4702884491
79449362
222470993077
741372146
144
2960669854
169023440545
1994305414
1873690181
175213041456
1970137689
33179447187
14662627
91176179
2118785911
264459186075
175281235779
85510669
189750638373
121824482
81764888
1685005900
28539639442
10370603210
153753976
28723268074
21072262
2195423814
5418701199
92042024757
262375161858
45463035699
44730612
28961234565
209236694759
91140581
80292573
19368839470
715148228504
247056592581
5106752060
144163567
287028907897
144788316704
205576436505
157006893599
5561892289
33154391584
5708694674
106049765784
20221881546
1684865920
21116699
375997374097
4254125430
144174084
21990833828
1375966047
176128818
4902985290
3302227790
14671354319
21988026793
527526925
247332053251
21219862
174184355534
32301693971
20321350695
346547386103
4380
39033246662
20058041
96957320075
449977359598
183160544156
21939907680
1187904397
23235369395
6260369216
309063396923
4234468622
31980212
70549858616
275187543919
52215357865
4082795198
33368166908
9984308755
34197583941
92357733
2033521564
527520577
10191585998
175798234142
28528812281
231237375595
25559684651
274867625
182136312322
377044896
9978721551
226028385217
7390402375
226026561822
22820969647
752272966693
1887851820
218736276014
34207829872
175855788013
32442849714
17361262001
176153116825
18826600310
144717006
21457832273
35882146929
50874089951
6247021252
27366299861
28542530370
559843912
18827869219
32003698375
8663729868
10511909860
2958493876
1639732098
34742035434
61192945862
50873516738
211276682063
430513539
1821856907
3655894239
169323849882
66619105
153161560061
144965061314
17889789381
18826957947
6176683128
741553314
247764101589
3110716453
220702041221
10367690920
16321424
37565069106
19491376743
40113367447
5638586738
3514973953
41533915515
441340
19504163570
325550127282
230971546608
10518182053
194848187380
7256954694
183278050258
20320747258
168770268878
24205371389
10203771271
178160326402
14664936827
1416714331
225928143696
752178363325
17007335309
27363745068
16522297137
77442774614
21959616028
2901076094
23749063672
24851146023
21504189520
349461769331
294975007870
19369718941
28716821427
234366186893
169023680886
6221990256
5774895390
24073711920
86169784684
30718908567
50510889
97463492750
20299240285
10369028110
10503028866
96961511373
1711319
856491484
66618602
13244789531
33366604837
10621295979
153753996
288008236032
183160545352
1574304477
687027948254
10031222640
125894723424
67891901
28579589390
188734601985
80363369748
31483789357
86694085048
10059953596
325550342583
1572298901
346822841695
2448204178
1994246620
33468282226
3194174279
140427370
149988972569
16522115016
376470423391
49685709656
211277866423
17007774701
278586990371
3419559
232104578492
86871004902
28723536907
28941604756
265206946
92440942
20021025027
16457823261
3194207107
445478303502
9711944898
291382354
138914656
2058771713
144836513
5067559009
183302173603
257874044595
749217690406
1945125302
17005331231
2033516708
1721017
14671448877
507358481904
21806910816
41487256747
21937972856
4298893857
12192571722
35892022621
21921441400
38976823854
300268083388
49089492836
2033522907
24271624563
155337850189
17851907588
198552690075
56419620
14113279
10539036006
3194172610
28008629256
67891884
70609513474
24650038947
153048823640
1132557586
32342702113
16364337
247049593462
91169225
5446103
168769108436
114179488945
8858315962
74464366047
157828757886
20736652
176651976
1821946060
1715002125
1128891702
360238111049
10222353
144043709
272290781375
35811046
9981108721
314304874265
52215877196
144128231
583601549809
121866255
24851667718
24851301476
10879537475
6318221968
50509319
28715601987
714565021545
144311688
175797625022
21937206198
247054088759
10367611126
148179326870
47254288010
144281646
86118618
50781055436
218662835387
28534143051
3645443078
326353528
689477249291
56309838
37342277114
731949294462
398045993344
11274703446
325550146575
85510664
91144470
16210794996
24271001690
348790433707
121985618
180399252797
122
155293623570
17006624930
52214435941
19491456419
24851172316
372522409156
143100739919
34850674332
27366930810
19371123814
328676673
18540646018
10115570737
194601609355
8792805
2471707840
43999506161
27357008124
24852048570
206839531247
4385868294
29178822711
436036973049
104795512583
20738144
10369087361
34835409365
2033518921
85518317
28539824051
32342163712
2508252671
20664393839
6222016320
8796915
91147541
142334691817
214811787933
20741520
19274262079
1132543214
80222931586
18827245798
226027062057
4459153593
7603483146
2472058673
5567024421
142417334
169321712253
26100272
1892010115
86191343318
168770167416
308276088090
149067751510
20570239653
5752155233
2255651016
544462688708
284859936389
2362635549
147153640
21393708437
92040190892
13783173425
10059983110
19944636098
153368295515
10105198772
6328782090
30474126
323433116485
9177119180
114084223357
6864713167
39672246398
5708117648
2325131566
248418880052
30728659082
6338931
226027684121
7705
80681771157
10557390309
14665387311
174731404197
252609466272
13224141651
104792275449
53581836920
1885481039
749693652863
391419647
247054311391
16458034121
350475316702
311958517668
329869824
272347276187
7377483901
5567821866
102951846
6265319709
53225160733
5768144803
50509205
3194205733
33687033701
183596574281
387801035454
34197604023
86243479
228459982891
196859887510
27366634236
1970135824
5561701493
1579892263
234177386382
52731755907
6863873661
3302931207
66622492
102894724234
81758000
20737076
693922407
558947403693
28550935956
53563638794
2316182388
21412020
188734714966
21888792101
3513645155
11194632
247051694031
749216777025
1580145574
73149291595
145121433406
10114483161
125929559
5567102546
1129019728
14238916
442287
157006917100
17354496989
104792555327
19376735537
3194206910
3194171179
86694211460
19187030122
21885522965
350709444773
159655361756
1579752624
18838589688
191825365185
2342919100
3419491
157009044135
14581696321
326309513
1291191556
20053831
50280110740
247451109355
856351460
10026448103
183405124802
300335661627
5609190599
1994670067
155155255
1132608021
248412184847
10040082284
560027565
136682437227
10634831817
20736637
247338113073
1886382688
22153134576
82402847362
2357448313
183161720816
82164791749
10040333831
136389892417
560257190252
121771205
178731271899
263461069289
5569319042
6262403203
856281218
9711988123
1187748458
3648198755
1511113985
54247817978
1230159482
80515777773
10367640233
10367772402
5570771451
45466544833
21038602631
8792899
264459632873
35871700123
211277814667
64016667
67551064209
50300269107
192287762404
271810043
19504004622
17171218252
21947211443
260910325660
52130032926
178304318110
10367659705
311870549339
168769100487
168770210925
32253392954
32308056
122181827
741487933
527527598
6864169879
144543438
183224300223
15536576278
731783195225
19365232723
169171587533
24788418801
136361507483
10114222137
3077700167
66623930
311870688386
376482633864
19875845169
153207306125
2509252631
16521724741
1579503359
46509957393
129584151988
178712523551
53220123045
27365864196
527532269
1128984039
96499143956
24270683433
141271109687
749215115892
204359352002
10367676333
4203722439
273480517744
136333055688
45458492525
283121954080
165390117233
104791581599
20967726
36350081685
52214100087
225639103298
350700143873
182456502290
2960875737
21220563
3302442552
13875523971
262422075660
19369628990
558984636098
1137986636
7684
756128222317
18828464669
2808166856
3772133567
54191904574
36992537174
13242283898
36342733295
1133017161
9381003
731967973627
17360198467
16207623903
11273134697
6869932204
36023646
4245044252
715084239130
96921797251
86200785144
2324853805
7798687413
9986150879
19504816491
5806944815
10367641446
28724034747
52168044345
68671286457
93718180091
157004849116
368548488084
61198075678
54933087813
9985755483
24745860188
263475283
64022182
1684792524
6264074998
299136709615
191404047008
17656871016
143071466944
80824342329
27366391328
11274745509
174856693949
21578586
52215954005
2341743051
7390632216
7367742917
28089830781
2673089042
1705991009
327570591050
261661804142
35876024608
10032052186
139954422
35891547101
18546322578
155402426
25298349293
1691914
289988156326
376470449617
1579783124
43745356506
11274756713
799593789311
154062500
24851123359
23782901317
4907112714
312022843012
70620014404
3194133912
346548741102
191919311794
346549809604
6261953489
176130755836
67389100734
13243303116
311871027900
82164602707
14638548625
19942120586
7370582644
2114615086
121775149
689474384182
24851209739
172644344830
10468768163
5708687966
102955903
46533996589
80328719388
34404310110
13245103260
282474389902
17851695120
4907310966
20321131703
23749187184
9991983065
263548991
225984278112
169267513129
18854239805
21218152
102892982852
24346909387
17005441412
13242042711
25557602865
61197792442
236557407471
6864798137
34197944437
32206422014
18846939270
5575992716
174729367975
19138600168
159277706323
45460252329
28730390261
24208634463
240157388414
749218091865
24851477291
37100856445
168964323691
328292618330
35446480696
122094589
10625429834
196859852009
3302105660
275187530610
2533949974
28531752697
223540921200
86245670
144778495
5571070020
18830988243
33375504707
219366054
92159385452
16568729039
2324865709
3418755
1822713282
50287888906
2315397060
10101005472
12192977078
114066420935
263618472
144534941
430541470
308180458379
3195368346
10473160864
92030692692
283941966769
226027671122
16457982633
183161720815
18544462410
19534497035
29954339851
5561768274
164170987721
91052626
10039910272
57453602324
6177409243
5777269366
19369711030
19298894379
6319318040
527519320
175833321296
121762738
3647946692
183224300730
14662292
10084453297
282474200191
144163386
33372792961
7367471683
22323199872
5225327705
97308097335
182860483662
3531554995
527367169
6222099472
91181454
18846939269
36221284627
33468074468
211277891711
33365296363
91180434
1230908904
31511587637
114182385297
3074846887
731308502
154170182
3656080592
141316498048
22083652703
321783492142
111853453455
263542329
29946072192
17852346934
17909324325
546751633267
5764492921
21284322
14671281859
295258352399
13240417603
32346295788
856238038
261662567435
6321941176
2325194217
204595794350
80363281773
1711437
78148030072
35876401114
4242567067
79455772
2033517235
206797351682
1230213870
80027848
182484461451
175834934496
10632579963
1970142170
1684991573
61378780148
10503649121
18828738078
19175557824
102895239
96038144
183162900007
251354684343
559943613
10367652077
2958223236
176660746
5567886634
10216032
104792344444
176128792
92054628892
19535315908
2722431725
19504620925
51398243182
175787683989
1721023
23744670420
423764012927
4241961575
2450000756
7486680088
176132796378
6863342996
45458405738
15972641756
96499012213
27366513479
9990350961
28081946690
10101671434
829418346
6864296138
6785978292
52214737808
160703508099
1510491900
5561766869
59504105173
25635473437
175804457530
154536281715
80297738
16521725877
30719337665
264458913588
21178088
102892375
6784982724
220662119
298130731646
234367869840
176135766
155165066
55681301
454259765136
776289767481
3655768933
28579805690
14938472
6958955271
1377940832
123814626291
175853992299
181931418421
460409750082
184196269619
16457446507
196870156821
263782128
50290124924
4297424097
825424612885
189743722717
35811091
278666101792
24272911781
225368662157
5708658611
2448138632
89101385
123247874
34525085477
144766804
175835473752
442134
1132641780
7390465292
555262565403
3447947365
17654636142
208986372384
10084805954
265026094
275001545367
2832891935
19535555229
144501718
23624114860
3194206845
10367632515
80324047247
226027209652
20321115682
34243372190
178179395288
4702851612
16521989153
228158821252
258517471992
3194207661
139250541442
744190360434
6865485350
206701868916
114254829790
196875575458
155225547
19534510372
20726602563
651717677118
448462451
10511922710
225570988214
83476934045
10623304755
104792344449
4912943161
9374383
48094311084
143921517041
4645968748
78094764383
16457409574
20144081989
81758815
3074883082
3645344028
6263334973
7390471500
114046139140
66624893
35891820670
288079190988
237143507609
68459251460
3584644578
122115225
178731271900
212073679021
1416483603
6222402189
21888715157
219966590413
1129983321
291171499
4242466694
44731958
1137426877
19288319322
556762086484
13235426129
18540967987
14801965226
3678203097
103068712
16521974933
144961046893
32206554786
43128840189
17354117502
10214936
91151364
373578439931
1133017825
233938181229
2449474035
27366438037
19534228278
220665324150
61196269835
20309137083
3645443045
3645397000
19534497036
54189501963
3192641100
3656082372
376814462
303304689
5561754046
15536742368
10367666362
121776995
232877287186
376036691611
21987067455
249799145339
24198785345
153255643649
66622473
183160396213
4242409992
89685899540
102962963
50780731679
34788901
41900042490
2033522324
44794036
17005497253
2341676498
303467300
10633962660
183226304268
28533535085
258517505179
132142033
394311042
42494087702
144468012
114163771597
291258583
122977037165
10632706281
144835124
165391691635
21937037266
14666556934
3193865911
749683425028
102387079671
155599812989
27364813613
2846962752
144761732571
79383454
28939479870
61388892290
35810799
21917741406
10124528869
225677122300
10368065109
294523563
809770459
260918778810
4385973566
6321869546
27366890331
3647509008
176128793
86243677
42486918364
1375614969
732033066533
32584205114
263275614623
514337817
232007469379
184091475626
2324871463
17853827021
273552846428
32680904624
59504112079
152697525867
5609318378
35970959997
15590296901
11358134
35452419051
6260327019
114069102817
211697545957
351953495782
23859288687
2033521565
248861102817
19274600589
19882631747
10553328742
10100335470
7382105856
19508532287
2195773661
1557068336
174865953504
18830071563
16457677750
55707591
44001189758
211278902061
155155615
21284292
172680078395
25205210760
104792155194
133428979908
9177208409
28537704142
1377119344
30732820087
24851660090
263618471
17852667460
168946644030
263759394
61856040746
755581450458
3584262018
176111647268
1231025580
188393825632
10367664127
461485640
749217024634
19946356542
30723571346
144767835459
102979870459
247051649965
292590929
27364281620
30631769276
10367641445
175034436681
271248366563
3645443055
336549780514
265308331
10367637752
17852346932
34291425427
299121160657
263445398
17354445295
1131508758
159666717084
17009392533
4262588785
378447004
91177328
4235958157
1994866381
5768102845
42480771464
181798068227
22319986839
9711867117
10114555964
35452816464
153960164
18539191076
20654321785
19535210725
19965544867
8858319847
23902336784
121777878
30455157
144788846069
2315394490
133106429311
18827172720
64955364602
247449810245
328716166
4203727272
33336820517
226027218890
258379876738
30462218
2315422519
183600827562
3647828289
16522221406
20143082984
17010618331
4242483639
123296124335
114034785795
278587095799
27367781967
346550820175
210930821030
557654263852
466365946
527519499
245865925900
23621124381
3630558286
6957754857
155164274
20311134518
55676560
15581981481
7368510255
21987017765
163610614101
21307905
91052538
20303339588
23744632836
19504840341
86217276171
359746549488
10831797728
52166715375
2315427972
938847645
2333844152
299136218396
20736607
183160580055
6265192603
1228656053
2447679568
30212343269
172920879964
300551724454
6864056382
1461322453
102983445708
21919957826
222049698555
3582403410
14243669
80281030059
559045835428
2319486823
227267533584
5561730001
80363589375
247051559992
1311160959
20879440034
156136921515
1231073470
13236511018
1377596911
86181399982
527527593
10216000
1886045895
12749983782
266821416
72280704016
230979273764
2449425155
265124676
230365790472
194848201332
34903233134
447962334
527985080
11630630701
104792102076
228130105083
46530299682
358271833523
39032384504
121753687
5766724322
11273475878
34179367
231375901384
3584386266
144290559
34293185509
279782326447
232004246421
19504978077
35970652773
14971303537
447672987
114240041571
72049654908
144535066
206703113658
186122392629
856526663
141687822051
19399895605
11191278
77953197509
14755227303
6620449758
31511256953
178731414506
47910407371
4234531895
225960208179
56419883
10511922791
28550971472
286571136371
3074790654
10879113025
66642555
2472207043
276774781173
5567347861
5575683254
21110703341
466377914
176118655566
175789096469
93751368703
346548464900
91176194
1640685950
17860291302
1416506099
80085955
87028481984
91998656935
140347436931
169321841203
183282075928
27359527337
2832904059
12998717480
191948454748
856382012
557446497574
752178228484
593455292665
17360871551
21982630181
149280860658
5675042147
8663735514
547925748595
213355951876
85663220
17007004122
332685432358
17909557657
59504063919
286668606633
49138046699
19274600593
22198478535
6863709540
55713880
32189317183
20305335930
549323467
573125313
174735746644
144127844
20320784600
143099099981
192287720581
85537023
993224317
30743838016
121823964
72046836315
346306959914
96915341328
16123975
24778982122
17366659624
21829231014
3329530485
651717804593
66778693
225272483680
2341764154
159647642533
28726798655
10881337767
5418682447
27363796528
21531938
191907253495
9716301797
2500114664
143092139267
143090536451
259056770138
10632578367
144345927
731247080
251370843919
13802574616
20644427691
3194099726
14754829059
2864408600
300336990941
82402350824
136372423523
3561834712
154359116905
34246234732
31985406
5807206405
17531292168
177210059856
219472718
10367664130
1713317443
155598276489
6264661919
359830175331
28964045080
1885612140
6264120815
36353742813
4262335908
13243855055
1230959786
75370836
20298553223
6871833096
42839091137
5561769716
17852263066
10632577930
328694141
91368972
11342084
56327991
1137442446
35970995774
1579704118
10511958641
278589260120
560209440978
107698379343
23791330300
29179338431
183160578877
70609095181
394520879362
86262779
19504570317
4337372937
172721102230
293114459089
139073258
378465755
10367664362
92407528
528493403
77248386973
27366563581
104792376662
11275842673
178522155432
17411901222
27364227405
153551610770
27364596562
45610479834
2449628858
17354479840
102978417
201
22083421609
11274735177
284663704024
42478167581
114094470810
1685029407
133015994365
749217024636
17005681781
197117960091
19369810273
113696891981
8857963086
7117350
28077714339
20581712943
194890631043
22459238483
9999684824
20298103718
211706206740
16521920653
240099049442
168850596760
14108178
52177513807
64021750
36405523317
2958224473
10084832826
44730607
153737122
556677463692
17598887892
312022844718
27364164547
175786408221
27363820399
145703282645
17354272818
121606747
1658974913
348404692415
25345569968
20053446
21412983
152875455984
1885864658
291176998
17256077433
6319225935
27366634234
11275635794
17354352220
693024663369
2325129740
447614054
178255558384
527527326
144470090
8215193663
64017326
41535636831
20736704
2341743050
20290665818
300385256510
556952703
211278938092
300551724453
675999484511
61205074327
32202498922
346548650021
91060832270
188734630999
165589621475
20736649
5418732330
4242060037
284860789506
197422667409
21204373
81764352
13245051987
58063846700
3532080665
10517787723
378459290
10503051798
188734572589
172917458797
1579586077
24851754756
5567350301
96932671587
335587510309
7372943762
3302091989
194845344872
176128825
282583846259
3656040380
10507547302
10369032533
61197142668
8792872
92418577
2472195298
27365335620
52378684125
28535028788
2325226939
129877513692
749216889157
1573259479
36652132726
3645717241
2931666647
9987425255
15010
32025752734
153777724
300335532393
53227487426
10099742379
3448220134
1378378794
153941322
507361709056
6260830772
153508353076
27362798367
21737288483
3194205598
278586938355
312028232902
856264443
35801235
1138379703
273553107441
1513015950
21247440
332156275324
84688048240
178164911450
5571557036
225227296745
9377926
3648237239
25559606634
3424241474
2312643574
23859592832
8546333257
5570166922
104791571898
29942001185
1572232954
375996998780
121823996
28540864166
46520727477
10534795314
3648198754
652460413742
8652139539
34127142614
3374526291
41536499298
1579782933
10367689723
169233926904
42487382214
549185779
114159365244
2154534074
9711944894
749172805325
128427184720
2673081765
639853131160
197665067829
2449844608
144216914
24205433283
20321131704
20308103772
527406552
1229292804
1712894708
121611105
781104637740
153951051147
114034807294
21737648636
153989195
32418924159
662439789903
16330409
7370369157
5805667257
527368271
263449049
52332399709
10200851122
20142953096
211275582036
67374954405
153428711466
32031756041
87805664512
20968055
20309839548
102892137
159640068810
163359785851
1659761915
53225136932
42839199345
34155741
2315526789
555944241
19138703529
6734992
76418301673
7486762840
20051625
19184344347
16417091731
2186882208
10131299216
10082743888
20090062858
3074761809
1574486030
19289094192
10036585338
442181
123274032680
15977826632
182437100548
261662790471
3645443581
70609014587
157292623
43732114494
10563004677
249695880966
277654301349
11339058
93472806139
307567034129
93007775
32344510799
4261793230
311303263042
34197644418
97370624684
30457277
17017315418
151919962
5751611133
19311289035
85701827
20748
856491486
80049611
61661228235
85511116
28725869957
136347127630
21897061857
1374479
71847134273
11181718
9377995
2195713737
154103240
4681724435
5561767125
175797872632
21412012
123171687314
4235966055
55648256900
375997374094
197934920877
247837774008
29952614188
2931678212
102991399583
4664685237
18835243750
512340292
1512972636
36961301192
66620103
210000189426
282474200193
476462142842
123290249390
1821740556
18533775220
87368212437
181556399790
324764831632
28797505061
163359948405
689497263729
5567544983
10359263092
250623092150
263887136
34789117
28083821258
121840673
217902582
42841195433
28717238903
46524183487
278587115572
13235590098
168768077279
91061614
196023505331
559943660
205563397608
155297814
1994784745
10511923968
453248845
226093597439
591362448454
10113931510
11274230324
97192717086
3532027361
151929022
34196931084
20654083539
1557075638
16434861380
78094686850
5609072242
448342490
78148213706
263475210
325058641352
378225602
218174121115
12746515759
309998518383
144794591914
32023722684
28077671998
6264998544
13239395269
587218435227
23621055528
205191019030
10626367394
556677157006
9377743
175855174503
24650454102
3194149882
30519653183
6265241691
250931518475
26341394430
230892695476
136343538498
27366647637
49020203664
25334601331
174867160902
27361883293
573082759
19941350370
18543154595
183278069621
247673596656
24780194004
187940371772
1879606681
91051668
75623548436
175888531221
527526919
1572473678
14664936826
176647651
144076801
216224393158
10368504271
423755658322
148413841478
21831532
7371739369
121753551
5591376883
19273212708
2072715915
19491726644
38976371565
162104098767
3656078468
85531677
266836904
35892349908
44731790
376490717198
19369628991
178354869293
169023660299
6223325003
27367752886
263781276
3302143297
211194552392
4755009625
300552087176
2311363121
34194273668
264219966
178304388963
53767325063
179689727729
20090015776
5776113463
11339128
121962272
5708659110
178235470451
11277152187
10451367733
430508912
29947999182
145215441736
6223215126
153055201919
169321712251
179603032451
35446178411
28008572904
13790605126
206820709347
56419938
32675456646
10093275301
3585520827
23859530118
176136865999
27365849224
1131112478
30731603442
247052951609
34193860669
856349432
30721077804
259857648737
144938343757
36398146848
9717309532
123281486
373578599193
136423503191
2395760823
102953560
459453414786
749173475949
55927107884
150827547026
556318808
80363549507
155665595709
374340401288
36712292
300550582875
749172562448
10632657329
10042331941
19274417929
10060025832
2449839289
21524972
13604234282
34194272523
1416768756
102894346376
271759850096
294503283
374228892661
373215911540
2171748832
19088319516
788041349
17645595189
28549525301
1711323
32203953508
42830596452
11350169
938982169
178180775985
4808739795
6620466663
555087746
396288451255
1538763891
45425334477
1010122529
144952197933
27364538534
1689100499
144165070
21411364468
19940687776
27367203156
2357094728
52182393037
34193113978
18827682433
4451158068
183161660118
269815181123
15536622440
19504840342
55707451
1237269737
32975380873
34821325
16521804229
2960875736
123197714135
350806054404
5668806208
2960646993
155298096
8904856
20046542
153973978
19505086000
1129019823
6265011939
9586096274
157006933848
10025232653
83418715975
209998159697
2472095170
21937557408
19268873949
136361581639
275187663007
17645616687
15967684362
4241914585
2931709780
5454303
36050349470
31511290196
284780887136
8663930284
28532168328
144212875
217999500429
174725722044
4914985907
153938896
183224300222
47913426497
10561926380
287665018397
1579500516
149
3251743693
150946603718
191912272380
378101245
35881799493
368330208971
291613385
19940816385
19269078700
264299250
265067265
10379814788
30999435687
226026898836
346548767150
178732859720
263445030
16522126178
20583371937
2281723423
104791871219
151920004
145023119
287061039408
263850930
50873844569
266836910
527518640
28783126151
178715968639
151061063810
230433858062
1684834225
10038989033
10623306676
21943487131
28800388080
291562291
80800401277
19946644640
72050436730
123047508870
54606281513
33399548829
5720914493
1572083772
2319457302
93729079651
153313821801
1573339537
10879537477
22704729650
169222023640
39376905681
131855784524
192234947976
121865735
66619582
150568149286
301134907
299103046363
18829852364
749660244733
78148038816
131851586066
13235514853
169321847196
155596595780
13709943998
17792459246
82464354
70515590928
153432761130
348842126881
10060026389
192364016
263445430
52110011179
39043077424
80091816
4235894228
13802219647
21894215626
10367689377
19138675499
85509599
584641973078
2335861241
20736695
231750816563
4878827134
3194173244
30741788937
37564217710
144127948
8655163284
503182262843
17377689713
3914514035
179055994221
211631862828
2931585152
175906773729
144072522299
5561723656
21937656920
34736194519
46522941076
28799043695
164173424557
27362701045
248481148398
7378830787
154090164
856213327
2447734644
4907131302
5418701246
3655176184
79260306
2325275394
16458077160
175828395885
10368977521
4536910277
98112698478
2471781949
21990186276
13239405977
3678273287
19274283237
2311590792
67389956024
351507415067
176132796390
33354860960
121958711
263445383
183160572493
217688120
549214302
27364251538
21936971826
231247140914
19875296589
209229352409
12896347788
10367667427
17027412783
17354543887
1578186403
10879102959
274106465897
46531895199
21457743141
27366871239
34107341124
9377692
14244287
1377220963
52215792317
546167855051
3647828282
24851241490
225310597890
96614981876
286055792441
474136276
7603482825
2499839746
5567107523
259065338485
376470413616
19138459483
61193973225
2312117331
22084297815
162089339759
121771203
263445041
20290339984
291252887
82163318028
175859418119
19536042072
430535914
28534647375
559937649
842025794
23099979028
559005641440
470260270
450650106
3302931844
856350963
11277152185
86257077
81756698
13260167580
758332890159
46519447955
33466899744
157006884046
32023085172
91066733
21108792756
6263982930
15536750437
749217727911
228130612277
18828525145
10561153612
24851626901
558993578445
92431480
1080867
17276077939
10367665781
10367637756
373216050541
1640213802
245012510183
16521804016
2448544278
4277588357
144916226079
204359304949
13245558593
144461159
376470580876
10632237468
1510866805
11341286
263445336
28708044543
4695876186
12747327376
250621666398
11274118557
36858708227
93741632639
159683897280
97471547861
205366775833
8652134108
19138595082
1230983038
32348800289
32351835413
10367687411
80027808
153960668
28563471648
17375922968
28716818750
11340024
10367663827
4902953322
4459219575
155154917
183351115226
264459382988
206703243304
350714715545
21457779043
63663539765
559780988896
528461672
808331155
34866729858
36406360629
19518726521
10453756643
2311237424
91066724
10379807971
34016491391
237233728294
3312617609
36970668813
13245155848
19312358240
21458151198
155226730
809375302
103136108
324118602330
13726583478
261177707300
168916956315
31961656
13244926174
1138122518
247054309618
1231020534
3302800630
3194180054
32186575457
204356846665
22718569296
28537371442
46521662092
424151069714
85539065
19274941883
28545709699
5863840301
144457398
22709493949
32345986617
20225725216
1376876791
183161890564
5570703001
2448160093
226326142885
291104695
300387527279
10025078282
4242384879
80215175222
5561766872
183160564464
24450504152
3374416606
6322811440
34789966588
10367675755
1230552489
16148667267
181931418420
17851166543
749217233588
133108995000
247049576852
19167829179
176653352
18833062244
11339921
13239263322
183160372288
749216662082
7369066679
284780887139
13710563920
66638409
4242404934
71978095956
447680998
262936140958
17008955398
207761868721
55671502
179704074881
749217281417
153942170
210002253453
715084278064
3312635935
34347712084
78094733731
144222846
160506703780
85700427
20309291706
17793806466
1375388634
82056858175
24730638350
10562677995
2022678716
304564208
263527136
856249321
24851227039
17006120167
70517368289
75624871932
226026675199
3699657813
494906624
24953402315
21824879982
141867489463
37816812334
205812846
19505086228
155296629
153630003810
66778629
20736941
5774934907
21391780880
122048930
24272392537
91133666
59503051439
144457399
4676378248
10215047
191925341336
13481711205
260833689284
10454135107
91076749
67
1135938371
10215902
176178254802
6864026679
5708105845
6339246
183351099173
3515218364
10503025124
247326501814
121770144
122998392616
263749436
19504163569
3645808887
29942800530
29762313739
82150414514
157004854555
17354231051
188734735335
5567295106
10367660414
42488453215
5707888151
424095148696
92101747826
5708655376
27356927703
74094444
169665125055
294974857659
144165069
174735365687
59503526187
226027703933
1572821519
856210977
36050251824
1970135608
80285647956
79455768
92072083150
225381700417
16457677795
311862645931
1080065
20737082
32187304394
91063938806
7910290248
43741879205
54608117022
328995521
449288727305
1135715408
557462025390
378225971
1684850555
5713571203
34744880375
31482197782
13241875442
549185816
23744624134
19940737495
559854829
275085911827
163437629845
990978294
92053108349
808189098
28094575188
210002275752
10503650274
143095591002
178364066261
6222590749
4458881207
46520831731
82174158195
349125379761
24851454426
31470213
21999109955
10367640224
10383074743
103054555
122210094
169027709085
3647926838
35875688259
24788652790
27366838014
311951318743
114174986142
173642418828
264242447
16328291
91182642
3655060955
325550073275
174306628159
1659509241
104791450687
101665526060
175212989710
121632436
23859461315
3580689804
123278530
176128829
145453727
10552754791
86694211459
34249337411
10368075987
749217933412
1578989065
7793317672
527542593
1131083273
20736898
96917031492
197890764368
19505118573
81821302050
41532745358
5106808819
150691959524
72042144540
10368481391
14140733638
144455899
3583081025
5460085
8858130283
2118915943
21482060532
2022673106
349459743589
276226830445
17853089745
10060025834
9981778623
143921209695
24851345788
21457979555
24851222360
33466994099
4262543399
44505828796
4459229775
92635273
85724988034
17361073871
21986632861
346552922315
5561783673
155134853096
10367664188
7370191672
14662327
85512226946
43450923331
225984278073
19274358202
273486170074
28554042219
16457584995
183160453241
13245093399
183359270063
264458829361
1136346838
556318821
1375375859
300335643786
1131083501
1684995365
165028556863
1887951219
179344292687
328990780
104792809482
6864600204
23859337463
205366869803
442074
28533880157
183160480139
278589260119
3459503552
389365914
85518138
273822044328
715081284828
2592429687
17793770437
24851251120
4234559475
1429604516
146
351951424016
300387411035
181803435583
155114432215
3193931855
10623309056
708616357332
5774865501
10313274676
36920071016
4203715859
730707442626
10383614961
11277761313
247054202494
9712730843
752561213039
16521667840
300337185127
10084771011
18832752134
43739901756
19373080807
32348264213
2132028658
4869802276
30714133932
46523326324
22059913354
350056617067
2310535734
42493733982
93718184163
34200820081
154002479
507395020203
24271109831
3647828296
19492116583
19946336860
61386993787
81788845252
527812854
13240415104
556643906832
300335532392
376470464714
263850926
18826597676
20581605648
374913187
80073491
6863578970
1377323905
3381786548
13245204348
45456723022
3194098320
201381148175
7991
24851327262
24745690797
175883731447
204612578342
80669721031
144218227
351484549625
85676888364
1578781896
43737138275
169593455781
71843098262
157668690925
3459813609
32433727760
1132564260
10369106215
2325212478
4680399986
144218790
16458020816
28706914053
38195726737
61197321121
741550196
66620600
21889415807
1800217134
28751981330
153602813
14216192672
176136866005
183292099086
21996948012
247051560002
265132059
468181118
34193728012
225272483678
8663781957
225639103296
175835725383
17872828401
5749537889
7235052964
21214365
19312297359
204450834099
46521332097
1538643946
19138707930
10093808931
92345861
263477647
211278907657
225368662154
6864732402
279782387713
28708770944
28797538744
21038743745
27366538524
34202972462
227740165082
1711424
136428273768
1684859398
1229607753
13245945065
104790977218
21391265491
17360559938
326311043
183160550681
527516997
348860093643
3535989513
311990321723
91176195
312013920473
3648139341
144769535385
105215165715
101291898287
11339052
247054160681
4253857838
1879563133
34231720893
178302215316
749217279901
284519637237
2452079331
2960527509
21814903
15595723944
17782093054
752167607796
80370434195
5713725083
96208213939
13802867210
4905460569
86735065096
61195084237
7740604
159656565474
1080234
1188082752
1129140255
50805719385
276447737393
10215052
263850932
1684991572
10085725062
1229479341
265254860
16457562669
121824258
163645854024
14245665
70550358198
1135238167
666572386970
265087950
157170751106
328114800451
70550045285
5418715558
191895111040
162139957012
10367664355
272560492426
1639113844
46520491893
16569205750
213228434157
10368505034
21457584854
34229529782
191960644875
33687376291
23790591199
5567134348
20736966
87028506568
6864432305
299140130147
383868866699
80086593
7755941
91066576
102953559
67389005592
4680400002
34858170106
261774373067
461280340
11274015425
70524734579
81817161541
1579787347
188677597785
1135708392
136347734514
23783614510
3444349353
10625477511
3194066530
278589298195
5567107759
2557080840
2189981490
263445353
351503385125
61593030359
155288942
46521591595
5751610986
10379647330
57384692245
18829181553
2289448236
376470551808
159383918241
11354739
4271773588
359742106007
284663310270
123365363478
250598591134
266534672625
72033815636
6222479864
61383532193
5804750487
20736636
102895708
3194178084
32584484895
20654140173
1894258780
10382292183
18829865593
300517976790
3194178075
3219877813
31980252
13713703045
247056678010
1713257708
1873727138
749218091864
72047317742
15582347623
184098320168
5640941846
86333985
5594883798
15978320377
152901291599
350761015882
192024929179
214488575215
182468312289
273822044329
6193268293
264458960631
378164657
10206981540
53702387476
33373009858
10222230
4878453765
10632685399
3531069082
87026420530
3448570883
442349
176443994
24271077807
17020495767
44730545
3381386261
80321286561
160122957459
16582720419
42491218178
6182886298
1886051394
211696598294
2832899254
178164821944
741406825
359819475669
17908965558
24851251113
28537509356
2931556573
19965457705
32549519807
285576662648
6177325151
45457251197
53224984472
16328627
378404378
93738500282
151934083
182475319898
715222050238
61209974814
2457882573
263474099007
1684781776
169321752438
6329620820
36991644102
84684827938
11274089607
29951669807
5751807532
33368413040
69034471956
225984278077
35411428791
154097897
20826036156
151848235
16666466485
32344082451
121738430
12998375040
263784077
19882909429
28498018875
6260271925
6863546224
326304827
10194841816
1132516757
18827811459
153734363
5460097
11796804
21458007358
36706266
183283077222
6323119080
4242384878
378445528
24851429512
4236222194
2932118717
20737162
192278946213
292600372
1254387040
67373690340
42493387525
3647939758
350742542002
28550714737
151919100
6324551372
856349439
80561242546
22319511248
6222933812
34250516194
546957338766
247054311396
4305216939
323691373710
225497760582
79630364243
21220561
52214737804
20064152
856269203
22151893289
21284319
74094459
5106808480
56414671
3668152001
37564277034
299137856353
19965039447
8861596975
2449425157
20089906656
2172492494
10068475042
28982984894
3197943065
44439037152
730693071702
184094615019
172716081092
6188238098
28719095471
225436730387
1364608769
55668768
461960631138
28578989831
239943323393
153929659664
6271486939
1684792345
1511050053
10881097258
225898135856
145
19941187237
291619876
85515613
1684938655
15536786528
136365840967
3447442239
285797115659
806676780
2154913146
211275472934
376470464709
10626841031
11340328
1375623189
611521570948
3302960551
54189938179
22704665376
1721048
144502780
80091806
292181202
92690256
272788847
442130
3645798361
92063356767
55666012
19490509052
155296485
157004854559
1579670891
453257265
144590541
82150413458
11275187621
394278523
36054603728
5553300617
183685042328
85537170
226028218233
162659879689
5567024418
300551688349
20224626621
300335686014
20227222310
157004854557
92061321280
5561818920
856346722
715084092549
85511231
121825613
174009894131
273822072901
34143748
153207306121
442259
10256206549
264459882973
24851342491
34294035265
144785551305
3312610203
29949817238
121762143
13790042230
80278961044
36651067445
731210466
4385879942
25297380877
35886227664
2631932005
176132796392
57060788229
1711447
10215033
5780776020
2311052449
225981269431
225272483936
19505086229
289034424346
346830811843
175789570614
10634683068
154338383115
15536624602
7368877170
52214289441
448141758
210536541253
247313342104
42494617131
10123914469
10256142915
2172308729
3194207303
263445318
18836850996
20320861570
17851166545
67250762723
13858391621
1711435
82165014344
85531846
163488880828
10088150842
3648064369
1573486497
121989255
355045715420
2631879146
326311056
3448189359
32241306258
144127840
10368492185
276394011419
18827970889
13236679803
74471500101
10093714878
204590824868
226028252487
226027703917
29951559263
13726592311
13245668543
56419442
263782707
91066569
27363296231
8858264563
3077583422
136426600194
30734287192
51440257847
1821693921
52215334016
346366952805
2325227648
13722958973
31463624968
4680456712
18827800060
67390359454
3656051658
21458250269
96500960157
47309386177
10511925189
1031895
557152536112
91995980581
376468123378
77438952266
1375591101
44001168009
174874446569
211720880243
168770135898
35801700
81617029855
61371136707
33686675353
1579760983
23265604214
205425239052
92689236127
67393300255
59504986349
72041476039
92371844
173710535550
173945128315
529035467
53225377657
17254163968
4254246467
1231112249
1231084667
183439108325
10659696926
37122483400
175162477813
3422768
284658073549
90964593268
11341900
559645857771
4245537591
3075076415
7390661773
1684833039
27365536920
559943664
54550551110
203711833888
19300390887
19300729758
74094337
7602080665
27367022743
43998260712
2409275336
21246718
5637331613
19942183426
9986056160
3647927375
59503287308
559932113
35811273
13236665762
142781449813
51350532276
204356839326
1364426465
83423367678
235130062542
18834479212
4385846140
157395964518
263850925
114095845991
176426779
210532375667
20737508
10511904719
46524029037
389360173
10879643484
16458020644
79931457137
467671179
2958232157
68117146994
11276575017
102167387636
5570512244
9987198364
102892115
92402119
1377352806
298393841607
22338306
16522129279
96499112327
10450728410
5708107333
42834968775
226027215127
10503033442
18772663968
28713545272
376025666779
485869173979
277807873326
168
9990917268
31481148713
204359352003
727249776079
211194618485
140533068
183286091017
168850596759
29946509285
13723270732
176128767
6022370737
346548649998
2449481869
144938019
28773236267
2931709782
20310463421
2332548008
66638820
191272638524
275185472505
24272657171
144772607745
136402404531
3648207445
22459181079
273482771553
2471797406
136350065648
21397383713
182921944387
13245854374
17851231281
80677356195
17006373184
121761503
171744702184
21953054200
2171788721
22458761487
13790555606
282540477959
202831915962
36927119094
21392353187
300244317500
19535101763
24273424205
225411712083
91190980
17354325048
17781906910
5807247811
183282075925
3531806765
275179401573
545341561158
49712966820
211278907656
178294900880
31465913803
5567928014
188734725706
319978421
153939819
265824977615
392065251
5674600838
226069356623
741429861
18826661915
80059655
21824610008
31479483007
30734147622
154348339326
34209678181
155165025
20967728
5184731115
3678181497
326361341
1375591099
22862289566
1685006323
159688077984
1370218115
3645383048
46521334663
527386923
166500982036
749218120272
91140582
3647917935
29940579588
121989256
144165067
20224961487
5185228482
226027551961
35812162
2254890779
20226681414
183278062465
195109569688
422008823347
225281531375
92054232592
279782235997
327750989443
6864653660
247055359911
1706128128
32350004704
10044042202
278587115571
34203982456
5106787105
191905197829
34194603105
213402010510
3647699650
57336606472
87535724187
176178111
102953535
92153671858
173432795226
24851123966
21457599090
1375616126
3302231846
10503047169
12485353171
3419571
350730162970
1684885632
38195726738
41292160111
1131321255
10511994478
123151656456
221760210004
144759177
67390450728
133431898847
52468585030
174878032534
56420019
447965285
57012582186
209997158437
5567112265
61775188847
23744541852
140326629
1579903772
28762219280
47796853733
560595270799
165134643421
20884923376
27365372310
19300545147
1887851075
153716012070
263479998
153988757
426171754595
10382754014
3531054347
70548849123
22319257068
1230998333
528887895
275187622421
2315424944
14662518
79298394
13766723546
6866096810
19940641320
638551500737
5567168649
5707888879
38664899
27365851963
1891945720
9980285869
234365480528
263445315
131851654241
15585403965
30715567737
10027466371
17873004268
13875388236
15536430605
8522289813
34860192085
558993578449
114157954084
10632913559
61212015353
263535950
163949047080
1891375839
13245204350
20055537
34205291736
24097772663
247056430204
294853452
294581677
173664590042
32346634352
17851662185
12998494272
6784966903
2961434306
16522421426
149964973602
91176175
461505135
38987132097
6864554255
10367689818
11357930
17494024244
20814861263
350609402153
59738832578
752293390212
79302175
27367216722
235136422801
31464077194
1713028497
17781887952
31980216
80317407
136368205197
154267705
53768439278
61311309362
150495357808
144172348143
6959692381
10120427840
192278868169
191918303521
261662636472
3414549830
22063010859
94979501993
38239513838
23860202241
234706065957
10110538083
91176180
153050302160
2982028914
9991721290
4253962742
191253807814
14581600379
68494455271
92055701590
993347953
45466764583
148953743237
22001239258
162063058100
225492753044
2131944410
35892253057
10503047175
2197173671
20221324262
28798857881
378666824
70523220102
14665793056
411978154809
23749065317
21986264439
10517873536
4537025252
284780767767
20321551204
66640497
10455421687
10032124837
4236312994
23744554040
61378830320
4203919706
20274397513
29941214593
85673073636
20736978
1128113766
174859088817
13239728529
144852799
211276765023
21972208928
17009271765
153984220
184091475627
8858080063
1888312623
2310998772
30477145
175800042415
28549061234
64023683
82158576041
28707361041
180219225769
10632663570
23770707766
20583778943
7793262256
163611648301
22083820517
153778121
2362401013
136418406256
96500117871
273649877300
183160623697
27363296232
5561767129
3374535185
144397814
6325371353
6863411755
39227729098
264082317
345380474709
13383058533
19138644434
145199700
78359959098
5418715582
16522487069
53225379349
175787276878
172363043899
3194100106
559370252773
11274896931
34194276905
296232458538
33417875433
350766168104
247050264637
19535346873
34789099
36988809045
31482179269
46520383701
219472658120
161270990693
114044837262
284524679686
205366408841
78094501612
20737072
447671194
72154108162
122083696
94670821343
8858335140
5751622652
18038856642
2131753288
16435120534
1886742177
1511278750
183224300728
18838924971
32023102322
144756560260
5571365231
574652367
371805180439
52315009278
1230432076
744306981516
141867416707
856269468
350609402155
2846961651
197916867998
10511996449
10503032947
44589071175
10027049584
4876210121
19504674463
174727779472
57453600505
114089391675
153518434922
291172392
741411930
121776263
351991721348
27366727387
66625759
9987937255
291257675
92137335385
2471735849
157006893602
442282
559937051
30633292044
159391296733
28798438634
749216662080
10517943784
45469119706
248417223311
21214074
281670427042
10367667405
34202968712
22083893739
2471706664
376652608362
19300430040
87028513959
14638615896
145459774
3302961840
22063227359
17657288881
225928143699
26099230
205693289901
86256644
282547729252
136300029442
11285236055
4702869648
30212367280
1132704117
144543411
4905555660
11277152186
5804645584
70536604388
85535239
19535494939
34207642550
41496526902
175858641149
346549807879
115347653054
3678181420
34788844
35807532
731949220927
21399567
86196252069
11274230323
1009358736
7370785405
29947676935
6183198230
15967219951
10368505197
87026241063
1572797155
22151815512
85536934
81756695
5805237154
808152083
360100517049
45929911191
10612734134
24205152702
35970955214
731134477
10503052862
175798870462
23076116829
527523746
45858888251
175808108964
21508393885
27366433330
32198101366
32550152108
32015556120
34788894
386896609870
10367672091
206797356583
52913748453
3655637930
17873235566
24273290456
19882913433
226027703939
27368234718
76783319250
18849874866
92130754153
85534943
9177485723
856238034
19509571507
2311030503
24270653247
38976443556
59494473436
5637918931
10367690825
3302281422
275085911826
176132796401
61193994253
1886681031
282583800691
178731139489
34347705723
17006150811
24270984454
10529378000
2722508763
22459002723
10379890911
175855791192
19138703531
23748857350
19178631039
283754320272
54550216341
325768633681
194848218931
114037153397
5807837372
192442373222
151836005
20310219354
23075906690
10100164310
10635929581
19504659062
72041404765
21220559
3414455758
14059136
278667451415
191959632184
376657913294
19883452819
104791627995
1416483563
32437524949
319970685
91150573
176130758169
230342664387
156501718
183160544158
96501617985
29945491400
6863938934
10452944277
15965082488
10035007107
875312168
61380811814
151919965
10503573681
34250470111
236089047892
3656031916
3302129926
9757416078
25335532333
5765074289
22319962040
53525232488
334593266479
21400965
3678211340
2349071481
291102718
263830534
68575818209
16582752129
2832937984
28575138200
4285047949
226026659058
18841531070
447954848
311990121973
23859264538
3194153556
14670578683
13783329848
294507481
98424979603
21108567
1721002
163972292957
273837135676
144938452
10205436042
50280484362
263783795
182915975150
11190866
205366903038
2019909231
3706492989
191897159564
126640476149
1579830514
27362063321
359742194512
23744670419
44005671759
10368994011
8546333385
5567952868
82399183879
279784660379
34773740672
226026659056
114179594482
93718582297
1821634021
225984278102
151828875
31482752241
16364364
24272636014
273480386063
46522667094
573273821
5766643133
92027772997
3194126382
230331654542
272252603366
447533013
4680282499
95979348
325550286929
247052707140
176132796383
1880057055
51483066912
291253923
144900959860
9712383215
249868090443
9712334670
296232641134
20311127280
133017762089
54607399838
13246013737
287662247681
80298316
42517223972
61799741756
10113037084
18038750143
3418867
326361136
4646080821
85533720
230451934720
730691349960
159667384031
176133810630
296331749867
10624318248
14660798003
10215960
144099587
27360196736
11342483
37561854094
16457403352
24851427189
589780973542
33687504638
226028189688
1970135783
556791643977
96777986631
5561769717
183161772280
264775665
217898445
30482214
22484811798
93458648997
10106216673
150948002439
346548491429
19313464734
10102030540
148937607648
135790323996
27364302002
141683277756
585489213
273551731652
24851342485
40486423651
10626554688
217943702998
45457710623
269779887545
3448187156
176444692
298960857877
5775558432
10367702086
346547386092
10059983646
20298772691
527517002
19089225620
234752552507
157598091632
311861215501
144469170
17872787818
37536632590
7825557620
90943489996
35970794838
5764901450
503406408863
92119685147
86692798232
16436886403
6264974658
838427872
234546604001
3655053971
1185564413
5807106116
263445361
19365391051
189686315799
10068469261
16457660733
144722156
330553462941
311957702433
144510288
206736884791
85290901804
52216175448
7791409306
24745321029
14663639
42511885858
196865032255
4242798318
291625329
1230325325
295623352
217987313052
82405332655
9980223645
180302048990
328137174187
284522659297
555969689
52915848825
23749195359
33686787380
1128891201
4907336678
28538148992
35813621
16521973139
64028880
311861394703
263467167
19536394952
50878291695
13790121287
23018749
6183858061
122140546
43999910968
52165400301
47245481049
17365213138
56414669
52214793343
2192418638
27364707190
8858257183
10367689907
226027516163
81817157160
527522309
114093787725
1132516756
741373624
91147540
75622310470
10367664367
391443235
9977398253
31481061368
1822720435
264458882872
121869559
24851600557
5567128848
856196955
21936924010
1684937131
35801973
41497199488
175792888253
56487050
264458913499
294974857658
179170176498
102892249
6958102824
27366064615
290990952
13790169184
163611913429
52468462081
19535331271
683945354991
749216851656
376815082
61211530073
23783128407
180868952433
183161890561
447675996
226027530564
559943086
310582481682
12896501546
1138548017
208630246512
144335683
1229872919
21571432
19138775095
378217131
752493752361
11274118558
3074901708
20581471481
156653400
558995316251
245008253655
27366890330
23624491139
9579587136
17005497864
336226865567
156164745219
4537054857
226171401879
54468326949
27366727388
9375541
168948095019
91073907869
30632032110
151100956569
2830657741
320158131
4246359292
57454259743
17005331227
46530142944
168860638143
153756101
10049035313
5630065803
28531236743
46521364419
23744475634
144937274733
52468636237
297815296377
3451786143
442063
79369705
176130755839
276447684736
23744679162
18833444061
5640296381
50779643949
11274476897
23749171506
10128161604
78150239266
183229365641
290301484496
260018468829
79278223
10517934240
327213211717
19534989579
87004503082
3121570534
2319494645
286662441256
22969197259
300064428788
190577466054
263743902
178180973678
13239130524
226026550725
80279501413
275494226349
21999068843
28079606404
10367675747
115349219563
272560034065
275001223904
532221858437
125921430
263445487
19534189008
183371419288
1129108006
80284315984
936842173
144302242
220942315800
95998541
38988662915
75623426604
27366937046
13235338765
34205063551
442076
78148143363
225984278072
3302959699
172638297893
211197396892
42487126282
16522402287
4754892710
10649623391
28529807230
144543437
4264496254
5561709452
325550334229
11221039272
78148038815
13242060962
13243183941
188141441328
6319049611
10367666283
10577568483
528819261
135424632742
250619294093
275001982698
32004636559
349982676817
9712041047
168770210924
1364438984
3647911265
41506304769
168770112985
86174500328
155162092
25297259295
24851227041
28719832092
61039568370
144292929
96159311643
10576674785
67384646588
59502641208
36050605891
2499740411
18827172719
10104975955
181556399789
205698755321
2832924764
79373849
154002802
13239535888
769427193399
20661540482
230319603195
2831218060
34377545424
179794139540
27365316036
19169945118
12153410591
85920528490
27363975871
1512970894
283758619491
69207046614
92032910668
10880820048
175788872020
14800432935
144746179968
5768454036
39036022794
4468918242
389383467
527517905
223
52214629970
1510799076
12749869223
14256490
579608374
1183214691
35836848
144759630
753446560839
5561766918
16569214596
101650467493
36050401576
326304906
558993578439
5567784538
61303218423
176153116828
21239050
1230909798
20736650
769530095354
27364604893
263445481
247054100353
66627556
168850597781
392588490
34793520
151932046
3647940506
20301121632
123182706711
266890947
168968476731
1510641706
294974819437
20143258233
153445958825
159673984157
85518572
71978684374
80292560
26340905363
209011131228
102951751
556635389
21225088
238408733
359825842415
15969498008
61382563960
6222809977
183162899999
84350980851
44730637
46531770954
159673189900
175839937061
11197437
1512050250
284780714235
2448140468
194848186462
359823760472
10634015956
10511925234
20321295782
21986908089
226101648514
3678181719
85518720
303418275
148024621394
19940687777
508688832816
749217233592
18837813017
194848229259
169659187805
758565163657
228400901350
52914947907
86241787
35413221410
346548607099
3451189992
4905460359
124640816313
358321278448
13382547431
28542772834
43738388568
557068876357
299139001596
13862890941
19182804814
145459770
146929564
102895132
558993301945
263445028
40295171501
2961145946
136340517010
14113339
19185377915
225960229258
23783505869
153477133578
2154663854
6318100827
93745958216
16457403005
225368662155
3194206847
1135238163
11274706907
61212015355
1416766963
5561801745
6784967849
263281709602
1684927823
21481993481
102896076
48972967825
62764392158
21999179236
1512190119
228457907687
32352798619
46522552449
86254900
4681576787
230451934709
19946515692
278551569433
1187729315
225984278068
1131276720
28509181367
17254184951
133445911630
21736709385
749217133586
19281206785
273550649795
78094761867
1513306937
10632689815
3446903378
20804826400
7793920824
2310991980
376470227604
10368030693
21408285
126592827
61195493097
132134974
284688668728
262420631741
5708659065
91350102
92124387453
153336133882
169665193043
95137398951
24852020375
273627747080
42489745801
5708687940
749218011644
731948440160
2311026252
194845622307
175790840640
16018415594
17852227751
21990831215
67381001976
28564786175
300794810005
5569654495
28744445395
190839245854
9977750601
10638146471
5567552979
143874041345
1579715651
205366540032
1011000869
225381700479
56472154
3647911278
27366092743
1230458006
3194099727
273549516381
325552495991
18773017836
16008754
20747658
8663747089
30739487625
117342085633
23784998723
67391350107
247449929497
153922588
1231131786
5567045593
16437678024
5598605810
32198262922
560001016
262420744115
4681542730
10563006851
20291034618
993330956
19184948435
3448290813
290757297044
1031896
247050467470
13245228354
154405941873
263749438
7390638410
527527582
30978380
10637802317
114166425772
27365286199
257860705600
1132624442
78094782712
52215086617
149060484137
155227478
4249996543
527523709
20737020
6870481748
2673366449
32350846428
28497052865
13235411531
67376524975
3648207419
2022642055
5106807904
17006045266
82164409953
10060048638
231339865968
96200188227
10202090620
20734339
2958433973
5561768463
70530557840
85559876
181588094000
286850354200
28537572878
121760392
53227487427
556636141
57454256702
91062085293
181595578512
205556147839
557707892956
787109514189
17794048700
183162900010
261293016540
559960200
299150729175
27363925418
346860397065
144076000
17008893809
278667518294
28578224022
560413036
21999173295
28498853729
3656080593
61793563411
51945953031
17904293249
17254184170
61385549930
683296185071
66621992
24446197992
731937307976
178295310972
14244256
328136131160
261662117603
1970135716
3074959508
16457971209
19399774117
80285171098
85537083
92131703324
273827110495
30719875711
31469477074
16521780857
28539107307
16522129281
144212865
6864372158
46542264631
593758720097
121802585
2341592600
23859547980
19369649292
288206424422
4262254809
183599680044
1684936892
430538476
2932062318
265126956
155365308
6866096813
153776565
81787836799
123527740564
45461978796
8792897
4451633798
175789178844
273856189962
4241927122
430538057
7791249090
19184950895
75624035398
1229232413
325550342581
80673627460
16124813
1130999543
178164821947
2500925144
326361562
34194364393
5778794397
174274152424
3448298866
56419614
78184501013
325769007548
17599887852
436138177173
258278983843
2019907448
373239562627
21393702086
10517879796
205366532482
79371405
62185161
157006893596
144786920853
278589251107
20581636377
226027957332
10636183958
19180453797
13713913673
240094935431
80361082461
79268045
3194206530
148632597688
10522028700
48
195114500880
183544780908
10085740873
261662849336
29947317689
311951454597
7368284886
93516758001
17354530826
143091492651
29943569214
178164929647
92654144
24208261912
17781999902
178295238868
34210967545
230403827768
3194138147
12998534031
4646177054
300385256515
1732000
1892000187
9378243
86201411896
2004284028
17852794148
348872109307
300552303704
16668402377
18113401399
153922593
16457562304
35452896270
263543004
50300306372
45452867352
17855576732
1573291042
5708660896
11540581
62183951357
123
62784605306
169326889847
8902460
468096407
5567602443
79447909
13234948698
121776821
332800781106
10207216673
80364541951
225570988207
21987062778
3531485356
314298549223
22373755367
226028218287
17006390523
22808614956
182146486567
16457677716
61377297956
2832898077
21818204472
1886639373
47889274065
10059983189
223842136896
89903185519
139249769
1994713330
151920041
144763334
18832224812
23624662770
52214028550
11339141
11274054131
279650750346
3448188107
32777043876
1809675547
334582773765
4999840644
32005354
2449580331
194848209536
184098368517
168770143211
3446788585
157006893593
2473432795
156441877
43740537632
13876044787
2998659836
2931695863
4284702910
350482491285
314304793926
143094005840
28797729313
53580456724
28707965964
725371718540
3008501692
61117689095
3414821165
442059
359742139763
28535535175
176139356
5561885280
266854859
35988749097
5708095408
153862113279
3459682548
373545624621
228485723348
155158489
20732906
226027535756
72045702442
292599717
10625504248
10455214569
279880865439
19182920285
550427131200
29954310606
102953265
176134822334
27364617892
62155175
5767435976
805280083
169637062408
125862139378
6264973644
183090927566
10367688057
92639695
1229455697
182484580175
34205238101
226212193612
87364068673
22062997890
148041910452
24272900103
157006891546
26341235665
123301136
86230104
3647911403
226027551971
4450957812
1711474
14354522814
209229387486
14581527719
378150226792
346552922317
10048983286
10898197583
6863537262
18830515634
61058757376
7390588619
183161748740
311870602907
230914677135
263749453
326309506
10367710099
1135621117
732026793936
5708646521
248517219712
35891955610
560119197868
374675138
114163883615
442158
13384583979
3312946175
2357024227
230469980778
237506668894
3460117050
86255419
19208205690
19504816484
32349780711
264970665
1011376349
22457580361
19309735093
373229493970
12998553941
59709010962
167411404910
91182635
28493517518
328361716390
527526796
226213811465
34902713432
71877066776
43742231261
4887871028
32972993471
180279640417
62185124
176136843113
183302174377
262420891257
7369674666
211196038159
10511998242
50778408330
20826233280
86692793866
179689308472
181927145004
273547431666
276647887893
11339047
17005365394
169323857021
4450846753
225350648724
279851932974
3772925844
67373482691
21205043
10085699637
26099534
2311117115
795842088384
15536742362
2325194321
265365687
6864782183
4902963697
24102046957
4902611268
2325249320
350629240881
749218011648
2448436664
17354547623
7375732227
23624246199
3423704303
17599434571
225436730368
80091224
71843212015
10060026225
325550099155
2846895793
29948318368
14256587
80027852
172576338932
32187738001
10251895254
82321745414
6864504916
10563083863
9717484108
36983222926
20371732604
67378289663
19138830721
9716683906
20291035488
169926591892
20311201556
5382422790
1416474874
311951642771
5804761775
820505102149
19270584287
51114225305
4702631249
19373016883
32015510940
86692811672
153775189
731291700
155976128861
27366647644
273859252150
21888851928
332685265869
560197085
225227296747
68445055109
85537579
2154663874
17531300746
30717608266
17360121932
123305033
17646491765
19946485575
17853435829
463483919
6222051979
378126194
758575012686
2311124457
234518863
32345672230
183306429168
349517949035
104791526309
169330894068
9977460765
121753690
183160549449
4450846752
52214753508
1897878822
6959075340
6222057148
43995147907
1289430608
27367327311
123205961
24272672977
1229286412
71847825799
21285496
96500776495
359745359864
312028021007
67378956797
3699817625
17026588795
20744621
245051402441
5561759069
753442035764
31966173
1512873466
458481678996
559935432
22212772910
34741548165
85671831
1573342606
754731542576
17009093667
282477923085
1009868847
17659009549
377055361
278764381295
70518834861
30747516235
36377184495
183160548912
6618473438
169241673887
28552232982
34734228471
5637350156
194848220725
375996971369
91350098
361046238087
10084769544
20738183
1732051
169625650553
300551911148
442342
13236056111
17786543897
28099503989
19504674457
1231084444
6264179080
10623304753
4203868163
96500862942
77391326264
10626792785
92055483226
3656037935
519007636346
35813387
21430417
80226898640
10453253108
5781244884
34378010619
3071680567
6864058557
211281076088
551460603271
2471815926
18827652599
1711462
153923455
574395540
155164272
5071080251
687025499087
80083388
86264550
212571801254
33466897990
56305303
5713747612
31464163742
85537583
5806175853
10637900491
263782374
17514923081
291283332
300387527280
32349091005
19965039446
275187701424
527998887
17851502664
300224433860
152911981071
16521786303
61378207715
148014467938
42834490941
437244345063
3064450512
191837715220
32344793840
52215247650
19946344782
290869558642
28084887507
715845780422
34210857476
17599933745
162095879380
7390637379
2449721482
85656488
6864520933
133109389131
325769101186
378113298
261101925896
81771281
28768026754
1280407039
856351086
749173312414
24197141179
155092489820
275117568124
21458003230
17007831366
19641216762
14663674
123253719710
260833301928
28937769180
2325228685
19534989580
3582864852
46523326323
373616528058
217988790051
324420774060
66625748
13239411043
15594644958
175784173572
18830729196
152532480101
154061629
19535554875
235139876301
247051567793
32681667991
9984120710
3645383053
114092592833
9711941700
72034374017
144756486865
6325841980
107101807167
13784000414
30716938595
34302142676
2311228487
21421080
18830071562
28534778532
5781136418
9984885486
9986236163
1712194
6237106889
1994744679
349165516882
263445480
16316745
92177910922
3533367015
86190072984
17006226693
311203837347
10367685096
314304865307
17852734138
1887010104
92639694
153971009
61377517629
72147847107
172638062371
294584771
2472062105
52214681786
25559601711
10096270690
5768019596
10450840482
3645427563
373578512551
2341684031
59725538854
2033523308
534445607468
1375591284
121775652
4254039289
92120644320
220955560076
153778672
856349311
61212356635
91074332
192271429505
373220226720
21458241410
3302785444
10367689725
144960806825
263784073
10632684293
10222382
24851212844
799546386683
749660120705
27356983894
103068645
52316876942
28798966664
5637325047
10632655384
21296942
231110816658
21740142260
1230267556
194848146663
191924333749
6222363840
1376335587
21986647084
24852085406
237623436456
3194537615
5751927789
291631338
20222247732
178164887227
749216889164
1659559759
3647828302
19274876097
96632969987
378316139
68674601851
41347305695
1289394160
91144474
1230126773
394343891
17008117085
24207898285
3647904249
42487846815
442037
211275472941
291249804
176126281
1684863611
13607466221
14221305568
89705036840
1682363724
28781513172
2257097959
144222958
7602061900
1712217
1994270103
5805772614
102892828007
4451036473
169029713260
91144472
205366336815
350800777985
31763609019
587232998979
20321304324
1375616124
39688956524
307496264492
505254182412
136365978474
18773461060
22063047284
263784075
20736665
2846896099
20967707
773474593580
19179108597
2958295946
157013081663
2311073326
167352643738
596186190131
32664710359
158483786099
22505139
276797961738
21457755832
29950872370
19535569591
10367710311
3459558763
357877170933
10367674228
79463394
24851871347
638449932126
91054285
314305095534
311861501327
346549809606
18833359834
1972210075
33173902934
1970139010
291392441
1131083276
556088339
4244170726
289058534983
300335867292
350488505914
67383294068
29940712906
2004299087
286659932595
75374547
278587041790
2471697441
66638026
34200383544
25554619970
311862578442
4234673212
29953571102
21457555035
28931860249
24270813927
1444755772
21457517064
225376675034
2195764699
24851698361
24273685144
32584517642
1994658484
24544590190
16521818257
32354975977
346548777848
17275199791
22516205693
311870851793
114170195106
527373112
30737579977
92175019689
114299123833
64336785061
1377672828
144128448
16666020680
264291499
6307142
96500114198
2310818472
92074916337
351950378642
2632211348
290794365547
1572964614
85537334
175796536469
527527572
28750905449
35872790447
189743618616
188734725702
21042506973
27366122071
362886187557
22807014
54550750018
1002313582
48330179142
9984135352
231127571795
10367709375
20225042156
122884344507
282816258997
273551757673
261660754791
756979074649
91176177
19330222625
146675496070
13235411406
141316708901
17376028178
3583790906
34847022908
21393708436
8857967357
91994197735
55702230
43730637329
17910105227
1684989641
23859461310
66621498
153960163
1573425989
29948837740
5580456272
28510595703
527367170
5765694208
2325350710
226096623471
21210057
275001688408
4156900671
124532510347
4245639043
2315396232
34860195871
114078345999
62570548700
10026954366
346548693726
205366994112
5778385317
21392077667
350606299873
146006460448
122051538
1183151700
22709183591
263445478
1146150286
217873546
10728709550
10116933723
749216740370
2084069023
265242124
169171598254
211278915653
272560122343
43734588980
145215496473
33175277523
7007514263
27365472976
96176344195
178180744717
1660132604
228792599094
30727608618
27364399249
247843287676
1364557514
2324926098
28077331397
10192689420
169671411718
17254163136
352373392520
13449043184
266508794057
3655054403
247335891482
23075906689
19965457704
4914893272
36982648940
494927488
4451111421
163360758531
10511923863
24890104345
546512376130
741431367
10060014016
10367666195
153483186275
749216662433
21421072
85303707313
13802219646
2449477711
1416766592
36388636244
1580002718
24272825465
50142978
379577234600
210002207144
17873290150
22544595648
80097447
263445338
12063530
19508426422
1715124592
23976679936
66620113
32194702531
87028529946
136342732067
17281044352
2581692944
147120632
18829074497
19269078699
181931397129
3647549875
289092479968
247050218440
19183048837
4450795190
21897544575
17254245029
160135521254
259865031956
155330301
281671743710
14113365
144554009
173682791165
231327846167
6183879187
16457667541
36979850224
228111300987
225617013042
300224281315
149988244896
151932048
93718180090
121763759
550703506
10511924826
183351115300
163973135434
10068514757
18542316137
39370995602
155596615814
175814091258
37664970242
1130970718
1009616853
50778044759
3645443579
9980047487
5570746748
3662951302
226027215124
21202484
58065587481
23783855868
20737536
157608559529
17908455574
15536801336
30633287994
10093809478
153970727
4664753235
298349740947
17782171890
61384959237
29948137826
5106812369
147935912150
27031792
30747740473
34790188932
430492155
3074744774
144462623
3302129179
151849086
175786849592
29951666277
5067266113
4245367105
136576279397
21109491
1710827
5567216344
190818305230
191937047737
20146558178
576936312865
325768930494
29946144068
359455458910
92635268
938784682
2472133857
7382357220
1704411148
20320724842
11195901
264153527082
291048476
32680556984
91133068
78148157231
2154663835
4646012591
122612320
10503095478
2961063888
11350316
626970206280
375996917696
80321376859
10382901710
145084140404
312025977736
232004271270
378225968
491863527373
377030248
10367676370
2592429506
19399786594
93121631245
32422219309
30738950769
143876266446
45857526179
153984332
13245668544
182392023149
15536787859
54934574653
247052905607
275097656320
102892114
16458020817
273821960196
278587148854
13239667506
6323529807
4254135058
263477656
639332763970
3655614618
284780942250
769644398213
752176786235
32348660668
46520375688
282476870106
263463952
22459205691
80793355
8444852854
5751623839
1130581006
13260068086
4451164030
856237558
17278558371
6863944577
144181980
50778078783
56419760
3647920261
19941279282
34200944841
294523565
36388616133
35813448
226065725171
1403358
21826915841
447972328
804599437
91961757599
17646480876
3302220045
311870682693
11191921
30746225322
91147535
349131059381
70521532667
156148544020
27363958352
153734366
143094061768
67374057699
21893029241
8663740458
272564582473
6318570741
5418715989
1185822717
1378127499
30483162
10735042116
188660617876
8858322338
332169686756
22807702082
1375607066
6222606399
121779061
31961032
59504063780
2324871497
6188311994
2370155975
2407865342
29955417823
6324318122
291613447
148036852035
121935493
4664753815
64021740
153065437832
349171290452
1512737053
208657777202
749216834386
276650913306
121806647
749218013033
9177211241
23100141945
442324
121777416
24270881493
155598328647
1188348481
32193055771
196023505332
800047867258
281671765589
19368715458
938885808
175785124910
220121350
10511992983
28721050519
61197044298
72645895026
140305643
5918187706
181823007280
264458913498
1962652004
21996400171
102893299827
141867380280
48207364491
68484019038
20225112425
32195023750
180583230
191901190882
144163592
86169606269
13239728528
5807027091
346548588472
123258717
75793647810
136384412042
30727720356
80674083692
122238407
300453381280
5454381
5562417571
23743264034
230880567551
114039918499
3194174224
24851132597
28954209881
410270698744
34203262456
10557653561
92151570211
359746477664
18538372917
34194347157
13862385404
1264105470
715878053253
3381930755
181202304227
38666658
282474389901
206701927321
121823999
71847134272
2341746399
92031748228
168770128885
5567217761
23744429892
4681648761
291557724
19288308983
350839485316
732033066527
32343698605
10036793431
10202837841
485644095461
37561745729
4253793143
3194211974
13628
163969929547
1886685115
164170920757
2356526070
77775028129
35891970183
28914934682
225381700412
18848794405
20736917
13235478294
78094693427
18544821083
28707967071
3655774172
91134194
13381179260
575905958273
211276745646
85533574
18836164443
153264560037
1377350472
14256585
28775247471
6261060787
379602821107
294469627
104791450689
102955892
85533593
6864200261
442348
201220364845
19503974777
191977722358
153057406068
19365597389
3678155744
182136252857
18827596324
3678232049
282473995556
45459896307
6260982132
30482215
177020573854
4082771201
12867249965
12748301846
232006551062
13481742906
11339832
17032963574
799715924086
121864819
6222465891
194848130719
42479668350
194848209535
57004426696
6340678
20738133
226026550721
2449762342
208977060697
21393918570
19278207085
20297963230
176128784
96915541338
231462088760
1135426797
5765096913
21888181005
13245218064
814910150866
28573396802
137540988393
4385867779
77439986433
4681562939
396462357939
176125437
448107851
96849649470
11194705
19300105032
25334245116
19504237417
78148099126
92060373270
20051558
27364568718
54548800985
17221468863
140562126
19300431278
2050923873
294503656
188736037343
272500488228
36962684762
5748920460
264459228430
175789406300
2832924766
8663893001
217989432357
13782154915
3451037320
36981151745
13709721770
228399123000
14221193185
153442895448
225234320578
264458829376
13245259512
6864354575
32347101304
144509211
19917839119
161275055122
461936686
261840859964
10106765268
10367666194
17851695117
263782830
42829196868
17645159577
35882165072
2324105143
217315981626
194848185507
12750082952
75479573
1701938222
81756757
43731787651
30212354325
291102313
263449043
16457601732
83441595630
148024637098
17904303056
93510935292
92462668
179338127646
152914095914
5112238804
10503166409
22107983017
155399858
5653309809
4664703487
328874872
3460009805
184091386588
17276903354
79546857434
236565775094
114056442488
250323630217
10125830266
13729349472
157004840325
19368633457
81838527776
86267368
15288083001
183304406923
640372199749
17277307164
22319179128
175791941798
67377680190
856196954
19503370995
2186890129
178719704119
5586756315
33376173301
263506861
178532227805
225428721144
1659096085
8858305592
28496119759
2118941934
9976637722
557179519522
13237228298
5640021644
91190984
85515240
6223645889
59729409506
13730065666
1290874025
34116754150
23076385941
169171640141
16328294
6325483477
35881640082
299137823136
10099070883
10074070743
36403107173
71978761348
35970968563
212131159476
2472152232
81673440755
3584686321
227268529866
183229365640
20297992721
20737098
20216010353
66778698
127739668527
175788490243
23023880022
92072892675
153029523182
231215727241
66641342
10635050132
79303764
79390401
21393135050
24745293392
159676691563
20736712
32493755315
3478805777
10522073666
28008602922
265286917
10561315176
39941637033
40449940211
19504180679
35811268
11653594412
4242135103
749216662083
28542078353
884438
1573969913
19534831072
21918347757
17878885364
27364178798
85539774
104245000710
22387732
4695693125
34843484649
92029669380
2472105696
21962314338
10092967526
169664952227
19174358282
571024723054
21736524945
6340481
164175796256
3374420717
225281531373
311861479878
17005545949
54549286633
101669885012
3110906011
61371991822
205366517091
452977511117
61860043539
55668766
2324853618
10587320241
25950901820
159217807901
226027684117
507362261558
82403557446
4236189324
81756422
153760871
41498028924
10046572256
5584233127
34860664422
430515340
144471376
1130933905
22518566247
430480146
214504458411
197302391296
28954119295
2339252526
6620471414
176654129
69205689714
1579460560
247049852984
124648973948
29950358079
215127325689
32905633491
128729177357
556188446
11630430682
16521446269
350549693008
4879060521
159658053692
153734200
5629575926
27365190522
3194174059
1578283563
12896481420
17362156028
332156231089
21458250268
30713497274
197281014020
4236245052
168770271982
72055916579
136147456529
27365316035
24851667012
159390848217
18113282221
6863871350
74467164929
206701732760
2832909746
153734372
156610426
261099460085
10452482799
20736958
5096979818
155676889977
121823998
154122986
66778705
3302128060
221526263162
217902920
10367640338
183271028066
291158791
9977232378
178261130802
9991846009
10736454070
5639174956
291102161
6183765511
4244451615
226027551970
86694133222
2325207486
300335960345
23075958472
34835936423
161050624310
576494063001
3383654567
92126961381
42480946778
1714986080
102895194
1706105317
28551790015
20738259
358231192935
217873545
28539639444
3648162407
178165010779
155561905952
157006876620
41486369990
96500723335
4451161211
15536425297
85536872
4203716232
14799637200
34204471818
559840517
23783604412
494920932
6318716668
28580936227
375996863341
63534132894
282537040675
155152895
9985859376
4905448841
10255201231
3194178337
10634686941
103816889824
6182674654
272560448531
2339079509
3312617617
1886076385
3645506675
225368662156
856269214
133426731211
3647911569
226171449019
149005079924
85713598
226027303324
191940646727
92056640469
332725020873
22876655692
3645397007
1229277026
17254162108
80042923
28718542270
1572688942
159654262564
3179749790
20298157707
27357018571
13789087040
206701883953
24851409604
92429965
3110361913
28532551729
461395474
34290933432
10632624706
442149
376470395352
153947827
56976989761
20736910
6864588174
121776266
559943679
2061698967
173796067233
10084808670
36915179190
15536750436
1377327268
169171632200
31446065564
226027686366
376470448739
144103196
573925384
8793014
2854702808
30633285713
6097950170
75500315435
10367641294
1530839256
20658037373
378404377
2592555559
29940619295
2311895408
272349577948
2357678153
32582220645
291613545
156506379
6222632389
54551867125
378446997
247449927207
21986811734
5567217898
3655067084
169023660302
38636782
13486700890
10002736356
286291365399
21940724566
18546763624
231240155631
1183455907
3194167600
559909662
329440857
191877686999
172716058731
136940466745
36901540272
14671281860
29950222890
328725278
1416711927
180832505730
6620444463
159654205718
144186661
2472069268
91095499567
376502880244
282476705341
44588029780
63125375018
527517041
81788845253
85518567
292576185
20307717209
10503060382
16667523239
10512327216
92638097
151918122
6260369239
17858132817
54548372676
13239728527
20736930
104792102079
153943825
1230432082
46521396280
291746365
2341590232
1403420
1885931578
300335748112
263782369
153450013586
191354516994
191154718108
442050
1691999
17171618426
175839717601
45435821613
28076715392
10367584838
1579514992
17648665061
2131907663
30633276124
22319965142
40132647400
104195147021
113729078870
147150575
67390443649
6222480018
174338001116
155088956451
16521848887
9987073480
2261248959
14583878280
35872325833
311870788922
31980060
85704262
148077746166
10382253657
3444343236
80326480196
144286778
291557823
21305993
10522084499
144270480
373220251194
82122616618
3654967174
19534561477
300385081053
6222423257
188682698270
278587115574
121770235
52214858513
162025238531
155121250040
300589192488
230306584758
143876847278
346550831941
5561801746
10025650202
136428656308
17354548609
221471662565
732044772909
104790432119
232070141004
4459248956
97501256835
652065788997
92005517755
153734516
1512075056
56419465
102895184
40452030669
18827331888
3381824190
34151125
346545327722
8858305594
34377797542
2186835249
247055350593
1230967698
1129089707
558993159063
28968190154
175856622823
265192226
49685654618
385986799359
10367725120
144338570
22071812574
150817219456
14584807586
28539639766
117779462279
1184516222
1945132499
183351115302
2472035244
5637665007
398275936063
50511112
176136843107
753410329999
16124478
162109190156
2958377045
157602642650
3647684792
13790042229
6339204
247050121324
30746145730
35872401888
239645441832
150817478934
6263742672
78181774400
153922701
1638804336
20733593
3078678407
27365766812
4702748373
1230134731
21383005
54550895527
59458341988
294471952
81757997
376470393851
34377797477
300335732683
20308741190
168844120586
188734606713
13239896636
7373599984
1131302573
205425489443
265157017
300551955779
22173513962
80056698
4680399990
17908217802
237045505727
67376910525
136341990913
21807810880
8858053304
198352593592
80364083656
23860501737
231747899602
178159209190
183306429167
560240982
140445457
205698601275
42477917128
10625445281
527518807
92357730
294470138
2472110695
2058903851
148087476706
124628989604
18828139029
86124266
3647543161
155596553854
85536519
549431483
31479588163
2059443882
32346361548
14282348758
187508745389
1716106
7367742918
442080
1185219177
10622296137
21284370
194853907126
42838287259
220961519222
10096743122
2022639297
230286579409
263445382
817235948261
140052792714
18850801696
5640346511
159654670258
28542032818
560009875
2960528268
13789086858
291104553
10060025835
1375389194
102956785
176153116823
11339239
55714370
14660778711
36970299605
3647828291
3447001026
2357782759
5091258
4459508019
27366215472
61385502191
151929021
18832456210
114054440144
153922627
2311228489
10060013686
66623932
136367780685
28555699221
202190680629
21412984
1133352086
61313333784
21972278798
19139189721
326361600
10196074746
175841602722
159663671094
10503633106
247054311392
14665726199
282474359989
175851989618
3419572
527817193
15536576279
211275582042
144766593087
33713325251
263456244
13239424238
2172321108
121753688
67383761689
376470327405
54548220107
11348726
6178728518
34863711163
3583689775
276646280963
2343071049
35952013085
3647926836
187814980
448055779751
1511050054
2932120636
247018945017
2449596204
28077630246
144290558
2631929725
10215886
4253840187
6321437512
556518086
91131343
24851214271
6222215236
13607466220
332529113530
13789810385
175817666237
265284402
30726612571
1806848188
8652099680
183417247693
356066321660
3678182053
284134291296
46522675250
179695374698
9177237873
21406759518
14244284
3645375927
151063932882
148912334864
239469062415
20627102176
3647926840
265030127
350633273260
6184443246
13790819846
749217095917
373215854037
5567928013
3074744760
22515361660
27367271297
33472968387
20736647
22063240558
75624736350
34379150288
153255388057
52214891032
4285288164
264991235
62853250502
126117849
2280151520
226026550729
938819669
319971200
2255716608
5567112341
10633245306
217828096
226027703919
176111647267
21284870
122083319
273822029555
81758017
2325193948
91130358
24172474977
8663752818
3419021544
430514134
91056454
8792774
159637098780
3194205773
87548010079
441209
22975349
10511996234
210617617226
230286579399
248872458714
3654967052
4876160801
10587006813
559959125
92429971
250621666395
6866528728
169023426166
102893768923
56419908
311989994711
122168650
1572821520
275178390784
21369274
189610112815
80364247576
433022780
559950210
225436730384
25557434308
91057703
21987941476
273550668996
61378892390
359745372403
121753391
7845
17782234441
17852039215
86256449
4902796068
4244847498
32023103625
28556219488
153272595824
174877422558
1659707910
10094095926
10060014883
37564350053
4647268082
104794669072
23749187183
17017315398
10367690583
45822803148
1231056918
5454379
148908319249
13790173310
181570707098
13235425181
153940539
182136423176
1375479411
25557896935
2832870902
24769336761
92463072
7791637745
29942672417
35802070
178218169957
79395762803
183192587875
28573756344
10266523344
2728053816
19965548511
8858078598
21042235603
6864695972
856549072
1658950948
44003774797
13234948332
1579782801
85514996
10367665999
20736915
179694717606
285080445331
16569054661
263781273
33367121867
16668410448
6184393798
556944423
474127741
13710622795
11273706794
34194218349
169326886453
138718741
668299362660
102895182
527442371
1129962234
24746191992
168758824436
6177337889
74517823433
84354287587
226026661933
34210829612
67386836369
217841572
7377133816
15964327744
114087414334
300552087175
144983344
376470499482
10367666363
206703205499
131852411110
19368823111
10634701656
151923673
20826188658
1578655206
154442432193
23859555568
122084578
6863957615
39377308911
16457562566
3459723081
3302800638
42480108912
247053001287
41492721122
264458975917
35448676911
52215313385
123468180
153700490427
44142646695
300385303209
5185333443
3656108574
10512017363
92958065
33466994098
146474305333
153970810
80524800144
121770262
155152669
19503304968
1377377760
3071644977
10114254304
5764967319
856281228
227214480599
144283482
2631768645
12707132951
24197436994
27367344824
34204485544
5749037466
24851660096
3645314972
10736840073
10511998392
276448920255
21225083
1131204324
19503490364
1978254
1128692834
17851941026
291548278
23978876956
282542962815
209433533010
42494120389
3678181414
183590435826
153016025594
13227514122
31980303
16569129273
8160
175806196522
153987341
50778044729
17354345878
1713365929
114160938883
263445149
807698526
13725054717
220959632847
271808395
59503399161
21986896255
144770889575
3281163372
210002604427
140566055
574011650
175799562911
168592839969
10625471954
30459097
270626927969
5806304052
70519911066
153984182
2339962341
1377168103
265322068
19946342597
158958875442
14059115
211197319299
59825303639
169023372140
191255350022
178516803087
21578587
36962173630
1132517010
5674260092
13236681701
10452425731
179695333898
23749024025
10511958892
81870822473
19505043252
8858262893
86694180659
30633098673
169241917577
45460397825
19504620926
736752551193
21247079
3302961839
23079096511
83587172820
173627296307
715081779179
148023603954
31869053720
1732081
24851715655
10511994479
368503045389
3645324330
19504510274
21809596294
350735358189
122115319
277081315159
225570988219
5829116377
205366514559
11273133798
552582245
3302929549
42491748730
21963331164
35970585806
325097251498
9017121
2033516854
21393403
291250669
272560086208
183308473546
10100664408
183278062456
2050906895
3194178079
28530852484
749217091946
218739154758
20826202554
196857800741
96499169557
91061616
182136135861
19373021642
30747128297
225381700475
6177373377
21400964
303438739
148925438911
168964302114
6785268133
169025698058
1549906004
66778677
10625477317
207798225903
20290881602
2592503821
47291942497
2154664079
21482793119
10084805812
527527580
261660767782
22058548092
19504567198
21933212664
556406863
345987145332
16521989367
56309617
279387647573
68668153187
6259941371
121874600
23624409868
1721113
328303281606
226169131554
28961632847
27362483671
66639671
24851561817
247049608363
34736036159
35806806
10503167188
18853768338
4664658971
174856689591
80369099910
14256616
92461918
123258716
4459425966
17020494156
183160572822
220986419757
21214422
236599324796
183160564471
66639670
144282566
21936893864
31980305
19372854056
351971953432
3647549845
1321569271
24270682915
19503326635
114079875088
730698341797
163975881972
294974948611
3312929961
5779961479
117352288415
5568003849
13241057722
27368318041
376470483192
1130692381
65956938
10367705333
753443267792
217829503
121956036
52215164424
11789040
14256575
183382990255
3645434120
30715078461
796988313695
350840525561
36388166437
92093226894
270524841527
2471781947
2050925707
2194125299
176440605616
27366848376
2325230988
346547425949
1715418355
2958186782
19399419439
332155968855
19176217788
376864987
183160624287
7535465687
50511472
1897773161
1377139791
17883059338
121881206
2932062317
155598382292
4241918666
123309483
21284367
10367707762
191926350158
3096772275
4450833295
21988808797
144737090
11191095
13462356
54608428087
4907343311
20750908831
585998073064
10367687857
92638933
24851185426
6343893
39371393341
21939827813
1403426
1572797154
24447667013
10107863336
4091825619
36406490731
5805998419
46520383702
47135099281
556748022889
93718813473
168770189864
2315422518
1260030638
46520235579
2154664069
39551034457
4876177228
211691345173
5807139667
152871264098
19504505383
17013209574
159638000778
1668076950
93522633576
13245599033
85518728
346860187607
163610702732
165392369993
71983108989
173940058780
10511997570
58168055
1712881992
13239427836
43739971737
3302806058
27364308828
75624155365
10367675763
32345509552
13710258112
180302038668
144983346
78094833123
6263348042
558950588831
4458920494
41790103562
6864396196
29943485805
328682496
396350463484
325550221109
21392866725
225294578773
448107852
21935250031
18839566656
4385910214
7376253023
10367707760
2592425582
2471798079
79379953
14801807326
28535241964
92116458805
300523573942
82387164045
2362348206
230412828898
749217281422
556146292
1665549831
208854317814
15967457579
714561371991
140107774342
178180836964
38991182932
264459099505
156610779
6176922191
43742337762
18829865608
3302800904
758332705770
348412680227
1377129859
205366899330
5567102538
15536799554
10615638731
81758022
9177223103
4253792724
27364233948
93751495063
2553228515
1140154711
73024858012
1132636348
35700679522
291751017909
385597076461
85511114
3113948148
30747661701
53227819081
149113965506
856351072
808039329
32548605077
183273046867
169264152164
1572533224
221660207991
154438405704
21392030712
684905401817
174263112196
132207655
4203721564
85540201
5807796327
1137442288
3110845252
28941229077
350002422714
34788804
527526918
156136245394
7256858068
39377240729
85510619
153922549
10632687730
10206003763
333804710128
10367689379
284663603066
278667353907
10634018356
289849887404
154083716767
23749154783
59503077942
261518170918
11339190
124304498141
10451166551
183645045844
13415176372
188401582185
78181971383
284782486055
1183200109
20946831
14923
15582212337
3008503537
5765074288
799546383804
1512693655
61791748813
20581488208
10454435287
50226557897
16331034
2846952929
398051921353
799517737696
607178336770
10626127720
248999891099
3074523067
136330900744
153470121422
3194170052
63157958131
5708121212
121804233
204608855597
176132796377
155596598197
856347096
13789668303
178098021492
230451934713
3194170481
1684859396
1083231
31805408785
10367652098
559834378
80299195
430542290
198552471369
10367673361
91175695
182136030012
17280665935
2033520610
59503391931
389362257
114079487545
230891872476
346548594091
10312957921
6707253
18847492400
1136701844
2311138389
81758818
19139055554
123237389283
18550148858
188678831108
168951804621
217753172
2499955229
158143274420
6223694565
527517050
10114352872
82405070662
5792560437
5774934607
38482902822
275445336139
558993009917
76651112208
325550187769
3110942742
1229837392
1897744615
10879545500
155195577
164363790
1885771239
19292218625
174878756689
4234914852
58476010037
3194168788
757656292937
35895970408
114089592810
92001266596
46522112475
1712866414
154342463542
35900388
586130994897
10486000703
172365597378
132201799
43734870115
33367566168
23624475864
19301197373
153216313396
3647842132
205696732810
572902041
21951800814
16583230173
136574433996
153944080
333940671009
218360216790
39376121734
247049973619
20736938
61625671181
10042764102
278587180008
284860617560
411440628420
279782360793
1706004019
192296482187
5768019551
10367640933
311861212573
13238957999
300551835761
28544544734
10467018530
41506037111
1510889788
1377129814
221826604841
33466923783
3419518
30738950612
752178779048
286740854628
153759592
31481080667
300552082573
15968165721
8794416
24897554530
74096660
6177331664
13338752228
3536041652
21737942024
3302931165
238117585779
24746191991
458311974806
265286913
4876203580
39690583121
82164128629
11197429
309501971440
80091600
295258352400
264458774510
749216959648
182136486924
175810281845
6183792892
205425308614
2931791126
359742223890
10068517851
90924428631
2321841889
14256619
1822735033
204494894741
2448539715
378110408
31479313639
1376555937
144281642
14662609
41506137659
155155452
7374505649
19504382179
263759400
36967452681
2172491025
350719781408
92406691
3647828285
34202974168
66156997439
348790323176
1145171709
4459017190
11339042
2960379761
28087305558
54247780105
21571433
755667360394
21972111826
225219140101
5639336874
1887841542
92035838421
175032567887
263445349
36387824123
326362615
68670238025
10135949011
17872983808
10215874
346552897218
175917174046
211717622137
2339406234
17781895056
193451509038
183227351716
2409370255
23624269040
153338232136
298570393541
24787994829
10452287819
5570285996
174723079089
9712257939
10367703393
21986657962
20320876790
334694608511
29185800457
181533992536
15967774229
1721040
85534946
114073172822
27364058103
169926540621
34244233349
263445334
18828825960
20220126723
131857463290
3418421486
4385846343
54551420291
85536930
2931982875
182564439716
374227427991
3531112728
155225309
263783789
28576068364
12188
17354479804
732083913596
40310155861
176443986
3110541624
373578788446
12747439694
1970140532
442332
1690869
28567028362
93718813471
104830837894
197362674987
5418719619
376482693011
232980225724
6866096686
182136342434
10048830940
15968970141
22814053202
6318903796
151057915078
519060056570
91053133
20330440081
10256236793
175811929054
174867724581
81756973
19310705867
19504795987
273550668994
16457441297
31478481104
145295637
123247517428
20738261
27365677440
1140155401
70209681196
2058806854
182565135248
34203928966
80363274500
10075329597
158105070050
24270513013
311990060081
232057847799
91986790795
9989465325
6864407455
191792230299
210002250938
14660538798
519903010535
4385889889
175853831213
4236290821
183182415500
752236753897
182564420844
22801823894
32029115953
385948424353
10116259740
10557761948
21983460210
10122303879
20370853203
10084838073
21905366421
158397062588
527536797
4242389786
442186
5561759065
10195918737
447669229
75374071
174865147707
155056784
9592075974
270626927970
293045797
62156458
3655894981
17006045265
10632662558
247051661599
1579722666
775726638896
1880144531
1230880713
560154984616
21738065015
311904255388
419132749945
234249721771
182558537585
237435318220
1376330407
153224321717
2343530763
749217853943
1685084272
824898757426
30916643435
1711404
35892348240
2722436035
793348206021
1685663337
18828425802
311861447962
3655067107
3560443691
275178390781
48794188020
226027688394
30212626752
114094109364
53580545383
4236312408
21105138
55748126
97486217842
19534481031
206703080596
56419627
203397972323
5748780970
3419486
226171461516
22214952041
92162835965
153769898
346552897217
8788905
28529059575
2449580332
348437385956
32348602578
4876191360
6262129595
191919320754
121633306
91135396
61380290741
272349814936
2472146150
3678181418
23079606907
145453883
5768393587
29953235856
527520597
136417735271
22718569294
10031440678
3647549873
128562408713
2449477710
1512145784
178180880537
176136843101
6223784558
17782273855
20736886
247051694030
42492283737
105215234368
11341541
61377214402
14112
231562551393
4681576827
23744677134
5570148193
36946189830
291251120
28704388772
121864930
64021864
409601469614
155153099
17005999644
10453013951
32194947145
4665881881
86243926
144944230728
3459738248
16521804230
208811460944
144945406
3302805674
28536969690
5567043392
61371243079
85562641
28536699023
21964021210
191941432424
291670455
1580068658
18773251567
27362415683
13801511903
21242379
54606531269
195180071862
162087279498
168575978714
144940067
20388787775
24851342487
56419632
18828653784
5579182225
2458245283
86243678
14244097
67252068858
80279665175
272639222954
153026855029
25560103815
154237488068
24445507689
29113538
3312929778
175783922653
21987296648
1266366165
36354330197
270626927960
14668429041
28089650197
3645344095
35801223
6618537756
7256858067
85531702
359745359867
10121299231
294461771
247051649963
20370394381
72041642340
1258736636
2205709356
23782960391
207942242044
18831492641
391221607
226069356625
6863448789
155464699275
92034394531
263526683
155162093
144290556
49967587408
22212064351
24801368145
10367717943
560200783
284517593882
3424129850
29954135750
96572255
78173645993
723979323471
22993577
4695629806
150567821200
19505118574
20733602
10037813647
273486324937
197293338132
263336999124
281678965686
3312929774
6338661
558995454073
18829725704
3582171048
1572296388
60580825148
168845149998
856349036
10367638854
10084805951
85547580
715152661564
1706044593
28707674420
149990074511
991131343
519089619012
35970004423
67379625614
264458882867
5670140069
2325349525
1187150240
3678155090
749216889161
28555252089
85536520
23615163054
19094453405
325550361496
27367036641
191901190884
211275582041
211197247038
4242483640
175852688706
16569120575
55707452
71842374165
3647940162
263360198679
250761210101
16457677751
15590491276
10269302787
27356979187
102892609302
217772295
55707760
3418735
81817168027
206792646690
144967290273
3647939765
136537034801
3645506677
7604816499
13634136705
23747019190
61792546143
153970894
183282075930
59492355688
23984982858
216877655082
205366363694
856350969
27359987597
6259839225
583778147896
5106804748
64021774
28710059128
114050056684
23894642229
7256859198
144883986
6620443999
19269242970
62195313999
35872193881
3656052421
19376997017
35882165073
286291365396
5750443145
332175349878
17794053097
92572872
1557074077
57454052626
269582884654
18772386081
21986412860
211194673199
17783470176
93748067310
42478178094
20320738560
376470467095
6263138120
102953276
33413656504
2154664070
3645324332
145454402
66619076
30633137551
7483551777
1994606946
157005873937
1705989958
17781895059
71842519370
46522207751
10367640339
130431536826
23624316367
24858
31463893095
2932062311
91052510
463511912
42837094817
13463284
18828766040
22063199857
30474186
18830071845
28552011468
3008499258
22505140
1230993036
80293729
20583773479
10086846880
34377925785
430516702
85518751
145010455
210007627204
86692793400
10635038697
28085949568
574704899
80293755
220947264077
92636775
1721000
66642147
1572558202
373856189146
1659771126
194848195781
96501597750
19946337633
183161890574
27362866022
10114296620
9987916512
6864814239
19300329620
22761125
61372395709
27364091056
24321997633
263539491
6864389050
5918947465
4459282047
378208227
66626246
27364656854
20826235985
326311280
8158103118
174727701273
176136843102
13246169288
51867145327
359742237891
20307726172
2846906024
19372412783
5805765780
558993357321
21383004
87147957648
13382780788
86174663651
30741688293
191286826329
8798037
30718243325
61384123320
30211877967
155330776
176126217
41506669510
560009761
376470274630
6307750
24890255872
153143875805
2325431483
91146333
92119791399
35871753703
169023467636
85533224
66619108
2325193903
291561359
2325230840
6263281884
276797960196
21942903258
168772358171
71977783414
153940709
81868788129
5765653214
79462992
11339726
247054007000
122059311
144957882681
5806360181
125091451861
20736706
23285637
10060025016
191952495468
328205425304
1684769271
92373175
157006950671
3531588789
300428521313
62827205004
10368977941
92058010956
2931633281
17531328452
17852039218
197889760966
56837925851
122041810
24196951529
749216591258
1138122347
10632688944
231240211819
96500862941
74468677922
85536932
731133433
10625471401
28534160945
344686665000
378165902
35900346
94676943948
174871567659
309501795493
22319986589
54605771125
311870893171
169171575530
49044617742
23744712982
53545272115
123022874258
178718219167
175814127663
169171643150
28570219341
198290981200
273647868630
85533547
211196146767
9712401649
6223491836
153432761132
1416548273
10517788894
173740719064
123245458866
66704385402
10262024720
527527571
230358762038
4241914201
294506608
23744522528
157214601084
729255190794
32003894760
3302800905
49737608517
375580930574
332720759909
383417514801
34200044218
191249298181
156146761426
20736990
14015
28530488373
209229320686
59739033777
20736843
183367406128
1230523387
5587838062
183197462940
32004295054
46524030942
394195827
349192482444
1732084
175035367493
291598211261
92158425829
284525838031
5573865788
34311659348
21458007360
41620024515
3654902537
282547729248
32344143822
10558438710
58059546124
93057934
9987247056
136539272737
78148099130
87010099050
32024297
9177086771
261662636467
114096912685
3302930324
28091277884
117343769067
4298013704
263786269
23624406301
21457758492
856249317
9988639951
34210980838
23744680299
1557085647
34853192960
23770707138
741411881
183354127446
284663682406
46521273053
45858813971
78094835756
225256401015
59504537177
21943131565
507361709058
269815209203
20581613496
10638434883
338768459640
43734215242
2186907660
3704332730
370439110562
12192378060
749172723140
85663445
10503043635
29956584156
25110780927
247052716986
174862226625
9716364609
151864973
162122420391
149113663518
276651936136
3571334236
8858071468
206701739769
211275478223
45859130495
21214322
300689728153
4702607220
656553664861
10503593737
75623335696
189736681730
23744507058
300551911149
56631821693
8663730497
148078797582
349507862410
1230383585
332171355362
85533591
5708655235
348037354816
376470516421
93746059907
44596986441
556605878609
252668596837
938686389
205366472832
544083597945
291561260
10503024347
271362057930
22062485542
21990218673
20089843164
247056435837
749217143237
940164758
10215997
19369691736
129600479344
46521591590
136728795366
155155448
325768729737
52215057955
92488595
261180220502
55695416269
168525495723
34734151248
4459282048
115784337743
210604074414
350655181749
11274843634
174885432865
9177089401
3491666664
19309444538
741429978
132134310
3423699865
28537379000
291049759
85515612
125793621
24205143487
21421071
206736420134
28579130601
28754889282
324420692133
23079622602
27365439598
9978119933
10621295638
1128818470
2341737117
79810520809
168946644028
2960861699
1894264856
33374655037
20227167875
151927871
32346458884
23102868104
284894230868
300120001584
194848218929
73748528334
4649860784
22674746415
20320869434
1230550277
9984319809
45458185297
2325389026
157006942345
2728066267
1135296964
117660192238
6864797249
5561815728
3168311842
3302931213
10503632378
115753426764
1821692106
176125459
31482605383
6184057965
346548777852
13858340261
146929915
197276863952
91054286
10511921089
61303218422
3110406360
373579085651
2448204179
510620355
105124169450
102622539789
1375477843
52120030535
10634669802
231351871792
559744145034
85533590
6871001136
1510118492
20216233680
752178363322
19534989577
17006226697
1806834675
49091836938
574715302
102894815242
294463244
178270371240
144959419104
175816459100
5664476
4695706788
231995174058
7604713433
328081686376
182622832465
153304790119
299140148282
46524183486
1706144093
168845153485
30633168521
151919867
6183220499
755482837162
40818204995
4664745762
326358909
443555462752
55702308
226212195747
34177386253
155158309
225677122282
23112329175
272606120514
175789801236
230352752430
17354272200
188736024404
10060070573
10632708520
5578534069
445485394171
110171498789
153959758
24851242176
2059748407
430514747
41496637284
15969512326
3645808890
10564352395
10503008167
230286579412
33687391506
80090147
442161
1684822510
559932017
21951105634
10564150375
32203543342
191913279296
175810065959
558010095
9591941711
144272338
92067148539
3678154202
17005937219
447596949
3330472748
157006876621
61058785156
17851908303
17871425463
1732732
28531614024
6307918
13235478295
205366300744
374639582
5707888450
46520426019
159268063019
19915800254
3647939761
276447574508
292467393
34865606673
13245103198
144197821
13240477387
14244348
2324117244
53771268213
6261579011
174881403402
2325337912
1398101172
29949018286
291102402
311951454598
359743319993
7375282222
282476724551
52214760408
226027686372
9177244942
62159008
174326773434
3656074404
136395007403
183405010877
6739828469
2449114882
179348230852
23744501420
286660207012
27364262165
131860863034
729280834097
348860093641
299149523127
532238357105
175169814588
43741989654
24745497162
36936275774
87625318505
514340411
183393008207
141316610728
533512678454
29951577390
247051559990
273859213691
237234899723
203883187106
19183874755
43739614863
10109772457
139882713973
32351923581
71977594779
16521910169
85518773
2311097506
34194202248
42487121277
6265361834
49142509812
231399941000
43747037479
350517782505
190815725505
39943521061
4664692748
753404783848
9977968487
155548629598
79811716775
178180896828
32023849035
3195291810
3645324322
153975275
183183428865
264459718015
3382216562
4680306619
174306628163
61195610184
13462483
144097583
10060069931
159654136161
24205946646
1685006322
226044290779
13221650016
35882375101
4512111771
175855674314
3194168396
2325350408
3194177934
20737111
91994771442
3645396998
91622763886
20738242
375996937540
5637528666
22198523057
312026006404
4450856487
28551927756
23859770582
92407523
284663355010
96038426
5418676814
268920623577
430528705
21814444
27356258283
23744685443
231832785163
6175787962
2592475134
4451247288
174330876609
34143494
24272584564
21988022341
145562753
9712162282
1230890078
154097986
389380631
448046700
16521724740
3194176930
70550045289
75374616
10367768398
3110476704
209235569433
1513554910
31965794
50289922016
5708694129
7603493998
225436730385
2022673107
10039052036
6259946232
10632659136
749217536645
3314775317
257858680062
145197240
10087701284
11277406464
202761059619
27365632180
391809783
114025257218
204357239316
176123674753
527527578
27366343920
1579503362
28931613595
11350386
6870127942
10880671628
17851833980
10619699162
346910624847
174728373987
226026752052
144836844
1961256
21738089361
10087847291
3580693738
85536527
21202482
670514830
21457761496
346548607101
104790966043
9992106196
86694152539
80292650
13858376809
194920689151
582872273
7741592
263445377
265247251
442133
21988019052
53772267846
10632579698
19399917263
6958208239
560114949
715081389243
30735844040
21400966
385618419019
19377045399
136345352445
250879720859
1183244059
723979234379
36388797677
190848916690
11341007
325563922493
169321627795
19875185082
17360454205
28544008627
1572296572
8858078048
20726629675
144172626
741547033
34194294753
28541723971
176132796388
5771922623
205695368752
9716417477
10202669923
14583972121
12706592737
24851242173
20060503
96915943565
265025815
30459285
275001404062
52215554613
557117992
663676220842
21564654
96194800
46522214614
93721264022
175792584398
311851187208
32348538255
30747976643
1130581785
7375401838
92154595352
23112345214
4702633134
346547406722
10625353616
1578836612
29947190294
856491498
22062516478
70537510982
81432415626
4203630878
162111194006
299150707394
154170181
21951932148
34525531110
91345226
291177866
20736710
175855597178
17005738900
17006150812
1375590691
1187903642
276319111119
30850464378
28009038019
231322845332
17599115027
183717697030
59729299959
248837976559
131904298
19504219994
230479993091
16599166674
93511400983
7451224919
373220281642
13245093401
28797308152
20737074
13239609812
21392077669
9716657391
154127888
226188892942
32025583146
20225627677
85430550277
2311124455
116360122188
21941510169
10565991703
39376816652
321847861954
1146043083
18853219694
218023657658
59503072778
24272613793
263280658277
307491317022
211195885256
56419698
10503165546
102962974
10085668597
10503021040
8793088
153734676
2325130961
3464837993
300384958122
2172422460
205191417701
175256071269
558993702186
21986912590
20143045648
28535583814
18829388845
341786258030
21393410
19941278487
24272711884
217772296
291253921
146608942280
225984278074
10511911328
92001863251
10558044850
28712147210
86243826
34285912608
579652473399
183590448395
226044290778
745583740124
52213609123
1377377716
61314336659
80027812
20736897
21897544595
59826981746
59502641202
78180355607
264286104
153993891
178542392208
17360126022
19269086035
28954641177
2131941984
10215054
54554538801
2186888828
13783260224
5752087316
13236670628
16458010173
43731574950
19499384899
176126213
140409099
5713732486
4681581660
175802387866
583736228195
21833523
62155178
2320358879
10214997
1377352749
13709836100
376470499481
28541123374
128186093445
79371512
394278119
247338410380
3648207526
1638817914
5778154234
178135893242
19535331272
749217091949
263445322
1573344782
325550300689
325552276772
122093659
155300135
263830539
175917174045
139754568699
2033522171
24746256277
5567045589
312489520336
46522469731
5774051125
5568111806
153973662
19504696887
9979847867
28930979427
34253505942
157006917094
19399698591
2154913150
28778523574
276448920267
12188593864
278666122828
102898095
3120011984
92058504869
4236289700
183302174276
211710441070
188734767839
96038119
1416508033
155155613
245866093636
610694155171
19492591242
183705603065
25559585736
540424770932
46522708952
5567821863
5639677150
22502747
11277205276
29182119401
25557266621
176128828
47885272496
21888828119
10102568897
2632545625
139073256
50146328
559902794
225677122295
198334271891
4236312411
774723460408
86704131126
28562102222
145215472034
8792807
194848229261
260286493180
2357323290
52914282430
27356370540
227640100724
2059236235
2325350409
6958543677
1994269413
774020581998
5781246279
154297466483
95599643493
2325324370
752347890409
42487562238
291049760
5777364985
32194091798
447576013
4385795905
80360260069
17011062094
3678181716
5635885433
28797993602
1572979245
2447805563
144963527120
27366543928
49226904583
102953267
23354412
54550266521
159505252263
152710012294
323534284702
19138775097
7530379372
527532681
30743418928
27364614038
34203982689
1538648134
191792318577
2051357522
163471127182
221660207998
31481143159
85518803
311951130458
5561762809
35452880926
27364677192
328081686377
725822895678
20311146535
163360208508
39616243300
3648344245
454990445973
10638153702
11339363
126746620581
157746907211
32572287275
40010710893
2510122239
1994236141
19504620931
145949164201
4242498728
232007538357
4271414945
1416661688
85517941
96911569358
77436702268
1128667016
9586471742
263776200
3193144249
264458774477
350596235024
1692001
210616542622
3459724082
34197584273
178730809089
5707901657
2059411610
21242890
46553178691
144163564
52215861476
92055121651
225617013040
181594523655
93268106
5562286792
13606451410
277670933362
6864783266
92446779
574675432
2186804790
19504882955
151929018
280302333635
92094389504
28540974843
309663335258
382097909006
559943152
758564963537
24851241482
114047383592
9579310242
19491009376
376502911602
21986796949
17873060610
5780750818
2022642817
80526801778
1375476793
3194167874
23749178782
1888125813
33179489863
10367640229
226027802671
284782537810
52914282429
80226562579
20043734
157667570744
34292126805
4459182286
496947780045
1289281380
30716385461
34143168
34194273713
20826201880
1128201798
17375888236
86172253070
8858194025
19170567646
237529800132
28533603170
749690070060
66618597
23859189345
6317948807
230433858063
21372218
230322619059
258447945206
175786736119
24851692857
13245726866
188734767841
96499254676
14638592190
32430706286
1996980
389361148
52730367405
21087266092
114182032762
10201349677
27362970651
16521445780
16330407
36050435329
19399698589
309361884150
24098137115
77435278858
21582610275
80091558
528052466
6864389105
27363633537
21888078483
1138797601
163407458366
85517944
9381002
19535584192
20296
17781455413
108459805066
47298754730
358712393864
2258666144
1572153436
92047355638
153963895
574717124
263749450
182146416921
144971069
230286579414
985753249
144975165521
183665996439
144800534
5918590862
41741762221
19300310542
507362219725
9585641823
10123275638
276646698291
36873324658
32977596103
91069662
225570988222
23783128409
442299
231996322923
21346458
19499465282
556609947870
2631768647
6865530037
1579860144
46531895201
21986634108
145480531677
114062214007
28503582796
169023622646
82402206369
78094771226
28962652095
59502641209
430530877
145296095
20360042119
126892536577
14105795234
67374510239
191937416126
8861624397
128352576772
151934085
178542077419
289737472975
1711429
447672110
195112491537
1131083392
141316781038
495596883
38632382
44794664
173254387929
54606293115
247451016670
70598530659
77113438424
36977596766
1137421276
104795115295
326361231
1658951572
1416661458
21457585303
92055185975
370437751980
286668588062
411681124112
3381596689
741373627
11339064
191901190883
2449724079
373578993658
31981062
20226099832
10632655387
263459950
29952222040
284388909340
24650242855
16522424851
10049914719
19183378077
221660208001
297816357535
248418470846
10202636497
3194073670
17005280985
191271629093
11274826302
6259633234
284579146209
85556513
23749026788
32348946213
92151117535
14671560195
1970142186
394278260
2287905775
732044651872
78094506442
91133668
17280677704
21458197691
17005254983
150490602437
13789087039
61690096896
3189447028
91180441
52214668374
49685585111
132223155
52167351490
33152746153
34306186884
38976476168
12192612104
5579154283
197168708767
10256195986
102898147
7373236850
11091515951
1642011244
153526488314
208979091221
2931704353
45463970477
188682630862
24197116199
221748454424
378101769
2311142817
23749111792
10369087360
38851287844
136360731119
291952037
86243520
284388922609
136354147346
558922408276
102893299823
144172582
2449414608
10367675915
104791450693
34862711914
1888410792
282476636515
4902774673
1638702852
528280661
22800029786
155546117404
102892441
153331121517
52214142663
154139716
468232385
13245093434
123321537
80824306440
19504781430
21937531107
1187706012
10028852077
2449439499
3585604493
1128976147
1138108573
169603037832
21375657
232062627178
3444328092
270963462402
10123876730
210007774898
17851224516
777167754576
13608457141
29956194549
28083515836
13224212759
153976181
47889274062
1129234543
96165919550
346551844570
210002207149
26080961
3121286796
10085717836
461409604
19373806854
178180632854
211275415833
32253392955
8858321506
271751235664
46521699049
10734195475
46531501287
286501822723
78094729096
19144645717
2832909830
20221599642
3465864281
268608852552
5561786889
2310965908
351503385123
20737126
10367685167
749217533627
3065754925
11341056
130180679150
13245587792
263822806
35801625
46509741085
5617106105
19268765661
81756654
442318
4245641001
278477427502
10149121767
9976881192
752431628559
10503045654
3194205575
33371126866
18536549531
35891934810
155572440492
145099416460
332232573672
560111909
8502700425
17781947120
260337894997
2324128725
16457597296
3655994366
5571350709
10367666147
27363759367
1230902231
42834630122
36991743579
23744430209
6325554012
272278735681
220940120891
23749194067
4385870248
1572229600
24730638386
203884346892
7379642056
11054278337
96983471
560968260410
10059983262
1660145216
30210735910
351964848171
1885399206
461423676
57021227559
20222165763
394498382448
741429860
276646819147
360096475768
144174281
42831331245
10335973917
28576891194
30469827
19503453725
5574928607
276646698290
263583339
4236356463
136344232108
10461996833
178212091275
91155633
114064907412
856269202
190302147094
749217324298
26082141
193094876299
351952488895
15585834550
70209823902
24207968632
125012542596
136012465180
325550300692
279782447877
5418720050
263781681
2556550472
13235411404
16521952992
327607107366
18837068387
132134887
22062347221
31961009112
37048198673
10048221131
23075957884
2449639175
769650832218
3655888410
144163391
273829113648
749217326786
22467806542
169669385231
121758381
43739329350
44730613
102951740
182492525918
36397500702
7376915792
346547386100
299138238657
15585532477
17861853401
52138037087
27361274505
153760911
559909846
2830474360
51243496561
225928143698
32352907094
151920011
27366373585
5764417453
741431579
326345974
3648205379
21997455872
5561811116
373215977000
10503568377
1128891704
169023440540
57279312467
86260880
263591513
30633151355
131227082386
10368989070
32003707572
34743802605
88047213362
188734606715
275092075028
4299193028
4389041690
300335844315
13463436
285114552255
48185984181
155056948
153984292
34839919421
15969918375
174858759769
183161700136
70518056983
744281746302
80284315983
3110843772
10564475111
2324114625
231995081003
86692797015
134876341950
121775753
9716227792
447610202
3648207443
20095301361
230257563798
448085463
23100141946
6325482470
91050518
2172490865
326360875
84352465580
2033516923
227054961302
2458259018
85308620648
71969879210
92549109
144768878
96017565
731191500
192278900753
3302173538
17794147241
1187498183
1659095087
67250862707
14238842
2500925141
205366138960
136722604775
3302931849
30743343667
231237390062
5805494386
8858187800
204059852692
31465935499
92111218746
91176181
20221240069
261661837560
21394446306
211192408799
221706702908
155528398815
39671965738
1129015148
24273569706
5567024269
741429980
24273424209
91150572
197318913636
32023322363
17005533561
102962981
749217133581
62493080254
11273992732
231790580766
19508479541
169321829065
273486396045
155091516934
17361812640
222689405520
346547346805
3647842126
2471669331
168848556414
265215542
263549002
1183332705
10382576036
27357954419
157006896466
144289409
346315504345
21307908
27365240644
263445433
325550192661
1081040
113978853075
6865526187
5009666262
18829359236
49045356238
172926950063
749218091858
8652638489
38234839185
30748676885
144336625
276448954497
346547386094
5807362959
68300867262
92463071
96500862922
1375641574
2311362366
7368231231
123910888564
17030763092
10511958643
8502747137
17354120954
19940042525
1640239344
3579206716
6183165464
68484387517
141895297605
366328429508
32242739119
1822013578
350256991656
1763831740
20733594
380155320486
176128791
3535335897
153947498
19138801088
91135393
210002433082
10577717870
178294753870
32584095507
206820745160
77732101537
5567244303
223842153613
227268540008
41038117041
25297366174
18828128816
72050297069
28713237001
10049162042
2022640522
4385883595
311990121965
102953275
38015048301
1885491576
31479320951
3252444914
504969217220
27365214035
5640565462
145453799
21218153
5640430434
85663524
21953669877
64021777
6260099704
795842257345
283005099075
20224699197
10503002865
753383982965
259004776806
7366181990
61297614332
17782415434
49044163681
398063445417
17908686964
225981269742
34821695
193212762293
309501863517
10503637168
66619099
10632687048
263449046
2311228486
144163563
16521780861
28496368536
19504237420
6261675311
102955904
141875238047
296801795949
96921704492
788005278
10517846821
85699718
2339357761
263445397
103071405
173974558423
11359129
173652483912
20736680
1684876119
715842845686
28532378749
22739070180
19274600590
359814292170
5640342378
1145275806
158559752618
30633126250
36405659125
6338927
114076353959
18826597677
5568324570
556814891
92031748229
226101648513
162124451673
24332289
326361601
65919265667
61383309922
308652890065
67377832703
18832456203
19536745414
559053218871
271789354
15536732692
96197184548
21458197689
123151656459
54604993511
350596235021
170709507609
275463854203
42829236171
227739704513
749217533622
328058516744
16521903725
752559734193
528273608
30493006
5781121062
13237144217
78094651722
742756107341
6322080104
24851411282
175212612222
92949796
59503051425
50780376884
2458189340
230423834576
7375392350
157603684458
22003061623
4242682764
6865658018
3647940160
282583773496
155153254
91294393
19277875216
1421080711
5067513927
13234946108
10127449016
23865836954
346556127123
18827869170
9711839044
6223271951
15536624603
24851628970
61198345877
48184931957
244811738458
68246658091
2195479281
13240121163
3205357492
1511214208
92131518410
19171117253
325550146573
27366589142
17007842674
6864722087
217592100296
21292299
159673425929
80296910
136540928486
34865263
94689767171
7824023795
4646401464
230969462399
2931633280
3647911276
80292595
42480107580
58082639067
2131964102
21990323659
16522340047
174866364368
1229699310
22502746
265313700
10367672985
9377707
10038376039
273863287611
21909198304
82158561721
5567128310
1376078569
34189880382
25557387993
3583136100
2315264287
141316506005
27363020290
325550187770
1188280469
174879454325
183155152471
36975800566
188735977493
2291054120
183590364224
7602215736
78094657006
16331227
56419944
31481055050
10367641300
493344517892
4091985022
157005868018
288046386817
4702581057
72041921195
21373052
80364223386
183278056911
14276239054
320206274
121860971
325552568009
168843867909
1137674113
13243741069
35810802
45465873349
21412989
17006848867
17022423945
5708110223
375997374100
82150413459
350559729173
17026574107
31980217
10503051801
6263825039
1375389573
162568167784
16522014439
5598611849
284780466426
28709897881
154341062294
376623426086
5567966781
23744479302
23624317799
168947971516
178209450342
44811674
2254933974
6262262634
105505320658
34845416011
378864340468
4241990408
55672710
7370113776
18827304733
25997646176
273673260169
80363421085
144270600
66619080
282655178
23744429893
183479859798
276646362075
2237213456
13235430876
2324852197
61206612138
19373068383
350805037861
13713703044
10634849466
18851735768
148025660269
159613836505
391491303
22490634
447663579
174875432874
225984278091
81756656
84353203594
527573397
24851211309
57453806645
125945710
9990218247
24198095465
145873442712
9716145669
375997400432
7486600490
346548563799
19300587689
375997549380
10094042356
261182960311
169977852831
28081333897
21308831
136403969844
54551026891
345987251727
34821676
38654535
1376481610
41487054780
376665049362
92178504966
856349438
21372229
284409181210
121858039
27364095689
42494132664
1512014098
39694249
463434482914
115761340256
30633168522
91144477
442289
92036223205
332683427201
263520403
17273611063
7369262880
13861142068
391504137
273829113647
272560264378
939107577
17904178609
20744357
46546439997
20737537
157002831993
61382709930
14059148
808331156
59503500929
236478208661
1970140393
1821979236
1188483763
7370676921
10503006903
297814982608
258441044796
4385846226
508757118966
5638922015
19278410596
133104950683
20737545
172366882126
50777273235
281680123187
13723330949
9983915366
46521724926
67250200933
80091589
14671118857
6959132448
169171610895
34193959409
5780230860
14665759275
24851737431
59738056901
176132796380
261326854801
17354531599
92116427414
10625328371
270636947749
46589720
13241772554
991284219
56432560
121860079
61592394979
10216063
251565194405
71971093996
1970135782
1230949117
175837656322
24207125642
155045211
30633287995
121923283
67380498211
85536878
216840516531
278665938710
2432426276
35891841234
176652621
11577902604
10623311073
1579783123
24197242446
3645344093
27366467915
10036078254
22127806416
558969241858
10214989
3194173835
67391290747
27363649818
20737541
10367667801
2958306647
168294524778
183162900001
13244987850
126269148967
16521469249
93718184158
102955895
430530913
153015789293
21877449006
6663074641
6866071434
325550221112
18772890843
16569102039
80292571
19505118583
16521756202
6307176
1291257681
34287663378
32199255457
265147442
22171657157
28541439786
856346741
250620449892
92157856598
349515733649
139297928469
21737119219
21458195571
55686794
19946418369
4458884470
7603485840
169023426164
773324713786
3648311868
30492940
175798075392
10367640946
23749238346
2432441578
4680396641
70550852952
276448868948
17857325347
1658955754
288860574646
38988659588
17354231052
104791550371
328085688455
151828759
4621829392
59729196967
46522682976
1132517015
175789817607
14256573
32010322
10632706434
17280797746
1660334436
77439656144
42491010435
3110420654
9712383217
92110463465
21986931557
231826746700
4451159860
183300160529
2058547054
140426632
27366667630
32351836555
527427834
74469097708
62087178252
1538944577
9710103098
322090011602
32675277865
38195761112
299140277289
21931848526
81889767
527743955
389359866
10525515528
168964253257
19179322623
91054288
226027199970
23859331092
61611892855
10503049474
4236290825
24890054552
249695481331
61405297978
24745527706
57151728681
13802192623
182136250452
5561783635
31515248030
32674959826
6176516940
19399705317
13239667511
144852922
5567984469
168677342089
19184997192
1891378445
181709829233
28702629992
27364227404
17006226698
9987468119
32677902184
25557672229
10267583290
16522350955
346550820179
1230985646
74096663
375996919071
1376476535
311861321930
34854825717
3645397008
19095545277
92027238667
20582136832
346548548970
20737056
2187420252
23744627221
92045468379
21738321534
32190508002
10084770544
95136158551
17872858791
86174193769
10729358504
6339304
24745726007
225497760589
97516291194
311990068994
28968412482
32346161944
84351888046
175886788633
1128690604
35744133064
56419800
856325290
55711985
19941411567
180051906106
3314749941
154097896
210
300551712989
556026983
54932931092
121804790
127509131045
183194604821
359745420802
485875313811
32008952752
209229387485
19373014725
61378325936
9978718901
92146113206
46532938671
32188727826
10367666279
35892109403
175832249726
477263602720
122100937
275001630759
45444599169
560153903964
174724975257
183161700141
1187748459
175803914819
3192525114
808156407
311870826094
3194178339
19504840343
2339134843
39376457648
10094106306
6864798136
2341687218
574675915
6864050372
4646401463
23744627237
80083309
17006452241
376878943
13877504338
155584827604
2059348358
192268558533
559046030116
15585279047
29972645641
375996823142
154061628
9992171451
17363053108
1887957002
16521780409
92090595792
442077
155773939226
736640128864
32431537014
36387350140
10625328373
3647911571
154058801411
266836926
19314794714
346860323503
20216133081
136543447970
247049883345
1377327179
332174861510
154020447426
155091454500
708620125075
248519147395
50281402705
92117375766
74096712
191129869587
1231077974
151923545
2325311932
359782237950
507361814346
17781395978
17006842453
16569092162
62630238557
3192536942
102894080494
29954134395
4876160401
2019790574
559901312
27363633538
294470256
6317733157
82826642147
566471921417
30213815711
3595506657
6260366768
26099515
162074160853
5707882924
9983633169
28082258993
19946393770
50874456674
5751881391
730718200685
1572876652
144098967
70520580595
263445335
2347773082
4680379177
1009139824
84351888070
10632577928
30726103248
13710593259
1638825031
155582187253
10215957
169171806959
27366856434
3678593584
2051199993
375997411046
30718681189
2172289932
19179159636
10097397907
20298419683
5568154047
226026755572
3413855532
856351522
285374314578
430536609
38479274509
5561715101
21392790091
176136843103
104817644288
1697104517
358779417526
62185606976
42489867300
1802857694
140363041
22709256178
261660647673
30631854221
6865464080
27361968253
447596948
799537028038
45163617204
226027224453
6863720566
153224321716
65040644776
136409398710
30749156057
6866093085
21737964938
19944636096
136691625614
33386250078
20307723842
32016112992
210002522123
4285038606
4680393406
20384965032
271774005
37476634145
198553118745
20737067
169321846393
282548787208
10379801624
30633126443
155596615813
261660650313
139082098
183161890570
322428079754
22059745546
206767153914
6863871293
13789072162
24197968332
33175595482
197872729938
32979660690
124366636340
346548681048
2960808914
1886175039
191919311361
5805113770
79261247
37564700109
191924333417
1579816229
13244949549
34302502961
6222726611
3645529876
6864828139
261660420608
10037169083
19175557823
17171283381
351984335574
13240065177
19278155624
18829108676
36406661611
35892175075
153158807551
177695630508
136366002048
38988093347
3194177758
442111
152894261891
10367667800
155153830
1711426
148627580081
3192608130
20737003
96916130790
10222294
5776256065
270726372041
5708655864
20741481
183162900006
4695709553
36961606226
66619103
326304775
1691273
51866751826
175799421224
55705007
102895186
34210729879
17006226728
3448288975
16666373653
10626829296
170528356412
164166223872
24851411274
20221426455
14639105358
753413784730
346548621198
3078672752
749173448574
21737957900
172677114193
144265992
346860795484
92036099915
116767891686
500767965751
454870303995
5749589438
25557354430
10383044497
5619184632
205366734429
10121615460
21936324240
3514981959
324165651296
54190445726
92635275
17354302074
183160457213
21398212412
53225409778
278589436998
13244966882
59503518211
39941733531
80361166250
358225508588
13235426127
328706337
15585722913
41482149471
135919168829
731221979
163657032671
28570223680
17890035637
1230700147
10025263875
140561880
263782365
86694180660
221672855866
34788897
652053083464
52144037998
153759626
11192239
122097775
4536843118
265352352
10041008585
6864020804
3194099990
4385972893
3459739660
2033521842
40595200829
27362710162
35872714447
17171524746
183590165926
91133671
7373926921
13237056901
80091622
136397482558
294523378
938906596
178730532889
1134882827
167
144755850
32349966749
3312929867
22322023681
21458007361
177746838
21038604843
175797127759
1711468
5650290255
12998809404
1230298713
204612520283
112751292604
175797873875
169023386996
5567365571
17302338352
2118828023
940123327
559841927
13445246067
263498048
273864312687
155165181
6184663211
4986770237
394247302
20142978127
2265264313
121935313
192695183004
131916046
5606526559
554495230770
13245093435
303940014
32019396
27331866
300551933925
346305107557
715081556482
10632578364
52120030536
1659080363
228432064963
2592425457
45438735854
265264846
1684769277
153923284
169031799807
265832294261
225376675035
96998757
10036623285
72026895309
67394138693
359742304343
4254171596
57453785177
34789104
219328827
13237101100
82208524539
22198748772
183161772285
17598930712
19504582171
32972985189
124530060860
28549407014
63109086817
206797330626
2357397766
1822740801
183294107529
11273427478
10367643710
291019869
245579960117
3647543164
6307797
1377630602
231861878228
30213696026
2254893457
311551501280
61211530072
183229360974
144128899
10068469260
752178145936
14801519436
6305964
42829023434
38667195
34508225695
6864811707
169926547086
215578188155
3761061190
102951752
1573538828
1994630686
350526277488
78180474949
1945600211
752178145939
113615451344
1731996
2500927439
218239329595
1185821954
192743461178
91056456
22135438574
206762494428
1140154598
183196802410
46545779594
10367640939
2982076429
264971428
21304767
25636941399
86264975
10101107274
27366843134
32354120334
332674186269
14638987812
3645375925
9177196789
1511319289
10367637750
98559917474
1130924864
346939795586
4537089109
8902115
6222229383
23099893917
19535315907
1130710874
2931671814
527523710
153974291
144937668234
28533535110
6306893
104792326078
169607206626
263475284
348790454286
3448188006
5561768269
1879596235
263782831
291688473
43736163347
291562769
178752064409
325550109541
2832903508
376025668159
114042582963
375997572174
137576248
208811460945
3301895532
34789097
21937875827
265264848
79268059
85518129
2246288231
6263340216
81469228965
237500049988
96282134
63962247570
1263853337
18794121569
231995075187
38480752819
178180561590
263445376
2832910002
3193987813
20736677
2325358009
72232416463
260538856063
328110766724
67892983
556313879
85535241
53770403292
1892729895
1873682178
205366886962
550843974
104792148947
21972599998
11342579
442155
263445330
38483404960
311861394702
21986754871
24273040198
20748690340
1886717360
28710054922
226027213421
3302930803
29955842010
21390381182
18826621659
6320996765
30738274653
3647660287
12896337000
183292099096
18830308958
360096584282
32003943756
175212900371
157006948044
1413000158
27362866020
59504105170
263445486
1375488628
326309541
757618828392
10096164961
80363725645
808036548
197107044967
244927368660
2832840438
291171498
2104398903
584753843131
93718184162
715153950586
38642280
1185564414
4451633799
2357327699
3419474
91147543
144482913
1128837990
749172723136
46519462465
4702606680
24851123958
92039517385
7347691929
105124312896
144281794
163971648015
38195888602
320130973
291603695
1886261772
311861485862
144852852
54605766504
10880444330
21946480158
163353552728
210002207150
2830662454
96039559
6222095747
183590247623
187940552293
557691713570
15969738507
17354294972
10194812585
1463620528
10632614507
2325309668
153703483
1137421280
27364643334
24270896446
19944585648
144265730
159447006027
66657356
6222149630
144793392366
282472866131
159686653552
350235660334
287684500877
568844768440
227561419275
121755974
10517847523
2022619609
939000758
24205447717
298916104567
265404208
558930677983
16521661308
24786126766
85547634
5588446839
15536731189
89702659479
175807305838
7462875916
22319169787
70609462184
94650356581
27366843140
279782326448
582414696654
144502779
23783614507
749216829102
1944925123
169321841202
9984325071
104790977217
168768022756
24851460244
1803014653
237434109100
10463005336
2397851058
350622413729
10369106728
1579780249
10367641171
73146807396
3647508999
191907209736
247853018063
1131330852
19138466423
231302821418
223855934774
282545418947
13235472226
162566180479
34304981765
192159144399
91081124
16586488908
27364637189
16522136992
80292574
205366415242
749217644204
32003818756
1416506443
178296399518
114154989046
34741027789
163352781181
153973059
17794626574
447691420
225928143701
183335937993
13783680990
222464369733
91995485885
35900331
1416463920
144471167
10367673360
211278938094
21949414385
85697359
1909856456
10214992
207770355702
447672986
3312929854
1684836785
21412985
56419900
66638021
9712404883
72034415256
13783237077
67379777850
24851346361
53225386237
20321128184
24196713595
10073761776
17794669195
3302931847
325768759486
28264316
22709183592
11274673785
13782465045
28080662638
1711332
392001930290
5561701492
176139366
90532216957
2195360305
1639302827
91228550607
7256959056
10367718169
279782245673
21284872
35811045
309501791271
176431452
2332544030
85653149614
81788841482
4242810802
311851154379
39922856359
15536793079
10522035367
1263967181
10071004048
153514395292
15536788674
170327713765
260488612335
747957274
62415492823
62890954224
329317212
79275779
221641440101
36989549485
19535183045
175794912075
10511925194
10124062460
144312869
17364786026
157006933849
21457744528
2432472546
279059657
346548464904
22718633632
16458010695
54606069178
5567045586
360371777767
232065835046
10503301403
233326953
32028986977
225411712212
41506047981
21378220
54727639696
875561149
21807876276
123280114762
21804382383
7357333954
66704629075
92064203604
183161734773
23783033380
6263317305
19287874069
21393256644
20320869438
294581025
290276561040
17859913340
4876188765
44811808
33154052460
325094229857
5708096234
25545284764
263463954
99
263445379
335639927533
10638608081
17006825856
133427773407
2369906371
96208213940
85704541
66639231
35448676912
144985976
49684229214
2315170069
841661739
19367781348
264459067874
78182272216
91155634
85675232763
2501186673
19940176413
153975200
559843708
97011261294
753443211090
27364095691
20275473379
6620383814
19370948499
23741648397
7375450179
12193105561
27366391326
14238888
1377981050
3648132784
552435586
113865479473
378300099
3302931166
155298664
326353523
638561847366
6183574501
494786704
6329834032
260833545600
25298843894
17275400427
157066231
10503021039
7365206846
93718184161
3655056759
37841423844
83444079811
28707555607
27367339330
23754213804
20737058
21901994667
30727373163
4385971830
34302651664
175800042171
10453563634
1138116850
205425456401
17360560657
378446982
10047547677
286855243324
46521724927
15536731190
83424442717
225981269433
17005404864
3194153439
300385181751
21939508849
4646657653
263583341
291144392
17005391946
98252040212
1230550094
31482123762
19504796004
176648759
92454655
1377128632
283093666953
13223954612
1685015739
1684888931
11273745906
13245748904
10625471402
299150879698
24196881615
262322430887
263780912
1081650
1827576306
447687385
44794099
61062926000
28908419220
284658021723
19510180757
122115224
13245061741
5778991927
5708102625
72682151577
272560379921
325768729738
6345131
19504399328
19946128897
16364373
191817596264
96501605078
10368992308
3654949238
5570398183
20581695270
273480572665
80296754
169321726409
121775751
155540834752
33152015843
2325183911
20721209900
121958712
1140153644
2448094863
183273035717
33468071435
5460303
300589585843
86191921281
25557024928
5106811274
87524700536
46524373950
27366782238
4242310602
1130918568
45459745375
21389250
19176885187
20736902
20142890441
3655637888
346552896088
163972497087
21889148200
183160453136
1376251380
75623445099
237623360683
4254135155
10367718168
447595238
277436284319
3312622730
1580010768
55671548
272290781373
5561783634
53545319826
21972194160
78180515546
474125693
557571146790
1183408113
24745497161
152893280293
96915192878
183160480138
427966557106
5776933761
1702499524
59738329135
559960198
1376305243
527517024
4681557682
20298980018
1879606625
284663662247
28504012617
249524249252
113900352113
233938224140
33472305721
6262264395
35970036143
4905272652
1264009274
189426581410
2449670537
856237556
10085691348
13240179682
1230650463
61749073943
167847196382
639731077899
3593691438
157006893601
1579750607
300335652325
2341781411
545238697273
10039452331
514352114
225222265081
169171632202
24649963570
5646650298
153971531
323583317146
3195246642
166515005303
10451181253
5567102540
273772764887
2631716255
176128790
34821324
6262763831
28555092699
7902
6260350021
176132796387
225984278108
4647250391
231430990423
3449542238
102894346372
19497530230
160953818752
1133438541
6785229202
10367640226
41535856224
86694133221
501772669930
80861043
25559585737
260833439475
3120070382
752176847503
325549915927
6864132256
50779541435
263752537
286248290672
170504212522
27366343919
271533809457
27361487639
30735814594
67389959039
291022184
14256464
273486300545
121776214
7602064615
195927910645
276448792421
25557430409
8858308666
179572214254
7791244938
144747686179
298323615809
184091330529
1133289901
22514832893
447635227
13239405974
59505346792
1401993
72291707118
144767860457
211698908484
19505118582
210007866889
1658950949
13783961017
6222423041
9985840925
148404877372
2195293553
21916119210
4664743320
19400607467
6261346005
49193532803
175998920441
1821740254
193453522301
153158804383
272560492427
67385828714
36050798942
2321501335
61379526611
157009044139
35872308373
5561783640
282473995554
300385119170
226027686341
176154136659
24661947346
263523579
35882019874
5561715102
62155168
34742039630
1510964327
8793069
24851327259
183224300221
14670593322
225497760577
6223225365
37564645444
205566413290
749217690385
136374145210
13818872788
13236665761
61214131439
1416517688
47719661603
14244411
83475398704
286736816345
144766257342
1970145965
153428711471
31465245658
36216185889
85518858
20332557945
16521946905
28008848814
1880057921
225570988205
1701785893
10625459488
29179391057
155332428
5674599292
96921783666
1684881826
20737092
53577421353
30463344
328055479020
13235425176
10677169678
34142367
45453908857
21292439
32352724328
24853669356
335777592609
325550089444
3074953373
183590326911
300387427071
1572862161
52215551822
20225104795
8652135612
152904981886
5561729343
27366856431
10106733051
181929334569
378107951
96501716283
7390496206
7365451277
50290039776
30214182298
24851342497
214224195807
4451071447
28935639466
80852279
13245045545
179695477057
252954475303
7823898700
31469649317
215942869727
18112635617
265033323
641423140566
33466742392
104792344436
19536021616
2631771456
44000207837
5918877723
21428757
34295449148
4676400126
34734797428
153156683623
377874768689
6322078918
10734933987
1579787184
85531675
65942486346
13
20738138
1132997753
18826813878
104791355580
27362910332
21915286862
1376332589
85518128
178255646711
1886798076
4385851783
746820666567
292030706
2033520614
7348339443
34197583821
43742092199
226028020988
7603480309
1944901760
6734382
19946437290
250339841064
121738433
6222262148
284916853636
153738749
1230552625
6863641952
87028638071
7755963
166503412058
26006717718
24102679836
225960208174
28560851960
376022651559
72042981124
1639789693
5567107370
5570746718
18827706511
19274366159
54189166178
3194178335
151786631453
248418875043
175887978060
346547406712
15536731631
21392866723
86101725
151849089
96150329
442099
230892110914
28533603169
19400003140
300232155551
96215569562
22505138
22801810585
14755373140
2103897486
19946446213
36387555522
6324473971
209992847817
19534481029
62156459
939097667
246969483944
5975823395
9585636839
21296093
226027215123
548374865047
10102550209
102983126800
46522254806
174858456751
56487045
300551712991
384666302564
2319496985
6864060128
75623876984
32185657793
16569184999
151929028
104800852489
13416320795
4451012314
83420140885
560261900357
53225448196
178159197850
447624395
19504917323
346555023182
7484557670
2472094745
61382565597
1376668382
144099585
13784011464
21458152661
2022640525
560859282164
273480597881
5805762514
17128235063
34193496668
380717856661
169321847199
325550127280
92549111
300036178612
31975682
19503342358
19370359223
350499770095
2846912991
121955000
284661087123
154002356
61062918685
247054171177
226210086822
3655067451
376760439
225617013050
28536288747
536299085978
10511996232
62190189776
219298352
312028138550
28933129751
60557508354
5570548364
82163511680
56419762
285248524990
34864688226
29955701710
30748761495
8861643137
359742223887
1510902999
17005397496
287061039409
442184
264459477638
78182457210
10632655386
50771183261
10567334184
10254622432
162093481582
16211376848
4385972867
300552202463
225376675032
156667079
226026550722
332324778889
225460750293
136375501890
350810098714
18546174780
168946644029
150817756652
144468161
314304874266
17354413076
172647619953
286291426690
1684869080
19944636094
35801853
573274113
4664692320
17426608891
3645509695
2848212635
27367610547
10517873040
123085974
377836100929
13242992067
11079755169
235139936019
303367904
284658073551
33370617386
1894262696
3645443572
61374874968
86261743
9713794480
532237771935
35970848854
124874356512
13250684164
6222978566
5780077512
154772534914
133106100085
230709398933
16522502194
183231409058
23216085217
375486479341
266943782
96759108993
10195106162
3647919902
1762649347
144272339
1375488625
159668248071
66622969
22459404134
23741807978
103195653
378316141
263328850753
54540360156
46521545614
154127889
48207447260
186717882679
238658355329
114484378125
3545722102
749216777023
21304766
92404459
85676038243
19946359283
20306905511
1706039673
2830676521
1375593980
30215763459
733850960759
2311124456
3193973299
23749096593
5805935235
28802062496
271250588764
34199819081
35710979983
579789236797
798815347269
4451503867
749215199048
105123822036
17377872699
24272874358
273480536558
346547386093
206701797453
16521835699
391371513
20887915414
121990354
1887044224
10367652096
194845620311
527517904
25557245477
10107109062
641738297527
326327133081
32189019057
273486356652
12186
273550649798
6864386365
169321844288
55713450
346551844413
38195964469
191901190881
182564478252
93748067312
37539829701
19369838429
20654170546
21378238
23033670
122094690
6264793091
10215015
1231131712
65667176626
194848122818
178233750613
92105641364
640020286
556636250
1721084
92642923
13260763904
32009145694
2931671820
284860617559
265013801
195110366833
10093291499
182150555989
188735977494
20744352
19296735230
2471728490
8858337421
59514362034
13620044
21250965
3656082195
263575872
122021586
169023660300
114090747052
10587532264
3702408358
80282969491
19287965430
22879737694
17036734757
140562001
54934603962
20309970269
6785855595
5205948167
28559759429
264458829378
11273895393
66621986
23749171509
749783326924
22668622501
5919071206
10367676338
2195479280
282545459717
49090871785
27366599367
19185176386
91151359
18835726209
21387326
507361102402
70525177225
108395746097
123089755
708620326057
55707670
83418440156
11630430681
704916920756
153462099886
17359759523
92170787630
2186847589
18826598327
20216589499
19504405503
1980218
191954542726
13244949550
21986327625
175784749548
121802708
1185191581
9716806653
210419284010
11191490
263498051
23744673027
33687540165
34378011710
296424030168
23621071993
1945139169
351476424159
749217014310
17009682467
91054235
121762169
31479327672
17377851281
121955781
169171640139
47819119775
50873439869
5618818632
309501971442
20661548716
557568072062
20225442125
21141564
9985219040
230883410865
225281531374
13245909027
3447370068
559930959
527523819
123206840946
1706060346
3536097432
21284209
273552963708
2722567888
10627210325
263459949
13463392
6222360441
19294674022
1862721020
92405908
67376615869
2033520950
2311487551
7823478730
34821272
122912658025
10632892163
208983250504
527573396
123257725234
6864158280
19964910395
10632663569
34838921612
4681650177
5708694676
191410292593
23858429111
1684863615
730692827665
3418620
42489458399
115759428750
6321826396
17851513064
12298
82403851506
13789874873
161819286992
363452623064
85537021
10367638856
461745410297
13790838032
39370667692
198351405855
213353940542
14274236122
1685681607
4254237807
28114332794
157005860860
3678587066
176149989002
3110634810
940070650
16364564
82165982116
80090132
1231275068
33468036488
96500243489
21877448997
1711327
56419814
3423697764
3645383170
2931671812
20736964
23749063674
191129869586
1511961647
68669645489
62197868589
35872073407
50300588573
71876829365
72051965561
6863410649
303449024
150691935024
11077178285
24016163244
80296021
91177333
32188795536
559015811874
153973777
17273386404
1364551581
21457559908
9977232302
226101639239
17254261860
2325230390
291598790
24098598593
33175688874
23075960656
13245716310
30474173
291102082
89706459609
208805899165
176128837
1557068360
856261097
17531292167
352723718148
545640458461
2291025143
282474383844
50778460992
264083255
165027188291
30633137549
16362757
11325736918
183282076443
6338954
1659077740
92595096
175791013795
188400915021
86199861492
252672794
24270835144
28091617619
36857003204
18844378529
34377896253
264459656205
153163653215
134
20321304365
19336589
230468755
231995174057
1083527
85510667
35900390
1128288395
1887850707
693182446707
4157189681
14238840
153779915
91056461
5805247601
278179949934
17354252730
93977576430
159679571480
10032764204
32014898
114166455739
189813168454
1135333970
86185237443
17354211187
174321721102
78179416924
250625203186
247052716988
4876160862
260833518272
168845153484
284663590023
346548464908
24745561718
1130924872
28563133324
226027323783
938916803
346549809611
13334564734
61360727453
10369023311
21916827887
16331688
28958457603
139079633
33411651958
10105572941
689343332049
34209621794
10089750444
1579686832
175793259117
141316483873
124515699146
79382922
144966764283
225570988221
178178217152
121825052
10503047176
1230721273
30215369864
272313937985
19399705316
66618596
214483273719
45463798128
13234813508
265132060
153689675023
191984773730
28506571544
180798820348
300551919082
3591953481
20226933990
375997284371
80028955
5779367904
27366657556
560243864781
64017414
169321640085
86444772322
9177502549
2339134826
2339556628
194848218932
21392548841
10369006304
29954016051
510596034
282474389907
226027215119
264293815
23627506464
45458954709
16457967355
32016780591
226026659053
3585404362
96038386
226044290772
19504952737
183224300726
291613383
28081591074
35881981946
233229084670
92107632891
4245612064
21214388
3572052059
27364579505
18833591838
1579921700
2974749859
21986927854
19139267014
183580563427
50281416928
1135704050
235159544222
752432956454
10641177605
17171311968
5569434538
2932065094
5764952634
264269152
28541726945
151723202462
271365653797
217829502
4235976287
133431044160
169023378819
22198742525
158125570503
151849088
179797692383
749217933414
203779979514
91070515192
144468011
2349024349
23859164569
45460133937
13235429447
20879478071
80675819223
3656041672
175837702317
17851231279
33687501537
5561783639
22798927519
11698875290
4236332461
2960692559
250403758324
38991229584
144836847
85498529905
159645387934
10367664177
311870829929
8652636711
33267033549
10512019059
556762260520
35891775229
449914230327
44730241
182047286542
19505118578
13862551490
92407525
1579579755
9978040803
91190986
144800528
155089062382
231111287222
58077474622
226027516172
61390377436
448029376
272349814937
21968948948
205366908857
2315264521
20736957
287688680316
31975698
191910265124
157005873941
291613450
5674146260
80296811
27366667626
45461626671
16583742513
18830231429
10097256703
1377921153
3678181638
2402648990
13245204346
6227585620
2832899266
173676757674
196878643344
559909960
176132796386
2471816583
351481508917
151918154
159657010195
1376344086
226213452169
21457712765
498493033191
10367672982
23744543820
144572703
39377240728
69245190986
97002326
1133846486
156703293386
5713600215
19181374466
28797633281
192266357315
188648804239
2718653595
32550812604
273480572660
182904532
6865920051
34862103302
5598603281
556462715
30731140784
225460750290
12054146
32003801096
10511994483
246654330727
264458954753
20320866470
18828737506
27359674614
30733710148
153689675024
2932118714
1873677200
260898951493
20050177
560296855
14665023457
10503051803
93512033604
271249792342
1994632801
375997400431
7380427533
263850922
802978548902
10379811992
376470330857
247338382283
6182707561
209240967240
35801974
3302092966
3419604
27366356650
44811163
263606082
324787643361
1806413435
5765631378
1229140791
21246716
9712332252
453248846
527517055
5561709450
1230985745
155115767758
81788841477
67387360419
300551919086
19503413124
122082215
26103411
10060024293
144172625
6260337896
169023635104
13857845023
5674809924
19882051227
10556329008
3656082196
19507052609
92550185
375997521968
105235222191
536949813456
13858924493
28709446513
10503598599
91998518921
20221313288
260487321886
1579579757
261305179417
34284908891
326669809078
183161748744
3194172552
351481522248
6861332698
55713710
10634119883
231214485659
1886685301
309503013040
23783711902
3655994498
176134812292
9716299937
19510206102
10369087767
2033522411
6532397465
185
32351927624
93750256113
6183683809
2004309193
144127826
15964452601
348355823939
50300365742
8652637068
376794224
24205640751
314304916231
3668075289
153459089139
284661164204
48988643
139868750842
169321696273
30719562596
169326889846
1128732343
39033346652
1375591287
2631874747
230376796287
10222337
375997349823
93751495061
121865029
13234843853
23785180316
162282827029
19369886319
234180654629
250621754045
3647919437
1886951300
10085699247
27365320971
10625331529
294472353
121776304
21915965709
10084804533
786982317406
856267303
1185507476
2960646991
2960795893
1579832657
276646404177
1684988452
21389105010
2960678267
2172437394
42489617014
174737161754
10453713257
31482483464
10538618201
1797693486
284513461651
183590389486
6339776
47242875494
738679922388
3648139200
139073039
169241870716
10216062
35891855757
20297980724
19875396379
30633179880
3194206908
378126193
18838444394
1658975347
1685012081
210007417807
284375180487
3648203938
96579258701
265101397
105341326176
248418594695
398044535458
86097949
16265071
1145850547
19534179201
9981459171
3194173243
13340824630
17354120955
158567292187
80538084
237757444904
330556967075
34377878229
24851636954
6260546164
19504674474
1879607107
23859461312
244714323169
121753643
30462956
278589515292
175784157108
5780861356
157006891552
117350676914
102892902667
72221149587
34821297
2022607201
24273536294
2449847518
146312165623
10025615838
79445757
3192091353
64008765
4468904643
153984335
41349591689
11273833410
23859169894
749217690399
4242356185
121773468
144185684
153795770
21941631614
7603490924
19371868730
226086550445
3647509001
1145111799
208981182814
81165587
24851594571
70549632680
184091122839
248418708439
746958929817
210419836613
2195713420
1887914507
28533881780
291250165
21999667194
18844195854
34252350333
693001282691
81166366
6618914977
11345884
7483476129
20370629339
17008956753
54550166197
15651270568
3591326477
79300938
463566944
35900389
145026245608
2325132128
29944025142
10369072074
56419975
266720505
144962402281
64021899
96119601
81821302053
9711847004
155124715879
144976663
21038545993
10625471949
43741744310
1721076
6182978116
17785800658
23962086998
1685027954
183161890571
234540844664
42491155637
4702854405
151923668
3645439035
154361852118
32029301117
30633126444
136404316306
121611219
181571734569
168768025958
124730575534
33342841828
9988307734
300044598361
2324853711
13239309098
146485468461
89702244546
114576291722
226074420479
92058361915
12998461578
12192544736
1377993542
21912604614
7371770217
6182730217
216877655077
72217936048
731948824467
266862665
1701903437
7791522229
22506458
19535388844
66641326
21960566591
24097474693
19499890274
92454653
11340270
323611333736
191948453620
21740259684
1129034082
263449047
83448489417
749217024644
5106779059
3645718907
175831049000
64009129
233281621713
34203250259
6264728129
21916836284
153689675020
4292320550
328144211635
28709392359
4242028636
328154410449
20577826201
264299245
51946819268
64016578
10625469591
559680293176
34199586555
19508239094
18828425683
10512019062
3197334873
21408286
16521989366
156653571
19372837024
13243666888
28543878737
373578831846
35801978
320138662
10214911
346551844574
1879611623
856281267
351509474529
1128318991
1970142172
86256349702
9177229108
10068555109
6176618272
114299334040
5640837349
16521999324
205425308615
749172562447
20654095352
2258687605
49089112677
27360909136
1836223193
325585546071
121775137
741431364
311870517468
491970737450
19399496310
86698491738
80277978435
155548357698
93513094648
195331140372
2186872751
2154664080
144777540956
3095361739
10367673177
369798523788
11274756710
155155750
4241889043
21556000
175905609176
559943260
72046986176
144130570
32199267028
19535252270
78279287993
5567088710
191298935062
93718582301
606663343078
749216740372
10503042899
184094989043
93245976
10649617787
10467125025
21984577575
35891936465
1684769279
247839065942
45455253418
1715462656
27366122056
10556061084
191135495795
183160545355
3645640397
32353725442
10195310473
5768480683
1130581782
175816273058
12998831755
808460091
1229322266
5708646519
389398222
2321525413
91135394
10107658182
130918248914
7647
226027209651
85517943
5578702690
183160572820
122096423
332720769829
3459623504
157282894
184091275588
19273051937
52767141451
559937650
2324905864
2204646260
20321009232
20736892
3460046366
9379977
43738410074
498475986202
311862541886
2472148895
176653314
557675446532
56414636
32978026638
92110431119
23208549997
10367631692
27365625524
2728005957
69
303428255
273821983697
61389175850
34009558775
54540431992
10539051107
230399825276
3302168950
5764939780
2311002823
19534345778
5561754014
13722867340
181660281261
6339375
10367720805
144937889
18542539576
13245596108
12192726331
72026907017
287827680112
86264551
2172434800
6620454058
1377904269
30633126442
442108
5804407020
17646491266
19365488776
32349141600
558993357302
17782114562
251261751436
136370186862
91076752
91130360
273485570389
225539866578
27364298647
1579500514
378209648
16582970111
5650792892
183160490041
80086592
71842863264
13224052331
273870355819
34366476656
282476667801
2341266176
91134190
136741508785
34288218086
18844144881
21243994
10367651917
36874394988
2059576883
13245155847
4902985395
54889507475
247211326519
80526801776
158152241832
9381010
350256350760
156659235
9375540
60272443723
183354148863
2322415845
157600490520
9712190093
1706042897
749217384577
265450580129
42479829928
753408926463
8858305596
745507853280
175797385078
28534872701
1416514868
446300905
64443191
151832113
29954541398
282937922277
273486218848
217688621
1579805377
17795628077
31479310949
37565220727
284524704053
2500942146
17360032347
173627296306
558633783976
260432013230
1885341346
264458913501
5775292684
349210858993
91454344
10047072988
325769034606
34279689373
32436230730
10367667415
211278907654
36859003832
10561202195
29944138490
3531793343
228034805351
34197954521
4459200575
14755578724
136404386299
275001434389
6262910200
91136437
121858101
263445189
173723043043
175787617660
175791399514
247051649959
298170080368
247453222018
205698784516
191978741670
19088319515
21738609951
67373245361
34377903691
169321775574
235136165104
171482575160
20142079056
52144038000
21999968747
560663801432
442140
148907305717
284652811185
3645738809
291011336
21116067
27364648586
145086994923
52413444108
191465614
39675760923
13878216802
175906679453
34197583792
85295184070
17792244450
494839132
4481134398
3647707322
442882165505
13243662355
300387560049
7390476856
28084592573
331518815290
61198866863
1711469
114184395377
24270652766
27099981613
559685421537
140533898
14256617
23744529618
36993322238
264973863
19176062275
8502711558
62504380835
211278907235
3648203943
247050467472
176136843106
375999592929
12387936920
61091071746
346548588477
2311362943
5185125650
30731481698
85537134
5567221072
206484404959
752178260498
17852337533
19534345781
2263054646
78148038818
11185996
709076764410
303357450
54607253278
737481195762
78094832197
19332976865
48946936225
153689675021
278528280830
841482294
291548287
176660745
2324114472
123182706710
5567043388
136396165278
263776201
10078866308
3647555355
21391780881
2333412661
16805599468
264459269752
389360292
8858321507
21972460643
653044863302
132960502
157
114052276323
1572488792
311944195096
153777243
39376943196
30214183457
3194006631
46523618038
10367664076
28704725275
104791967376
272639222948
3194206846
71978852050
91144475
20165318077
80050007
324420708225
51113994111
23749194069
578443472474
47877267471
284908744339
5561714796
23978688428
5708694675
4876182417
2409356663
201030320699
3647920264
17018501533
156619548
346548693728
174726313571
36975205496
70449870681
17029126035
3194174058
66621091
6184401164
221706702910
1885655611
24197141176
34844820326
32353104870
129654591623
22080778902
16521937848
710386822320
23744284561
190818341264
808318974
273627738622
153943989
20581823218
378238192
940041348
27362311252
10451754045
1377139789
227561419300
262422021557
4245017632
28075171570
856258399
534312591900
16458081938
170932641067
32972586955
197168737614
3302788327
1135109246
300385023551
202919656025
7374005720
4242647454
1188213692
159388580653
36660401888
7364603264
190844092378
24745551576
249695665666
91144468
20362758242
6323508587
169023318033
5780626643
1364457376
2189270794
14801553239
121867572
15964717861
153973377
86240128
373578564259
144835526
34205054306
32584599549
3418721530
560536341549
88692049
2195425239
188377822210
155161743
6870598704
5578702689
52990952807
66623422
3302143296
114072005934
25535109069
5806054334
5778275443
144852884
2311362364
6184458423
34154777
30716923011
19536438638
4203870678
2472044604
1891617794
21986890753
183161740077
19965362638
282476611018
10587321001
3193752981
96499226847
324179656153
42838621948
346547438450
883378
6222065734
157002824681
389537276
4685404671
20736992
13239504292
3448570096
154329759163
1892119525
32351628551
92139577334
536542230431
286660311245
80371685355
35031297679
49044804852
3707316768
10511886164
2033523557
749173220571
10625318321
3312930122
374637277
278589287506
208809881989
175795003762
70209837867
13726628046
7380375749
9452976602
17645623724
6863607100
1658964495
6338974
247051597507
158559823945
44508562426
284918902909
23624515493
348927864895
34304229130
4242131253
398057174240
13713680433
20737083
72276477555
23747515703
31981060
10728530870
101200314375
1711364
85539156
61213701504
1230354017
326304774
10729148827
21883453530
24206038672
10457869534
34197951010
202762091763
350482491283
20272365826
266792206
10383049256
15966390327
749216889166
32675938701
559901313
3645838695
314305095533
78180988677
27362123535
247052923004
23620912006
263749440
24649925789
2324130294
93741632640
527546014
31446599986
80089924
66621983
2448610085
182136362384
205815148
273480597880
544034187082
2310995197
225570988227
210276605887
144234693
23744711289
394194686
21271991
178517934658
35872214734
21986797226
10068576507
750334251
1573672835
28969592505
20826127050
169023481022
159667177752
64400909079
325550099154
82402091924
20225468282
441029234665
149069807712
265152053
6785850358
350700143877
19369887238
81759344
1187541876
19314270249
1579670884
291011080
1994664347
155164275
3648237233
558969242045
1547467834
96999274
226086550443
265352346
35891806429
13235590096
42488713256
14584094401
187961346149
21389245
23624515495
113880720808
4241967378
9981394716
3194066190
19504640950
10511928026
34471986906
2172435080
247051661598
53771542298
144101728
188682630863
143087763167
1994312932
30714074411
1572438633
175798923307
39030722431
10367641443
225570988206
174735560613
5185534043
153017477763
19504505388
68669846895
1572116851
32198097835
2154663861
2982090147
209229346820
85533546
6193477938
388999560940
226213852580
22319220806
176125422
4251997159
16647925075
278531186898
34861253247
6319169249
10315173112
61342594453
17873172806
173176470467
6621994092
9977530177
96029734
303459820
82172873911
34738922447
4234601560
263280571753
350696075279
1659083279
1376509612
20765
32447045422
247049620745
2341771054
263479995
7450089948
42481214105
19966957072
1403383
6876554705
25536824701
257854665584
176894923399
181592193783
10085719325
284125703745
708984770767
14218606284
13239391396
291102574
226086550442
6865531219
43738542578
75374209
157597877943
190815600175
22321789382
20736638
24851998278
103148509
13782115962
1659973650
6023540034
21976844085
17852346931
22875723351
3065827836
52214998721
2932062320
86243601
373578658372
17007207949
20736604
1377299597
30725684328
10634018193
24445110207
3656052084
29945653553
6265241895
91053126
21961127930
155164311
2333364541
7379952840
90935484525
153922546
1711473
42488846110
52213633449
91175705
16569154467
664979660884
16458011092
10118921348
136371213123
1510858456
389381433
78094870571
13244233381
17781895058
210283006028
82401555899
6864050745
247050467474
217546829679
14762702887
16667433188
71877665577
264459424347
52164541865
153974598
48949962238
34865066957
5919024103
16330133
22218519754
263445052
91093011873
28557430674
144792154707
749654517364
376612376667
263547707
19504659066
144186687
34377896706
226027964030
1994652243
4594765877
175793380766
39370790684
10041593935
1684803994
10562383843
1803096615
280284519507
939969191
270344793425
463556964
32020237941
723960022442
7754977661
284656958837
114092374905
17354496991
78148143360
14113334
33686755275
5636364903
19535817713
52216036463
808396368
67375476192
169323883324
10503151202
9983954062
102892224
80366857893
153487196298
28075498598
1184516221
300551797082
17254246178
151918274
155834870633
32354500696
348836441843
10635362101
10726973460
28537581724
1994663076
206654170198
5106779267
1132516755
528518007
249522248016
1659127242
175798923655
53225555741
153796642
7368284885
169321707819
6223055172
18827952403
233938110632
263445365
153987343
1579892264
52215952104
749815708316
61379130239
59504168939
11273750039
191249079742
183361314023
10368072230
17005181181
8902168
172977548187
92418573
183590297791
2830429707
749938609902
85677153664
93718180094
28008602920
275187794202
23744555249
640423979797
50874749545
92113655550
174856600164
92394438
31482377004
295423136
183282076447
7197182451
212558003977
81758796
122041809
1253030470
1732068
13867149114
183160572893
228486076396
1887851351
5459919
2195510704
18826815103
5708693951
78182305053
30633180093
1136527795
1128603553
169865525617
31479293264
1377324073
27367075597
155540273802
20320869435
13234857797
28733723484
154341068455
159665782015
32533158030
1231051666
10367637753
527542598
1503443861
107698268573
559959557
377836386123
24196996824
19183602533
20738131
5674710380
247054100357
159668487772
377136388
17354554156
39514617997
17006003243
226026743790
3647549843
183161890572
250618235903
203
153940288
278589329981
174873677734
164169005583
10451886489
157014083784
33851271483
256923522006
17006586352
1131732134
5579333402
4255027431
34279687949
3193932731
10634148566
21458013660
158384693948
132202764
27365327659
2195712888
54608544893
16330803
13723335559
121804314
154061545
20736675
4676386384
21458197694
9379199
121822756
23744444887
4681576788
1416746916
21394610498
31510978629
573082760
9984965546
5764457948
228038765748
91136445
10041562390
104791450681
221660207993
2324965117
19332213811
109007345311
557665982387
93750256105
13951299733
279782168158
27366650609
3193115288
10517886962
7603368961
245557483901
3678156054
2960766959
10202654634
294464843
211196005900
153034349240
411449697094
454208185951
80284707349
273773812646
16583014785
749787634474
2960942057
10367691266
226027530567
10085705908
197878737097
144955778616
222057991358
20221626510
1886019888
13244952373
155520991964
144192296
8858052308
70516116333
557038816
85518750
15582330200
264458913591
1822738734
144981855
24270650029
6182623766
132658111
17872392864
35971589360
13710549155
169023428392
534282586239
559880317
19505086001
772952260905
168845176977
37966725
19632934292
3656068452
389380609
217542985
225938175620
132134101
28581127229
36388616132
151932045
7348419106
91097441901
4385870741
54192812794
842280660
326304848
265286915
463488057
29955415989
5768616168
856348901
13244841986
263445357
95137398950
94874703044
72107970387
126124112
156614688828
18827869169
27366599369
1185202871
346547425948
6322226099
2195713595
92049877702
1970148948
153680647972
52213658885
262421945418
144794562178
5570776952
556679827545
124528924416
131858198427
10042761617
296230059159
10453876962
442142
28539095410
21457597462
140400733
45890460457
558993301941
114093841961
279707166998
1538915478
36993591226
77443583394
447345471996
10214983
91345225
10453275023
30718738660
1580025801
24745775999
34849999706
13193653032
1376080050
9716883289
38103030241
28795667832
3194010082
18847330198
4091830044
23075958490
3448293081
280105335286
1130970714
36433256676
19370065410
148015500213
17041329156
346550820173
27366229888
17006364402
276319094242
468188173
22709183593
3078626143
31481057759
144310108
21972279177
1130898799
3678306095
15965385594
28954957785
16521643823
59502676774
220150458047
1684991836
16330593
3656037934
136317298172
29952775570
558993578456
5567244309
3646273696
19500195989
3312929767
32583796058
183590297790
10626776953
15971053969
42835730849
46521221933
20737084
27360164507
1660150763
18826957114
558653143116
153753998
3309698652
4649686168
753440665519
841828118
19945086395
10634186920
346551844568
39030722449
4061992575
569007092364
16330592
91995443574
300335787956
94675932398
6347150608
8858305057
101654664628
1887851069
307511662088
214660665402
27363296228
86185419811
17254162325
247050398362
5918012057
10215846
6957924978
30749101302
96621903547
30716757018
194848204409
359742229332
3645443049
24746611938
19940687377
5567784536
18834072566
61382054012
23744674485
281671708636
46521364418
266547566
84351943046
78182072198
34306182246
326362582
10879117561
236496257774
219237387480
237184686494
19274358200
13723306299
28719580905
270636947750
136317462499
1579751029
178712495322
560263686
2333541017
12572129881
263784072
226027550284
175854857107
23748865556
795841888875
157004854562
93528350088
378212084
1994712596
38195842413
34788806
376642547670
325100274095
17851941027
91446263579
225898135858
178180658995
13245543616
13240350231
210002614146
4244838719
43744575774
287061120435
124149614805
61384498569
96118781
10367666317
214857412165
1660019238
1511765060
3193824996
121775113
202272214512
20224616307
140465982
10201061422
32204124683
291049971
13876541091
19399628980
10622296803
30724349571
5776354879
6338695
326361413
35872918087
144192298
6266395091
327622584495
49689179750
300335627829
6329054735
28534222939
33367026798
43746759253
19168167998
10553895743
10367666191
225350648717
1183216250
311990245345
32200504350
24197259030
265131148
28560782187
78147976605
1721127
14671041084
30731616582
225938175607
191960636812
183154784560
65062581028
31479201051
17990447695
248807560308
35882102287
52331788459
31467713543
45457647873
22506459
5708114403
247054085098
147969744634
168772381715
174861657145
21937043479
19297241522
332723950279
2402737148
300226041712
184889309499
204359335795
10503046264
8902509
148935542914
332723980139
1128605073
222470776076
494843387
16521681148
22079212942
570738955
7369688331
7368910764
175783769406
230403827772
91053127
132837051313
24851123358
16207758584
6321659107
194848130718
84352357366
22866556907
79506723325
10625356377
10215004
5562278010
28091700330
35813620
3447013206
49033711522
236478208664
507459986657
56414543
6320357062
11341996
690063914051
85287104609
226027671113
2312660352
77438021579
2341676141
89723113572
6320176656
178295305322
103552590344
10539032332
160125343453
39958330842
204356829971
287028891631
21942762691
27356912812
264459477693
2592482564
28747437898
300335718304
89702855063
938828872
1685673749
2848307113
19269078705
21381316
273549516382
234385867195
33108110607
626767129249
263626819
38639428
10626775223
16210780326
102983274686
179502313522
198551500385
20657331835
278531188883
856355586
6865461077
21457556678
19288426529
66623936
153920834
217342636448
798750208348
811412402
442321
175787249632
55677955
13235450083
34377931703
32220603238
67381129803
290351723469
4450846754
528551025
175795609678
52214629968
272335122963
1377959485
2196897033
13865439613
2342082964
10539279120
24271263722
20060115
81838527774
49967598198
11341284
16582992676
62504419829
59708512206
263445051
7370522378
14139142358
29941596124
16364167
16569207476
14581551831
1375977442
16521784060
3194178211
17794053050
226329156976
13951282510
12998209070
14266185406
558862981591
6222557250
24197201038
19946317394
10060069930
6188388469
10626792784
272591130749
114048372741
17009666898
38483405374
1880057657
24851342490
263782378
155155449
294461790
1510368090
144961836916
2003885846
155598653327
368562854425
194848187382
275456408593
16582856700
2311607667
27144649
28009362246
358674466277
195330994072
13604202492
191260424481
9712030001
62893351096
154364519464
80058861
2198274553
19504917320
144882397
1721055
380184948974
217873549
86252003
805276722
136415605185
82164066515
160829388224
27365951793
3647654362
5640158781
10367667401
279782447875
551818407104
28781011928
50873482219
197300373483
39945147386
24851638913
107343858403
1658970198
5987355030
144102075
168770167414
11186737
19365631598
278531188887
175837611635
67250386281
2932062308
21950386
139035011432
153331121914
4878929824
61860050406
391218669
28938671278
43743430847
2321746132
3418672881
1229813643
10454901657
59685275854
173031074799
21457520552
1376548917
27365854871
558993578025
93525485854
204529971110
191907256183
21455536
8793086
53221842342
61377838962
225639103279
206799481119
13723489611
145949271976
556743386503
80679666172
226026550723
10368071896
359879407329
139755559585
183283077223
359743319997
50491963142
46521275952
12896501550
28008633534
1579533839
28935639443
30482213
261660439482
194848191729
230342664383
92130657104
573733494
280421634151
183282076452
178713740575
2448173586
20570305084
87026480099
1377377731
23859281027
71845735449
153348149646
2058881991
3645315276
153960611
28556301885
1377139850
66627557
226027671119
27363111840
557567998652
24096384400
1135383596
282474359990
1891617704
21810029228
157606594244
1889451599
11125718112
10451265213
188734748004
558989360209
290261813897
24840566773
732026547368
21989393195
16521451734
20321105594
749218091867
10511911106
175813434462
35971454489
4277508114
108924091566
92098993927
6264631862
6339376
133432815084
10632579425
1188116330
391432332
16457660562
19365494460
28712306381
28549371317
122412458
4242304973
20308856852
38755216922
1230951658
148415922982
1712192
39800131269
1994691682
6222688040
52215171197
261662986472
10114576555
6182841488
311990086691
9983882135
80292616
226213811471
37649818877
1135708385
28536190634
284906423522
23076853175
30733114430
79299853
311870788289
20146351711
18540222125
61374338334
232099542811
3251572230
430488146
940119882
21381319
67376434567
4235888087
21932186048
140568575
4451038407
21889266623
13783935030
169023660298
16668319176
348401106142
12523449811
92150395789
6222886534
1230552619
17006795431
6182757712
1684791955
300385165283
39041085085
5749603860
153976182
87599681414
5569374839
5778935747
183351099172
121776312
19640676514
198552450811
164304178454
78148143361
127405029726
15536750761
90952573034
152893583409
225639103272
3071715778
346548658890
2631909535
121802584
154340988288
7458072695
114936565890
155976719927
25557436436
50138360
35970798941
82402396498
218174008199
328206560146
10383135219
250621484238
16522014462
3414475710
374272668746
20737047
24851123953
144946042919
173740000712
17005365389
5805886779
183161657879
35801905
50295852226
583259506466
7793370195
21972208924
80362286672
86123880
375997349825
91345222
2333354770
221784166707
144775302776
153055866045
183351099171
80278467316
85510458
91995715170
21202483
93248612486
2022642054
4261803733
23749184632
300551911144
28531111825
375996839919
5768146931
78094704693
1136074465
378482414
36389310669
91069691
17354551595
144800686
1416474924
81854652530
15536731186
92138156404
1376251150
10503105569
10036130291
174885892054
27366637829
28943019097
2449724075
273482749219
1721109
15237773724
59503072780
217320864438
6264809640
2205693532
19504582177
10555969917
211448456026
144171916910
19088334093
24205447718
749217326785
91054614
195581781242
30737956221
30631827400
114076545776
67374750478
61384064273
79447832
277431585809
1684801453
715084009276
43128799695
10341923951
176653545
5567045594
155122438602
1538845802
518291749215
10367621418
247673607527
123151656421
13239254613
10195629634
3538567601
1821685720
10040636283
284860776550
9715217627
9987599831
20736936
11339224
6865477552
30631348523
6221969671
151062792045
81763650500
92003292957
263776191
297035265524
287060853308
287102393776
9716368842
169323857245
81757848
15978470163
272560254750
24746525548
84352331250
10367687861
291593355
49017607688
346305165167
6864702144
48207426809
21457520549
230403827762
175208097753
5418720112
804647270
21810522
32202565261
22113531599
33374828417
86227962578
104791581597
3008475818
100217273
442286
9985732366
28076538159
6863952519
802987586803
23620929457
28530488306
21387317
1289432202
144213532
136356026945
769724757245
10098597874
16457566218
3656051659
2343035097
458465048238
3583903102
4285452381
15969746505
21833280
6863265108
21938704766
1129148856
226027684125
391437495
758575012687
6259768502
5777960435
157006891541
16458020284
11938529466
144185601
21375455
448937984
3681724616
2324906293
21396839479
351957632626
31479555776
28078277158
332175107651
1377128635
15974269098
32205618106
10539029444
140016620
264272740
749216889163
32975210838
57576753915
276646311681
181927277917
151923544
42477539364
61372311782
1684935298
85533577
155690646595
176125463
13383033591
265284400
749217024643
32253322188
28537937714
7825610501
182146454633
144590543
52164859612
4537159700
155159211
36326704738
3194206532
5567576800
102894585062
22061731307
156658403
16330801
558993089745
208975947430
121861903
208653578984
7375150389
23859592834
25557053751
183590319165
10256381560
7390471499
786726157
22073015174
11185508
17009481756
172777937018
3302808894
156658404
753380884027
32205513846
132226810
220942251930
21292305
805283321
46521360702
87624568626
3648496899
38988407602
1231069243
290999392598
176130755835
104792148942
10099470199
167959391103
841889564
35876174166
24851147342
3302811299
28536575872
211727261008
209231429710
91054224
32031897311
68671943468
27364298645
172791490025
211989579302
10517888173
4450873482
61372372568
6325299544
19269245667
30718112916
351959751636
1711489
53576731101
18834950489
291631393
158188700639
226027215130
12750562187
1572164690
183252459122
553206134
99800846693
21214391
430538035
2846955698
5637019203
1685703822
3447365914
19365494461
21738398627
749216466269
70549523761
326304904
263449051
96499226839
28090881207
277802457091
4451020991
183613713164
23858673043
8858320983
1230494865
144672026
16426402
540520883081
269815214654
212573431770
34825924
28955757164
247451019187
291503268
85258571739
263445483
1376555982
8502705525
19273197588
14755578390
81772676379
31481141141
2321432309
4876731992
1416763906
28796126246
140409101
44794459
22459002724
79378949
124520355957
77111328539
13239404202
1821656780
226026743907
21817596778
54605779742
67382428965
121865733
5708658806
82162719830
10625486481
1579816236
50510708
19274659002
2314357870
86170471530
10367686703
247842239366
183234434890
44591936371
4907137301
113692196336
263445367
284782382446
2447757895
34194347233
226169133493
178179361975
4534210951
41534183507
1888361814
1231052548
13924951
41496998815
183155234332
19504716153
6866146941
18839862543
92635274
39375864554
758345413690
559935183
20736698
27364002009
19275180960
325550398728
226026550718
272466169795
265030062
261661972722
4537165291
10084769575
375997213512
27367721172
10215829
272345224564
123257561
4450873483
169927065567
226026800459
15536751918
346547406717
169023372142
73752010435
34205190372
5561730118
194845646582
245723619743
154520783384
558984809968
90528201467
749216834384
211196049458
10367666006
346548582818
92429964
144716354
206701965626
196873521026
326622812931
251657508472
17354154329
225460750275
325550109547
424544204677
191984433360
173227727950
46521694821
3656060960
14244259
18828367854
10256201030
144749100488
172741424737
272564619737
264459067887
10557569002
183326755789
80330475339
104792297951
13461468
939000757
102962983
163975263486
263273829578
40663717682
5561768277
19945045402
6188238190
10080185179
168672347941
105140945905
3655997594
23621061446
13224350170
3531043768
31980120
59738056902
183229365645
1572538957
61373543281
7825614634
35897092254
10136023173
28576055423
485426104445
273627666426
66619085
3647828283
389357659
53225555742
510594496
24851429918
16521756248
211276756293
182565026876
151722848347
139281667593
527532331
82155073673
136557143202
122094924
325768925234
1137442292
247447476660
19269217221
2447800689
87545992908
5570474535
4676393285
558947403695
170582266165
263782372
3655997269
23744501971
2847994166
156143433874
4242035584
162099967370
34211072146
247056435840
4907468859
27366513476
10558710594
799569879334
1510492043
279782476228
138011943518
157005873940
68480760011
11340107
558993450155
552163331705
49089823646
96915078102
1420400739
7256858039
3647542955
144266348
28728748762
19941308778
2931945254
92640412
22322612736
447671922
10202846058
1692321
6223192587
36401888194
182462293775
33365324546
10503008166
2022642144
96983089
1291159378
169023386998
225533851826
75625373548
17008608882
24205640750
259929197453
121875109
81756718
30747120724
10367674226
17354352159
24888656583
21284291
324542535124
1009346169
54550845732
1706061212
10522035368
2846952625
5567244306
19184678227
3678473255
2722693436
264459165297
21392954121
260911377892
1416711409
21938049159
856346726
16521663386
376470274629
3302090821
61196202819
80296917
373223557878
81817161543
29941669820
351477471040
20142952551
27366107151
230971429652
774151393207
294529615
56484594
757687963593
28931289537
31479313702
5780635576
556033154
519005531724
3418622
194848130119
5578746259
2154913138
3074909506
7794009629
1375389356
430538275
121804231
18113265062
61196561995
303429578
375997176434
175801435861
84352408424
5805154931
2402539184
144468650
321855591410
27360917197
1579462368
144743986954
36389088947
556290315
183590351442
13858367982
2324760570
230329633897
17851372109
19946854516
610714094835
3110431647
398725351017
230971023414
5766878197
29949205853
17014783275
70550314687
72274528591
52468636238
34301305936
10367665776
153450012000
14239037
78150239268
36050051648
28089598019
19368141691
411446643150
3583456571
10032116227
2341249585
28544493134
122048932
1685081920
146626064843
3702408148
20736682
210002334846
183169243056
81756686
1145857191
70533672956
519005387833
84352490655
18827871004
183160544159
667364029179
92088246233
1970142171
144101727
28704089025
6261904963
153962701
52216672382
61193994252
85536525
54550716382
10511924921
16795019810
10458462270
138877641
19509284455
2832894047
263794460
173698374365
35973701594
248343070460
156164745221
156139631678
10634679182
80096848
24272669408
3591820506
265228701
21169269
21111667
304564207
559062154864
75502084101
123044507087
18113818728
282474328156
8858264564
183367379312
46521545612
87026420526
6259967066
34231705848
466120593282
2673383943
202272214513
54550766497
6183138619
350790473084
23749051990
3194121457
92152625154
159634330514
27363711501
155666205098
16265361
1685697852
114182091457
3648101665
3365583832
23993354622
136734943490
28536180742
581005556376
559645891574
29945847493
1713162908
1685074975
169321660383
27365802138
96500753353
10625460232
1713141411
20733622
2195217284
17851264827
17008484274
10622300431
92255492230
6663500589
170104144918
378318637
4702973511
265298414
70531465263
32028964472
856324865
15971259776
11275034630
291272656
84353742731
10730089346
3647543061
96501716281
21305999
27145765
14671213899
87625007879
2033529794
17005476483
531157689355
1639282388
196870134930
1579857404
44994105741
21816483943
263459193365
22555812429
2257127938
17783468065
1135529424
559840552
216202843
1231102819
346548490926
10369024711
6177373391
10517871893
3418898450
183160457216
55713260
85518479
309501863515
752168410810
273480617655
36349601231
3656063258
223842115929
39377254311
209997158433
373578919858
169023664964
28795885146
208807941617
91149297
11341542
706411295774
154237523241
31482569310
30742815365
264299249
176132796389
15586169135
24197148248
23743155917
169023426172
328089715909
2315341411
28503864254
16521700882
144149657
6183662234
34863124957
4386006915
20320747255
447680944
19368737192
272345746
531173955623
20096366812
1138798067
85662976
303306263
96039529
192129018872
225436730373
9979666362
20736653
5751827402
85511235
92463598
1685111919
6216734812
641275563557
21877055894
10098597875
61372291352
6222724456
3656037528
19504674465
299156951163
27366175191
78150239267
121802586
175791013744
4907204457
29954059321
34203969279
4245071226
4914983334
10203465115
178295748386
43734590237
507362028097
3110909655
126293455031
23749096595
348834301912
715081556488
1684789401
225460750299
856267304
3253321757
30727638944
13240505493
291093465
233938110637
10555139496
19399698588
275001656053
278586938352
34194229577
309501872303
30213450383
66641344
1419753993
21738270825
11339350
13232319118
856351085
36994217379
206796776275
10024339923
129883400701
32346901142
1684989774
2449738465
3251761946
72034017946
28578707143
6864703297
173994670156
153160833294
104792376660
2737951640
2319282881
559840429
10728335914
10104196730
102893244768
16364372
24745503780
15536750764
6222087410
2374470695
10203535211
9992004507
716088155742
67878813681
2095153055
1886687770
273827110494
5567221068
291283675
109765412732
7365532872
25559620594
225570988204
41498526701
856226983
346548548974
28534889595
144469173
14666551536
53576558723
2457913336
153045458154
93066038
13858429470
13876936038
102979836529
148038876716
663830166415
5805030443
34193113979
324762781487
10195629635
375997113395
148379603391
659962913039
164168874494
10567590983
10216020
3645324323
35811269
85534156
30212538639
93741632645
128557580048
28543597581
37316893322
1138127549
3459864002
191796082196
5774709429
209229333318
16668444325
21378237
190577504522
183419248088
1572862160
127984204385
20581550477
856348902
5516563
2931663722
17794508380
5764987101
19288501647
21219857
13239411612
21457891659
155380123
80363439262
86200754201
2632133439
20658037350
91345223
6339016
144471383
3581502844
31961118
1561978947
27366589146
2050923222
14638473232
528500254
1685096228
753367232854
10068476561
17007640065
462182661326
13245968791
20737867
10084941342
28963556897
38646633
6319443989
799517737691
260440638
2632146733
2357292746
527532427
192026270407
86245673
8655163285
71979033305
49047722748
169321847200
5650290256
2449596197
269316397
4876160864
6223226066
262334704493
3065841665
325550073270
27356983893
212573367345
9976304396
19369193419
65077753212
2311362544
319981524
16458016186
358610759622
210002364460
27357778161
122254948
1376057978
6222366931
102895717
291177000
55664068
375997176454
753367232863
10367660412
247054007001
10037414685
59725167286
93703237478
14238853
11186719
17302326738
6321156051
18827039970
86176032098
1145817715
10060030703
49686121390
78094765661
311990086701
5768004824
157220836365
126277359029
328189837116
17354128508
346548563792
32198930847
474130099
741431296
154355578474
35892204313
55713706
182473315010
1659505934
122181826
19535954247
9716879115
20089852770
28710738832
13727069780
35872471642
557698549778
162227909078
4203630876
196883766223
15536390279
19503304963
4254100357
27365716111
92462679
300222034464
263782373
4235959331
10367643669
104791499786
4944264464
5106818023
938885672
28707948116
16521984831
154341009605
6262478046
21740438926
175155513469
31980251
350528338549
13100282135
41428720297
13243660917
21038615817
168768090743
1130017207
1228712440
346485448514
1711334
55707592
3647542954
749217384568
4385845713
6222905488
34197582990
3648162411
527542591
248418749739
3678211341
181548305551
16711588905
192267562600
247055406502
1802990118
92560306
228399290559
70537550056
56323762
1376277003
101654139554
28535595668
144128391
23744506276
29950214920
300335502299
10367640340
70598530677
17364696962
1377377718
3656156446
153973957
146987830
1230880712
27366391322
20381837202
190876550400
28541292203
10038852087
540406175323
19183462143
23624450750
10084804534
6864463702
527523934
27366856433
373578848224
18827245797
32576928646
19940942687
19535732702
230880646729
164002020837
268615262982
6177619416
11079008679
3194174223
590760449081
447534063
34315494472
359746600810
350521078339
52468577086
247453313596
350664592295
32579292857
27364144321
4203722440
328300131395
51118494283
10632688943
153734362
91066572
32023089539
376470530888
35871285282
191989784437
66623941
3531083571
50767244904
417061053443
169023386997
65264789819
25723980480
113697644034
1721814
3381117463
157006961549
208971858568
28777700516
1892650953
34286505656
2325357726
23099705225
264015337
144746753468
4680377869
2060953502
86308581
4680377918
78094771225
30724661431
176136866010
191924333415
263480001
3655801090
4646063787
13235913533
92003310998
98419551607
39800026154
18830054158
17354130565
264298528
151918153
40593357259
28927626206
319980991
1376330385
183161740085
5570267261
57145720876
21986820114
234159454074
28944152488
21141264
560154292176
27366438039
558993702179
46522769860
376470434555
3302806057
3655865933
10367711841
47246122988
6222287842
28799738399
6262783708
19535474149
85536521
5807844144
326353481
2154534084
527516996
78094848903
5609461780
66619593
23749160227
30731341377
23860468505
17362546825
1135777299
5567168648
11273706792
16582655442
264279002
221804807190
72033577849
344392224859
28530519663
157591294386
1009703959
15968929435
16521977401
205247016080
91992368348
169171557682
3459720447
360135311081
263480000
9175468284
217880662
24273290461
36067498
29942227017
153735782
21889282677
1806848190
61194791580
34377834825
155187798432
19399628977
2449439495
183278062467
22319738915
226326142884
1230983039
61382896824
39377376314
30722638291
30631532600
3647504369
5561728763
131851585655
2311136723
39169772829
182423035863
86186479182
34143660
1134911365
20737037
154401009242
17654263825
586093838157
233938139278
10367702087
42494087703
19504572286
360787912289
291172314
749217990602
97249465835
78180516690
1710888
153050621688
19181001359
11635198690
263403375801
6222299408
176130755833
39376678180
231225482580
14256561
17360260724
13789844427
39369925571
77442324770
1885783302
123203008
32016473651
42493637033
3678182010
2324130198
144716514
311862673244
80380941745
20736686
11274015014
3669043762
1129145604
13722781043
3194180039
263822802
45466996904
1885794716
271544504324
278587185655
157002833084
92044093260
81567370658
261522544927
183278056908
30726001693
19504696883
10368049375
52914515676
11276526221
264266911
10076006966
21416982420
102898141
138237159329
10085742023
3192116184
1572482560
30723201596
1970148889
27366634235
21457406544
753149877377
747434563153
159671951583
2449862550
50300197175
56420586
59893504360
11339087
9976979674
86171228461
39041100906
73137726260
232979169944
10503568793
261662567436
21387322
234367428294
27367225124
28087001260
38986669766
66621100
13454083
325769261331
155160804
54550436904
2673596855
549327338
32023243496
1511507548
13726334041
10367664075
96814464354
266546739
21933826512
61211964018
30722036002
514323844
5635044994
5804647158
559965371
166525780330
174858327965
21952433646
1994601697
261662818105
92163235406
263782827
10367689821
2325311930
27367262359
34246184547
263445332
37345349915
294507781
36982007135
92573723
16207744747
155555905627
16436510935
70523742351
80091805
1579828206
92087434349
97510575490
10463019323
6863957556
514344184
326361602
1128665186
59493435251
47830141356
2932063877
218174782672
1888346650
175785628174
176136200
24745410815
17794529521
10553421559
710386822321
35801237
175783721242
225381700488
121864689
157009029655
34194189815
28740179752
34204419806
178180979734
3645397006
7369057638
216840530435
176660890
250619312294
2194226877
52157041496
10368045565
29152336987
6341842
34515180185
157292911
3424255935
9989812049
219170526831
1416515397
50873324299
2931556588
30633475258
5805561784
35449935592
30213731648
206797241665
6222131295
6177650630
4876185711
8798646
2590223962
32432065116
10367666003
27366672712
41498339377
80511765859
5786398031
59504083871
174725294513
151829021
225381700480
102892451
92157245165
346548562698
21986838933
22516610435
4156955859
183177108334
78360924742
104791671152
227627817436
139755360085
20246678970
189750580628
18835115101
61383355124
31481125576
276995861318
206127840335
250402412132
9983694421
175815446751
64023656
136340677563
3445110960
1886745695
80027871
121775115
24207043937
176394342874
16430465247
58082722200
10367676563
230365790473
2339459788
272349328357
2409429823
169023440542
114281910330
85700310
66778558
27366667643
33466847671
4664706117
278764181139
5049954618
80325886
359746458616
1300201047
183302184346
21895571745
4203727514
273480553559
752494770198
28795990983
148930483836
25543511100
6863837098
10503568794
514332982
143876944375
94435202555
104801016767
32354181267
36972578285
24851429513
591263519391
144574706
21393128836
39819230587
34203282604
24272952225
174859729553
37337242643
19278005945
28722721902
180846148660
34156641
11276729025
5673819249
33466742394
1944798423
174736503138
10367694352
80364049570
70517639325
2319469218
1713293618
10632616634
10215899
1714986081
27366421333
27357806585
36969400129
560200237
176652216
21934093589
29943826686
11273790610
3452189656
1578827730
16521547138
17254503241
34144407
10367662804
91998838601
325550050556
90725545671
10469368165
32182168675
72045965472
28968412483
328079681039
6903089642
93718268075
102953556
10105980932
311861408186
13444759266
147033562373
194448
104811049964
55703510
155162294
20227028392
38986411581
3121293224
4242401282
32345493861
19940022661
86192099803
9984030705
45455137251
3655074980
5571067468
164917282706
28795283584
6867394166
19503342359
25048106790
179334934593
314288080211
32678175037
1136148988
225222265100
21883893195
749173312415
27366743910
153360119711
6926477237
1377328836
97836118719
545427204811
10511958894
159387853889
23264459
3446567259
300225855022
6481717
13606249871
21405586353
6864505727
21986890614
21916823292
23744670417
319949238
23099328436
9990675557
275434711611
21986991805
311870910958
85537340
28080684855
204336662782
183160549445
175852899469
31514960981
132162189
32201703910
274151750339
42489798446
319970683
12771120926
4091827622
6183166944
346548607106
23624270903
6798999798
442141
78094771229
285379532599
151919861
148006317388
183160572894
27356972558
70529463393
13782444076
689484660669
152896131029
2961004907
216840685334
144328553
265186697231
3418778
17280608803
14581691234
349523255706
23627582096
1684769276
5639544429
92635272
86240215
23741779001
282583868039
27366036760
5570285997
77440969391
298583951299
92595098
284663559953
59957168732
291692884
295452571
21397643343
800011846730
176153116848
24768518405
19503623711
153753995
1375635560
262420732764
12707153655
16458010825
3312929862
32972954296
13789060599
292475981
61377127842
1887885387
294464844
746934676196
10632568529
67323607677
136693658668
10367641447
3121167355
29952067137
1376330409
6338791
284525838032
191286826327
17016909125
144101990
124647533987
206701977672
117378926245
16569261950
272241547059
21916518393
24270669906
45415404781
20736605
1579460572
10451198473
25950554728
1659595931
169023460572
2471735861
2322612848
183329787497
21322
18544809398
168576068710
231812650561
575009071
21571382
155091372523
183373631992
153960630
375996839922
123760671296
6946046176
19184055145
178714633481
85193730
15984792
39377079076
34841565094
249681266998
527563940
569445050629
6223222840
33177872666
228129902551
183229365638
20967732
54608175427
2472190469
442040
41292158658
842273965
2019940826
324527224345
78148093995
17008316482
91074335
49090676147
5567134347
6222340960
1684991570
66778552
350649137081
102896082
9909365689
749659944520
13722923642
752236968773
9713886367
5749537887
376022645174
153922628
9986258748
1638790759
27366550448
3645427565
21881693614
18830516872
510936289
21458185121
216840125423
7377387491
2189249495
527532686
298396845766
80059380
179038381316
3194170051
168530950724
150940930951
247451019186
142537919350
19372901743
86222845457
528550795
19138616152
284514507809
21205162
121777134
560144973326
5637595629
155401609
1539112796
9177472621
2478970647
10367676663
202469701804
17005246337
1684869077
5108890401
1133737773
14665595530
1183496379
15112
6307036
2960942023
271011111256
102892360
5606375465
5708655807
86197182786
30211081459
19536042075
28579589391
5764495213
2531171788
2058485897
3194178342
3678181498
280437837877
599237716886
148005305053
13245601722
28538138751
3302931845
22827666563
220024731175
788103937
19489921437
24897007912
21208842
5562250609
19504162317
169641208175
70522175353
13243151553
10367667424
3302806056
31481094686
22709700039
34635219632
92115132711
10214917
9375466
86122400
757763411076
5561786890
178180613232
127655120269
557678587398
2402609448
83419918525
3193935403
204030650323
169927035119
67390428227
22118738089
2154663872
5570395569
3120847374
56419861
6184414575
9562
103068713
300551877132
574008944
96500665196
230462954305
797751890
559770267698
19369583739
5708075447
3655801107
91169220
6863553190
177667999153
1420458029
33969598310
56414651
78094764380
191925341337
184091388345
9993
56419443
221761485976
16457971636
22506457
6325370408
121867571
11339728
178180896832
52214793340
262420824399
175786706896
28711144955
225570988196
2341718608
582621993579
133103898541
104792102082
311535136147
2310962614
225533851825
272041764794
28970097973
20226984001
10561825822
155596366353
27367045963
16568873188
5567024416
6563602418
1706136855
173887305739
9177208605
169321692780
23826621281
4914986238
326300089
13789977843
311951399443
400020037714
50873473546
68483676188
86688388298
163363364344
82173426068
80820972
74469237759
64022159
1578052391
3330767323
6267119920
52038024781
14218034918
49090452236
3448398519
10369335607
17020492094
309998437671
281671718059
1642140591
290995000
18834302823
52195106777
3656036543
14277276079
249398311510
326311148
8663825344
86255364
749216777022
2254848114
24851460250
16521670776
265284401
38669795
24745070810
22805992
72214858745
1231054927
17367933019
1887803197
29183577686
856340997
114161045489
27363735270
28538044299
144101942
345737487588
309502951925
226028218240
41098795696
80279672388
350577944246
10625479925
144589880
20654054012
217252567894
64021918
153428711470
10383024625
11274826303
92039484849
430527272
61198345878
71877284791
32344526636
15580900203
10367677517
375996823156
245865965378
24270903125
4242510783
153960669
190841833991
102955905
183590388606
20051674
176443997
203464121448
188399832926
163464905779
6265148339
35900337
169321847197
532193759718
174315652597
6864092766
1711407
73026462780
13239410799
114091561616
1891617800
20040807
3194075658
85287142632
64381751080
577482804742
96165919551
6785850257
756963427418
715081399722
20736592
6324204890
1579071469
13865878897
325550300693
30721148338
21471670633
66619588
710759671360
226027686365
78094657009
279380403273
16457968026
35871291947
21457854363
214761555214
20826235801
2449439493
226027535752
35872419282
250619312295
24270649337
52214892498
183282076446
1887851383
704495270842
375997113398
31961060
5454540
174868395448
683268232940
10634491288
154062449
10517891217
198211552492
5708097165
31465538760
102983317675
3648162408
2931601385
279782312793
194907426222
5751625192
23621295953
13245716471
17033094132
17354554241
14665879973
182136152102
639484524894
11339347
97002325
34231709576
3194121458
262420780605
19138640415
176427109
265124679
10597714948
6183142134
10560479325
21457409032
3655386451
272639222962
175855575796
394192097
34151016
749654278379
155164365
1376305244
11630491353
144174145
4685101347
10452460635
1375620984
52168781513
148015500212
34836414735
15536709701
18836725489
25546071542
300221846638
4385840474
183302173605
275001719801
13877935574
278586997246
10367689823
1403422
32978684494
5570548362
210007469880
81813069693
3195482655
33405625575
13812772353
261324674795
378208225
32024283818
17006604920
112115847032
311862700291
3302128061
453251780
1137742685
21204374
291613546
24902457087
856355591
17531291020
3312610205
35811048
448048210
4451012316
799620244451
527529295
20807734364
15589638539
20221677262
23099740628
16521805763
325768950649
21992691330
174278356568
20090006914
24851737430
19330330791
181558437960
47245971904
23859751539
17781455415
183161887257
55707590
38195904760
13633
325550334231
2033522756
4695709455
1375620986
1376871716
54782115629
23791103085
96174267032
92406690
1692322
206703205498
123268218
102892362
1712191
227
589841000729
22737967578
1416538672
558665518729
272241547064
22820349743
5882816466
226027703940
5561768320
5225596716
21937871813
247451019185
20142109801
47899337957
4451634729
21737347772
23021406327
96500190911
104791450692
1710880
206701797456
132151146
61320394278
82404188489
5781368307
92418578
3194395345
4254080973
91190979
287061299988
175798866652
81755548
18772907483
198351325585
55667341
86692793399
38649812
311990278729
217829501
1970143295
92175414069
91169226
153796640
6259358590
641328474730
174727751737
27366373584
3092508310
92913393
1375475631
155294935
1806848189
9712237558
1575244695
14662559
182437100547
273856199020
445769888913
9712365306
60421087214
153756377
29948219349
153922846
16316754
447595362
30729948614
461409832
10736400679
196905263348
19504582174
461409785
3645383171
93718582304
10367659703
30087593321
19940003349
87541858518
216840516536
27367189790
183613428305
2312117329
133106297371
67383716400
168947966499
805196787
264459186078
24851230012
211278991636
28568905641
5595271466
175833984609
92107895517
10503008168
2592817742
46521284780
153769293
10027335842
4539454043
24197201061
85510452
32350071624
10943760006
63768298405
11339054
298373805132
282474160540
188734481292
346548650019
185027239475
13607470963
560566033885
30748856852
5766929886
359742209135
10517872092
27363460265
23748861751
20803959558
2341743206
144097567
175803946174
59707979782
11273745907
22868090309
2846952181
11275682086
227562480369
15625328380
35814394
2098265272
20967731
2931695862
2315424943
1131321718
278504869679
285374314577
15964736725
272641792969
6263913111
19269078698
3194173842
44731905
799517737693
123084720
3236690804
236478181629
1579686835
1146293980
91129415
2510157542
144768144
2448621692
56419541
3571518516
4702702514
18548510848
360174370290
50873516739
216840516534
2325139912
11339376
260389131078
16568943816
52214998716
144951169407
15589647528
17023728141
122115223
2058736828
10367707141
4702639955
85515862
200204719779
18853216249
45454250493
161404813190
15536799555
226026644141
10522029462
93517468256
11358629
82165927848
271808549
3655888317
34902966406
10367593953
179695333899
52913472887
73005127120
14256465
10881945542
121778002
795816986904
272639222958
1231054186
550656600
17005331239
240103166872
263445373
359744338138
10367665989
13243654427
10367641301
79383163
1712218
376652629876
102956710
1145788567
8792898
312082638070
225350648715
165391558567
300551945768
105126723514
2311026251
56305590
50880554797
1579715650
81009719019
9658
172929443313
79268046
183161660116
121606638
292427907
30717954123
212559124085
85515057
103266686841
15536624597
85518570
194855249257
21936345024
19946208500
2154534131
2172420472
83468372128
13463369
114091653672
938989226
27688301557
1030816
202832917171
144185596
266836896
103508752
46521709460
560026564
430513503
17909266480
18113359096
24851172312
328073644640
67385260966
2325311929
5567950416
21936903096
5567088711
4254011445
35775029780
3194099730
50874744307
749173123410
144716949
4242157361
34194175473
225984278104
261105102581
1659127240
7797199988
742923280
212558536252
172693773947
1128692830
210096679005
231375901380
378445525
38195761113
144934625494
3452894907
263445177
350642929437
175197256268
28547111311
225436730379
10367640934
80328665155
3168237324
13789275938
20418731643
21742607032
225639103278
15965527457
20736980
4459131166
19372670050
18827473980
52215365115
30633292040
34732074160
144128073
584643483781
3194576104
32204885226
376996643
28538132847
19881698208
19946337634
16521307813
1721812
11339296
28709799591
31975671
226321978743
137997211
590880864929
326493614168
10367664071
330147413
52215083678
136318079797
10048244480
290051574803
176652214
17086208781
1821663612
300385010970
70521549930
4242131252
8857963851
10087838484
67391230225
52213359548
4242079830
21826539782
16587399358
8861655524
4242682867
5567134342
42486913692
16458081937
4681583486
191788815907
169323883326
10323437554
758568321853
28536191509
3194178085
157251615
213294795658
155153238
19269078709
13462320
145218792
121777011
38263713452
150468384486
28542515931
263467170
291631397
159373725542
4649685235
45463877847
2257109497
53225420967
1885423610
33468070543
19504140112
153983719
2961052849
3419576
43740474988
287827604149
2390191544
175795823659
5567024419
147043065837
96916488872
325769213017
10215903
10313028895
92910268
151931916
207758668217
121803180
13802574508
54191166082
939000756
85650187
8077
347914633925
856267305
10121756142
20826235986
20309787976
231236253772
9991866373
247452147741
196875558681
42490386803
389360296
85518130
140362402
24745774768
26081081
4876150844
28798144013
56419453
28538427136
52167049404
7532553613
95592481907
34211020368
3444328090
1289460329
1547505144
34197951469
70209801463
82402396493
32183471194
144564445
1821675259
3448200619
1706127232
250618207226
1289279440
82163431561
36990820094
1376264667
34744195021
856213330
45417581858
183155259632
18826888555
739681163931
3110912222
378409816
2172489085
732057076640
154749085490
17781896616
22879135107
2033521358
122097509
48207363066
22549864997
180261072414
18772407319
176115653057
284369769221
3655774173
89704421683
461328940
3194173834
218363263894
21284283
749172951271
556684033795
1416503657
25557993500
19183752865
247052718885
3580117794
207761855840
1684863609
18836883924
144197146
35891554423
14667133
54550139523
52215965821
21955615659
16521882267
140860940372
9999411396
191909264227
10621278796
154529212835
178165010781
226027964032
36980834461
13791038882
287028814937
123034495659
10095482022
136304068533
97905635816
558993357310
32337597
527302722
4902611280
4242665709
3113953294
13240954481
263445328
231237304796
45464383275
157594790311
328170640271
5561808550
204609940311
34193408
5598630814
4242400238
175945892817
67569350844
144212871
192603907260
21392954132
808152084
155668902642
23367150
1573860095
708971846915
21389238
334978753893
20747499
148079883411
206812196307
358271968657
83418361887
169336920006
346548563794
70533190467
2022640524
56419547
1892632705
176648644
34202974099
53219689329
311870901174
33278560435
86198884807
61389683365
61374852764
82157487646
1230915813
154102895
275001630758
41181559667
55713385
24744748459
350473155075
3302931850
325550089441
2058849341
2449887612
85518756
10042649506
5764987103
800019873976
10221495
17366048403
114030652642
19504941087
19535225959
11731958402
284459880303
550820498307
2058711293
10256312594
5108357315
16521491519
17007774702
2315168854
378225578
35807530
27363950671
2471876854
226027218887
136536225788
11343151
75624632037
13239410803
273627779685
325550370673
7810
57458983058
485875313809
172922187624
83426351074
749217690392
183332856068
27362472517
123247536127
205425456399
747690249477
19274368725
9377624
725380388825
10503047171
61795196089
50428396
1572148305
10369391937
13242876029
225922138514
36710569
53225457066
154451952808
5764458135
92035093727
4680378082
11275813799
1230434422
27357037784
573518744
36979167174
2362714117
197104911670
123323950
17008803794
81817157163
3536042395
940077798
24205809934
21817816265
731171191
14243826
1660129124
1376078422
86190832267
358256356215
6183111332
19186698710
4141340647
36712344
293217491
28544980950
43
7373236849
557677898809
2932120022
24745368608
9978699034
284663577949
175810742832
10204483255
5752211470
10202738125
350640896686
7740686
1139357358
19368272371
117894382664
7374797708
1512717430
43735390689
20309292361
3648205421
749216888724
375015381
49329460230
10046976248
6563326066
148024654256
19400681191
21888337217
183224300724
49501666942
144852925
294581768
4203927706
21983425343
23744498620
226027671116
153161566974
214514629002
20297379271
5708102813
10367640032
5567029180
67391867541
42491748729
660989273946
13242608924
70806866422
226027303332
19534449276
136354584545
3098300401
85660425
10623310984
5708644688
144987437
16521783216
494930927
49759405920
64021646
856270566
32340781624
93718718248
288522525103
155598246710
571890735
32541996888
36968886899
3194121460
6869962615
169171629612
231337863021
44730239
247054099029
10367664170
31465931943
5708109191
157002831994
93746059905
3074523406
28735694790
36978027782
10097731922
24098648987
3302811296
23099959443
30738146044
10503006108
290994829
13802045030
169321829063
183229365646
144775153095
26340914057
938957905
311951591018
1886216602
247056435816
24851251843
151058346707
4241882701
163466745531
53225136937
18826661913
2324120074
181778265060
93718813478
34151122
206795150340
21388886122
9177240594
23621121188
220942189805
13934402681
96500776485
430538276
21457424881
9981279274
21986283952
34290633258
9711824578
89910194574
6323105056
21998950114
168769108434
4680417333
22071694128
5586790037
273864303764
22459110017
176653112
91066405
1690311
349168240462
27363457673
17034629321
5779806533
291043869
2472214656
559841925
1230954576
19489466910
10558199021
16457601731
385694357401
47308387591
216840452773
155165029
9980024322
33686616494
194738476858
19878956429
2154913133
226027332998
3531085720
155596595779
96656839
938980719
3381961634
2290974576
417050195915
20226898221
63108513383
1822726586
78094851704
123140651940
157608826752
1894258939
230286579005
145445726
1128984038
360222921104
183161700139
205425300794
7365704255
1579876568
205425300808
40260919239
726802690791
67373950312
348814631677
10216049
10313298096
18848943696
146960217
394270362
6182650357
85556195
39688908155
4236229614
26100258
10367713978
34196931081
291561455
723960243505
61992077494
169651435102
3302800917
136345699726
205698769437
275187536598
196866038866
326361542
34837288031
20733599
346552922314
226027516176
1572693397
282474462025
191271629091
556407995005
42831469323
24851251122
6263538950
23749069461
15536699655
346545327708
85303289823
205366501601
86198489985
25047705527
226040287560
92463073
300385119169
86124264
121802709
2099727830
4905484021
299082506925
1128200739
447664034
144575294
18477155858
92149609567
210007627327
61192620043
91155625
219472715
9983647556
556672810469
18829725705
148023603957
13224301540
270626927967
46521695979
10511928027
78296318632
53564319111
1997153
346547385053
153234323585
159630803915
28554516539
799517737697
21991318793
188734572594
183160572821
18830071565
282476705308
21841727
18539541605
5638476001
32349050835
442182
4385973535
492353933274
92123723386
220942214738
17360088412
374904666
376482693023
176125293
549323726
13789428264
18828635287
31961135
1684876123
168846390496
4680379204
80363274766
121823929
21740450110
30214330636
527368270
29946767330
164169005584
5749560592
86174603577
10367646530
10367675748
188678735383
45466353797
187296964602
205366363699
148912334865
17354190607
3312622727
18113441918
696337618585
18545488645
16668440485
226171527927
55707384
28536377746
10511923860
2471735848
43997215237
39942788384
144983345
821531783849
144777258276
61205990881
4451430234
181552333694
1579499037
3647910174
28715090684
10633962560
15966995731
273493497390
78180130426
328220147832
3669612045
25609200
4451012317
5570746716
80059585
9177104946
16457834729
27365516912
18844985865
506943490323
114044909796
153947829
10880663798
11186802
3656258825
234705824338
18838379805
3374635897
1375623571
21816352
206652205075
1231103856
80550127467
50873322261
47885272497
30215233362
207758676801
5804865517
17005828424
226027215118
22874151682
225278506737
56419419
527523818
1510863708
558665317152
217320671246
61371533632
128204850754
160131865529
21457586821
19645268329
136367294604
1690871
169321718419
19184625448
93997546434
81759342
1886210890
52118029257
80679075130
121935492
265247254
153462099882
230433858061
17277397358
104792326079
20276
350560739343
300225062493
9985747283
10256312593
485845753043
10555826486
66778706
375997482339
25950693733
1721111
993072247
49201062357
9563231096
52215877201
856273124
263547209
27361568428
83423859625
17853025812
28075990391
189389422229
226026752045
28538286446
20273
92498355
126641993288
10098204853
18839225440
559021294591
734439168
16457654682
66665483
10632684294
311989994709
1970135610
263749449
284893370801
1258436139
2325226598
152897847101
184299716776
34845664599
276453531929
144098962
1511601866
93509986219
40593388166
49077146213
188734572592
154090464345
86125114
17005619284
13235001993
556318648
247055347166
10036596843
31482136109
11339481
24650229961
20572155189
3655074919
247056686647
375997572167
225227296748
527697826
5807106266
31481333430
4385873846
61375756172
225436730367
82166508795
35810792
91991404693
1557075302
6264226243
2154534103
4242387566
96104154
96621949227
300075777908
376025668158
65477948815
26103409
263830541
122097520
289058012673
10073932943
27366356648
11273784166
17354220425
61372186482
3531046694
155540011175
21393012593
34855133233
9380932
13245137870
53225120212
749220304974
311990068992
10100917829
350628220544
155259324
92004705210
12706508114
21205166
19281767741
2118896450
10102172153
584735955912
157006884045
5639648241
28077279344
10451729349
153991292
114183117859
3418729
8502685826
291561153
114094585964
6222148282
2832899972
6319511097
1886298886
560250458826
59738329141
273485889736
42479975742
3194178208
195109831932
56600958
10059984197
19946338511
29941355686
14238859
443069
96794444449
86692793403
123362084
204094832467
226027058922
36863156627
273856189955
85515056
56420014
183161743099
2051357482
4254130198
126752519281
19177850471
10367666144
45464878621
17006697920
3678473955
10084769160
234367406781
34116070450
19940615727
27365618473
34890588958
28547588051
261313571747
123340779251
23731212588
4236229408
183226304270
9712292094
28712717544
559827077
19399591971
188734578879
559733958128
28573387424
155399732
34203796345
1290683955
13710593258
3583579347
731900071259
1134897689
68503159208
14389
74470258284
2931585154
147932156235
144757754
21986823539
17006259336
10507846534
247050218446
5767520956
168844018016
1133614747
30633142819
208
140089842959
3198068954
50873239374
856272502
704688717912
300335643784
4272177715
114075095723
15973639354
94965111094
49061118812
3192527290
114160976163
96029807
2154534141
248342031883
4702654259
2846962378
183294107535
263749454
2154663865
544020650934
66621974
126275700
182465304994
53580014813
19946406016
20737000
6176751084
147968198756
273553120139
5805190708
22871418143
34184579354
300734782764
21939519690
133014653913
35882188436
299150791942
3459817972
205344047449
33468059494
226213465589
80363561035
556521759
5561766870
576433413030
3302800632
10084832667
312326722623
6865965259
749216740858
5919745029
52114011628
28557914105
5674366913
225639103287
5708091934
123239445019
259188255273
19452939151
1183783896
2449629689
1713317444
577123325552
346306641581
91147536
144590544
28947801577
10367640344
2931663719
884436
53772490175
10367594256
159596203493
123082531432
38195714541
32683042783
2932118708
34835924944
17782377678
17005542245
92870810
35666228756
17354526310
21458012379
183160548909
12327
1806834648
175789134992
291561358
151830445
31482166250
10625477315
4245593163
10367685036
328957407
4646063788
19504674471
1230838610
377028713
169029748213
19274694722
247052905604
164166275525
731319928
350535602243
1132557587
3093407817
10626899611
86139531
805343185
29946403712
1638491395
85541041
34790592881
22458762260
10084936536
153984293
753380717722
558993301920
2033520949
14665329772
14660470452
42481341805
61323441124
28795291863
560026917
45454254810
21985799093
378484860
4907136713
153664394863
5749571418
559743634113
3645417944
28571464758
1579782802
19399786595
2324148139
1579651740
17354299616
17852999638
27362031412
176135828964
447542067
2058948542
173842721192
375015619
28537864467
5567967295
24272643304
283093241154
6318988988
21964272
176126251
10879174324
20851142
191356791575
298406011463
273553107444
19941490862
10634676771
327610073640
61197510992
9981600040
236505623861
1684804091
139107451
4064528639
175875296996
141724529219
32201472484
16521937851
27147810
10367593954
153988855
3460009681
86183903851
4646402137
96500320271
495389974
291692883
133429286058
86691169212
265403369
20309806570
2557053644
6223460220
27364643336
55053145426
510962556
34282266963
19369696350
128552663637
10735400174
1886121186
81756970
247053001294
284663590024
23744631077
17872787817
1135715405
20298197315
4646469958
19534831073
4458933236
558995316256
33687330218
6865485874
10538928310
1129048994
35881579049
777667197914
284860518443
30732663516
985737518
92572353
752178873226
99664435668
144553870
177
608330501
227268199434
325550146571
12747140172
19369872298
263467166
1652923967
1821654837
16521783704
176647123
5567102545
226027684114
144470092
36973792122
1690346
205366532481
3678232113
231299686530
92056052081
28082953341
205755207946
311121617
158567868782
225497760586
352642855654
21469300918
19883123080
51866772378
10368984016
42481250858
28759845578
3647911573
65498237414
94725326118
21915910572
17416821176
33372162286
6188346716
528618429
17354383242
55054983569
574468727
6183189419
2830659526
1938402695
32345801422
32973805410
263752533
1682614433
1139363292
2325327431
122980244604
20308075384
181927151765
1132290934
114086132624
16458036759
1684833042
19534345782
704980934607
5708652126
11339402
72306378938
27362045850
28797848822
21462782814
49685402573
14087517
4255958968
1557093113
19365930409
5708694833
196870435946
10214932
1732850
938607467
128723917613
1375635559
260567815369
121861288
1711324
93751368699
84352307425
1375614259
9992062083
3656068144
327733280470
210358035172
3381253018
179800054928
91132594
188598876729
28798972606
32204117708
5561714798
19400030729
45456366775
1377412697
795841967068
7365846200
183321541951
31482019585
6222634298
1416461703
10367689825
731204801
197107397387
10120036400
183161772282
5561755166
5918299892
144282643
4451038310
173642418830
226165959764
91155640
550823712028
386204330
231750258792
17280058501
96499169553
144836077
182430063498
225507811647
527542597
3647940510
21263130
22715517643
8858071603
34193899135
30940637335
33152025554
176128798
53776660616
163610664476
225436730366
191957599982
518958287014
323641358008
20879443976
20645
66035684048
11636577006
19535388847
98581179542
741826203811
15581584384
174736313002
61379662286
28533974110
153160997497
155225276
92404458
10060031192
6785015367
3678181499
291392106165
225672113421
2003852274
22813024000
17354345879
10114269841
91178818205
1229479324
14665015635
3647928225
291102158
1721069
24851477290
10451238627
5578702691
335639923284
123259783
10634849467
351496351052
231852851363
359742245370
52475844233
288532151505
75623692566
24207593928
145215471280
291951767
46520383704
92004566159
3448188105
20273746691
18
144543440
756980518499
326304822
558972570981
96914977115
24272348239
156129374024
46521334664
36771261
350640896685
3419541
3647904263
470383594206
1579720586
153989278
6865568273
261184382373
169334902473
91169216
558382379386
442288
758571697996
19510252247
34203395182
1578558132
45452977467
176646828
8663929810
710326508917
176135824286
980824154
46521161424
78147965158
27361524297
92638098
85537135
430538552
4676376211
187968041724
3459591564
13858001562
197892766588
176136843114
173998718112
39501908
23208890446
3419544
210002622774
169321838959
92395586
14755494661
273855185213
225411712088
173709367273
97518309429
2846906652
133107162183
10037703625
330351119388
64021917
938980358
5708694648
31482517794
52475761612
104792376663
209235581309
18544598574
17871900050
36971174453
46509857527
144186688
212558042960
92870133
28704389554
159664806131
42486919263
3596824230
10587283657
34254215423
30715935986
9998403979
346353231793
86275820
262422024690
50873713069
14666446457
175870940740
10085827286
174856664852
35872182726
22459110563
169171513478
3312929776
156354715
268535168402
5917917271
66618124
28529802777
66657319
28531801895
183160453251
1710885
178178209994
114062729652
10879652675
27366768487
178180609037
574675431
17781356432
5418609203
8663892164
392040968
66624878
104800886835
13228790366
61097137327
19372718821
729295340306
325391658180
32025799504
21923363587
102892257
20310230874
19504430433
71702360427
263445401
146474760995
36399399280
28533527646
3381128608
5595017941
175930500461
225250380111
21919291282
28546356041
144952903283
13858835503
10091529991
179698194037
17882933949
12998644767
350592226842
300551664947
1461489474
1378020229
373578993657
198343788157
311862602064
225381700490
16521547139
528704595
36964779342
28541019763
10453066615
1684840843
20216511307
15970750067
19273197586
153972645
22875562529
153943990
13235493650
10205449878
83467553186
24098253514
27364617895
136726249068
52476079221
574694808
1183611765
9712637296
153734560
31467579963
206796551018
258968349554
556819089
10367690434
556761769838
23624115071
72041631261
190817836745
10084769541
32571853194
529001175
32009294240
102955907
144963609540
16903679841
247051649957
85671864
225460750305
799617008307
300224600848
2289268889
291670403
19943322026
10557755045
527743956
152871964387
3560285925
1994296845
153779916
265112827
44812284
38667381
263277073501
136409007792
1131043637
197321522822
9984808894
92110985551
151934082
181931382986
43740790044
2033517132
261973316495
247460193773
15581437913
92111445902
17861175139
230329633894
409448726807
842029194
6865973424
231389933456
514291918
21214367
1135529427
442152
197930915403
155298713
10503057712
32185670798
359743319990
17354132447
2026617
21356337
1579504566
33468117103
3194178210
29317669360
144534940
10367640936
19138814386
24851595045
442128
92148974602
96038402
102893237719
78179098053
24196711010
19310664851
13862065423
77441368785
277805762841
21372217
13481798516
34788895
265322066
13352140903
155300136
183390003062
1131616668
1229226476
92429351
8857966354
13236679802
80045395
81756706
351477471042
80294963
16457554532
104792344448
4617837247
8858215328
20737014
123090532632
91993315099
247449927205
55720756
938885716
91189635
17781748012
289092443547
3071680092
27362479271
1230165935
2581660938
17851867917
265242095
264200746
11273992733
54191765807
53225338346
17793999980
96282399
169609354971
175856606412
510647423
5708108133
2341715239
13228296112
153984855
169334906353
667851056228
6183367649
332729289039
80552136951
6062371719
528000673
13790420486
294974948610
5635982742
18133652295
6259904017
34734807328
231812668955
80362266308
21737381964
183162893988
2499854858
19088327432
155953144994
32118786487
34840952285
7602225934
3194174310
2449579099
217772291
98550924082
10553127965
165391789883
44473303385
123290662132
2033521843
175784778287
82403557447
9716701832
6262637118
144163387
373579085650
1684927824
2324912382
82164902042
17360684877
11273931160
209234566716
23783662717
376470499476
29955842031
17011281467
3098112605
176132796399
13783438050
30633180092
18461820617
92081824369
442145
19368555726
174876180658
5106787235
300385165284
273821977728
25536549975
16458024875
294975034874
19277854898
33569947770
20738137
21457596210
21944388544
32242710148
136245416523
350707311053
5594395221
28505848857
25298495171
13782287347
10313318984
11277406465
1135413514
350492535165
1970137944
89704721779
28544490679
93718180098
183354188403
31515275992
62803234579
10037814948
71885708674
183097932808
448167388
2457652466
389383786
20222223721
14135491676
205823910976
183380951111
1131043638
32003981150
34205056958
144784059280
376004609076
17782101835
441318
10879664420
300335787955
224195208520
527527080
19944581466
12748294573
247050487404
18786764531
19325537042
28963748938
181558437961
28114789814
360096529463
20225491897
25639278923
1580145573
145016964
221912492613
46523471842
2455870928
28088763637
2325257950
391219747
79383005
188905835705
265116457
71677057865
141686770094
5618653709
171507431102
16316738
4263060796
10036973163
34337765169
50766198031
34862357118
1685012082
67952226762
3648100385
291283673
21161586
799517737687
66624902
156209098298
6323708444
52214123224
4203715790
16425846
174858761780
21210054
2103911284
28557431674
157006930495
303781620835
153160820319
41541258413
168846489003
4299412320
19503996560
272560377803
2931663718
133430767860
27362529403
175800900118
183680856608
279782480677
23783007990
6265266719
263527135
61890305674
192535152463
204495553873
121753389
17011269514
17851941029
34377946274
24851331634
373578754910
6864588159
32344279669
492448968269
2205688302
5619177372
225218130786
1684769273
80541862303
52214760412
350535602242
31482509365
2472114410
91066624
10511998060
261983163480
85518724
32253347222
151931039
3648100387
14256576
222034252820
217993016913
10367706373
7793363046
284859908560
28083535988
442043
102894420327
17275983704
359742194510
25557373737
226027702538
23624534525
56419893
10049917285
17909324326
376857906
27366768489
28964050030
430435976
2403024551
121936374
233938224139
157004854561
273485801533
4681582054
559960967
706433955540
225960229262
291049892
21972208925
558993303649
3446994571
175853894270
231897013850
32020263312
10047352532
183278062464
32411924292
1721019
66778616
3302931857
144966828022
634403924315
183278069623
144163593
4242462090
52250856658
231364893290
24270513015
30633465526
253710103628
411702056289
32253359863
10134861208
349525415512
300552003572
348826335275
172922131913
10518145939
9980042809
125822151
70532640309
248533471305
78148099132
3302931853
430514843
442263
71878103755
43732266477
10109706325
10503598072
92799636
79811249961
373217088339
28724232324
19399628978
1082309
21937030975
24769596768
1994667061
19312538023
4234469365
3584919335
155165023
10560138703
21458093109
3419562
22072501077
4459200576
52157041499
17360034026
442160
55666011
325550318745
176136854598
3194207304
225428721140
143085800298
4646190048
22689930123
2449464111
144881502
78094857276
17005497878
10102769526
226044290776
7748729353
557709147459
10453809630
54191583010
4244851036
8793131
557921592707
20731766
27368998575
17791795988
752178260494
12751508808
5708694616
291561357
21826912737
231360890485
34169507905
4203727444
529892180
300438338570
92454650
144102047
174886370955
67383046747
176138948085
21937023369
277036148363
162083223859
6864172126
10562773276
27366251222
121632117
144766593004
2448138677
10060045074
287060817249
775689392922
358240847440
8901703
11274713152
319978454
80296697
11630351503
8858316063
1684834221
1821655358
247049620743
168846498229
263445385
54550093687
1579707651
2172434470
183160408754
62157273
4234691740
11185509
180340628210
41605883730
178165385732
28932434079
265298413
6222068062
59503615915
46520633949
92085635160
29178372409
6785177718
84353457295
34120205494
191906199729
10215878
6322084758
319971168
225332625653
527527085
590966254339
80286743596
772905611872
80058724
43732143692
7825547904
114160691944
30718159138
46363524560
188030378593
3648104337
205696718067
121755972
27365288550
1280906956
20736985
148002260194
24851222361
169796907792
17852346935
3418539683
22265819
225332625648
799747607495
5569941190
574480415
2369949903
3448272491
49689067607
263940284
32977644742
527526797
55704918
447595239
5106933053
2480205960
220119547177
10556412656
10204141172
638561774553
13876213539
24272897916
264458882869
28547750723
10189073366
203840159545
320128912
5567107758
60786077263
9992994008
1659559771
19650901303
195110463538
157603552287
527527577
80667571455
78094502842
82759948382
21916163901
20290513883
2311362367
10454181295
1579750548
1891617801
28566799709
253319238
1706060347
263449044
24275825161
92062361748
1375623572
10068679080
272567922179
14679723838
148920421225
175786667471
34204292452
1133623026
175785489296
1185564279
3647509000
178105201807
234438058469
55680075
44181051973
23957229911
10102392505
28539023986
80679284137
102600346596
92153226727
93512634252
3074514863
21736524946
391508034
22864213673
2315277975
144563456
46523785924
282474200192
5765094023
168846530330
41486752240
4702617549
2632557848
231364893291
157285120174
231797629025
21219860
2582377936
92091706272
114156595608
595273955138
153975198
311990227012
28534232921
297521744476
152514944680
10632689816
9982445354
247056505860
21960567397
752177045253
153973780
139073578
557444602261
3457803410
266364708669
20736645
154857657187
34861566745
1579800384
3645401872
31483808846
24271001693
21899013248
56414558
22091083804
23783604413
194848139047
491842072686
2325145206
3301904374
19504543382
36395921631
90883270211
4702581115
16596016709
5561697751
211696678519
252638513166
124156045654
23374299
3678156055
153960307
20216360174
2186832201
273829113650
552986528048
11277197151
24650278855
30214744146
176130755825
144282683
7749196632
50778112079
23743305919
442101
21934214138
66626721
1579876567
124535286910
300551835764
1130724676
89702711102
183231421607
2050881781
10634675104
527573399
144217302
182528930284
5673719717
24273463182
70537034745
3198191471
19300352343
11339797
38659918
34910791554
1130588001
18544830481
153428711468
191929364545
550619459
19490689223
284780862353
33173881119
752288934302
13246917962
3655068955
35801212
19940138606
22320039634
38976541452
20736911
151945230
27364554216
23748861749
324143619791
2189218765
1970148853
11274843635
78094657010
11186974
9992551292
10632667811
10114016712
323534284704
4385796481
10522095858
217987224798
92172453787
3194007186
303472363
67375242805
18112635616
495556297
18827872084
5817469569
28548753187
104791967381
66618603
1188233253
124526375893
1721097
4702888655
92172532997
96916943622
22208474617
191907209740
4203903479
272560379922
19534311182
575547318798
273486309559
211278987877
49092812492
5561868939
18829184322
34205195631
5224128278
92557641031
1129174072
453251926
174856679976
114056241693
264458996987
80363758411
159634331022
6734602
27147241
346548548973
144956205292
247050218445
1137783893
3194100601
358258071961
17354294975
261345250856
24197436995
732027432210
126122153
13789087038
247051560001
61072981004
298531290442
17599636867
86138615
22117
3312929771
155593784285
10621295851
24851223087
17354446548
34867022393
30726910239
21394550
5561707157
448197311302
183664385546
2033527656
10625323490
183590297789
1572489034
247049593458
375997507112
80783573
742311632848
174858329765
311949476027
38646782
92039541717
20736641
189672895764
157000697489
9714122852
20737862
226504263592
79260482
5578533838
3973083529
30087553987
21378219
10879756463
10103652105
43741440792
45452979948
261313497283
231236253771
374913199
28503488138
35891612143
2319448773
136575736282
28707948117
53331517858
121776244
30722874072
28561952109
2312679274
34506879276
347786983
235136944185
1130869533
19508631397
20736912
66623416
144790685918
1579533834
62919540671
93718582292
20321103698
144534745
157000697490
4385910216
35801217
261313535615
18829361161
208983248653
10089091224
19535091882
32346232237
54782372839
178269019877
278589344754
3669009857
153180099221
324143619798
5091697
5767498800
328163629964
1579655376
85676510212
37340260942
90968598191
263445477
771375644703
92173921616
2609705896
504888798247
2958224401
7605602083
31479312977
66778529
182146442302
195225341335
272562582973
6182709725
175795674226
176443990
123090532628
148525931955
144985254
188002073857
18827706232
10104088107
3647940274
91155628
28565866857
12748770831
96038120
4236193337
58196242658
21879070966
1658945733
74488206
263459948
16329121
27442251742
273481737816
157006950672
85515615
6319511098
191925340915
1721041
346550820176
157171925699
856198645
532192899478
16457971634
36050063467
10634846771
221796817522
527527570
1135728197
175929059413
102983239691
169321846392
59738771399
274714706080
2931556586
10138029661
33468780001
141316483869
207618882374
10367671959
1185525524
72041103053
442047
33154764599
86243838
162165082875
226026717066
10730829267
1579786946
3707767029
3194096412
247056415128
1821649003
225234320575
273485739342
265264847
385972296847
114181769602
92078505802
1135529429
28505298612
78148038819
2448140469
24851571709
169321829064
2324924239
122096420
17007004125
224018083519
328725276
389004940631
146907202
144589879
41487364272
19312211531
573250840
250621954179
33150718567
10200530675
27366352642
225497760581
349147976272
263697469
211682985
178296310846
137450100356
550647660
548778049
6324856364
290848380323
182150567961
17908703159
230437883536
155365527
1289288685
55720862
22718208083
50873322260
4459348011
169705533422
10367743952
155406573
180957793551
5776765445
6320653312
271809978
412261375783
136708562867
26099211
211276653389
136402500002
67374246834
72035837995
96614981875
19185076444
34118113866
72207383655
10084769576
6863418144
80292891
55045522678
33468095291
7365905448
272584055956
272717760712
135572881246
263445208
5569955529
1935707293
144102049
34210941566
9979972898
273486259887
80293685
15970538514
158980000574
2311073325
226209081840
940079496
5568978977
144292468
1500879478
276447638783
86124265
18773119053
121753689
6223032688
7793508616
17302549813
19088228252
346548777853
282476870111
24197119618
13445489751
132215199
10632616631
21812037559
145299254
17005491404
21916273670
10367666010
10632625214
10367664173
32414294189
4242390640
10088123964
174861103454
26514947
278667381404
1706049629
38195615120
35872405318
92031092474
10625468692
311870640885
4869424483
19281414436
262420891256
1571983339
5587173587
176446174
284658021721
24851657159
102955884
182136367833
374903853
21807056802
1252452452
144462660
2447732591
284860878915
292187801
175945699937
80296714
14802062922
104792344439
205694615078
154752695957
190584438954
5609556989
20736693
3645506674
7790873144
22083493853
19186275468
1377324071
77439403987
325769330683
10265764262
176128849
2357766943
13382893512
78102416470
12752112466
26151925976
29950941645
41256195964
1711471
183161743352
6017192766
527476649
21830723
376612378630
28090501345
6192318106
23621060811
72027208693
20047377
100632008870
34151126
150697259270
262540382905
808171791
4261884617
169326886458
17036255690
225617013032
441322
21284768
190803403724
59504063776
9717027015
265262926
271539927480
641389096781
19399705313
1376057979
46520724898
16521661315
5708071541
75624665421
66622979
85536797
1720995
43996204376
376470395350
10632903077
191817648011
36406581880
3448709129
56419536
28540543338
16647323049
24101481351
263784079
111579255150
30474094
641336077442
64021748
1994443713
325550386034
378846178142
182564814123
61809387150
37295077623
1135333681
19273167437
3193942507
13227361212
447673482
17023112746
1684840839
32985407017
19300370517
28538294464
326309493
91054229
2832898078
3449983678
6262428445
22709166461
145075454776
263463953
3678210312
8522291558
179890147081
153029938600
11350574
378397034
208983336070
1135728195
184094614070
282474434431
10073775967
22459352072
27365261784
178179556481
1886697790
61062946831
25297434064
55667342
17273952845
2832845400
1579541018
29115543
1684991571
32195711046
527532335
4647229042
9711959267
41499338664
17277522658
10467196584
151918270
20654575866
10083328482
359879750699
360374862292
17852297163
1685029408
10031186640
3074523316
21038586794
154246946012
347070356012
4253722141
20052806
91066589
263273774576
71978985969
12998367165
21740551781
176153116857
290994828
21457559909
121776880
294531722
80363659659
22493661
10039028997
34366577568
1579503361
264270749
6261134856
20291009867
23784701271
22320251394
358696553489
68460454201
12896358829
10879527104
34254254041
10453570742
19274695865
291561263
124874340058
61389606691
32201684807
387281006416
29946898054
123197927347
55705010
13236565497
384892880976
448156780
1705989959
32004279399
311861520505
1659569014
12311
19369649293
22060213904
247050398360
207766136526
34850113004
3302960552
42493838534
28579868876
81772676380
9712214246
159632805219
286659756247
10085082746
27365781909
226180307700
1132608024
2033523394
21999806325
7364451675
210005939674
5569366843
13227815358
202860207302
175797344463
13227149218
25559691515
52214994149
1994623552
1230915812
19504200492
300433564950
326357829
1375591285
105215206229
10085728903
21935698912
45451633307
527522179
155598330791
4468823952
20320837305
157006930502
4903004049
10503612794
24208632819
14818085545
27366743914
153759652
5804859183
27367120806
19510253044
17005547889
9976766968
287664528968
3648207448
374722921801
67385613028
5185421192
21935659970
6184637848
157009041847
30633415788
52365732551
132134973
71842863100
1994246619
527527619
144858107
92122650754
31980302
225281531368
160941615234
266546740
325550342582
55702194
430514742
67392977665
3655894978
34858852380
183354141833
23743305918
14671281861
51973226845
3302785447
8858215325
174870504074
4680378076
264458803035
148124961608
6264290425
153761606
16123905
27365536921
4451014524
19503994517
18852655009
121760613
85536799
10450315261
2154913148
18849154024
4664692363
641417835709
2458042037
175800042180
6864590505
6323071216
104791499780
80873210
5764492919
21214392
37776453936
1821648975
333023281835
170932649888
21038573274
13224162495
52215164425
359742245371
10060112478
22800865547
188917808555
11191269
10793005465
19882635588
80292799
350565789722
20142086598
1230521710
92072524062
741373629
226027620023
226044290773
3647842125
294464031
35970981830
191149997257
33466838435
105124038734
245575831770
527522345
39376636745
9982734514
263781275
24468047746
215746005655
1231091198
73006857778
61197167418
485682788950
41507030682
23076605640
328069822462
20741530
751406716551
145217024
122368207
346547406714
273759080954
28552272040
43747285782
1897744437
25676982
61371191697
19399496309
35872379376
6863578928
18827603744
3168237199
20321615097
7256951831
23028900
1416503620
3647919908
22522713961
2472152233
194172459433
205366775836
158260673907
70550223365
1183732844
19399917262
52168936942
265308332
2033529795
23748874967
8796948
154474753700
32023226455
55713708
85676698697
314298549227
61094118424
226026743789
177695630652
233938394023
461634025604
18827245801
163915022935
28535072984
3302931164
346548741105
24851636900
358268344890
195302340413
136365008775
3678181412
6183378767
34142363
19399789423
170504048972
2315422745
35913323
5609426927
183282075922
4263176966
559943630
66622994
326361534
732042548570
324153576710
1289409674
24650296749
3381826354
65946467
2033519085
13858358806
375997482340
81758011
350713526358
27371247133
3022694031
8861653919
1920058659
31481094687
163429664760
145714954812
1416660096
5779521329
35810780
27363992244
13456639
559991132
1136478467
264459477694
1684876124
4385883345
32256527334
153037032930
38652134
27366591118
558978021250
81817161544
3647700044
1579925689
104792297949
17360951197
21737121894
20736972
13234857929
529024765
24270519391
71843163722
80670186999
8502684168
19944680747
13548948217
16364172
294523908
30633419926
273822101486
17890151040
294507039
10624315694
209232505674
52468513034
1375379657
168770143212
11340060
35891669725
29944961850
731188678
104792041704
17254245400
311990086710
18827340117
9984995825
276646522373
16522303064
20736700
14584279942
586362748
9177110996
268068454641
16458024876
20403
55720707
66638828
3312630877
67380926570
22704646345
4450951587
4646834075
2931791127
54605219094
9177221586
230265565577
174864849914
169926575337
2722628449
16457554210
940237392
3645808886
191244232749
148040899558
85537018
1821831717
272639222964
190539930938
442178
261178889839
146485468462
4680415240
3648139194
39941247010
231741730677
20087697214
93718184164
20290724932
324153576712
19504674464
21550977
181574782426
96226670537
52914952818
96038405
28542394393
10626789981
263781289
1822720209
278589381336
2376478560
2325352527
346547425945
20381662797
96114514
264459186073
5567244311
21365709
6338465
125504407478
96499254669
27365372309
157002820429
13796109397
34197583820
175783723330
1712209
300903763
144185685
5774146213
346548490928
1572447644
573254131
78186904575
448088387
16585309115
175930492611
3383784607
10503006905
153756028
6864712218
64017439
423764024343
5185139574
527522177
178348780195
46520236494
28729152109
1557091940
2131985412
35111488430
18113362258
21458197690
16582703580
169321750615
131916086
556199869
265116435
474452385
7792518519
2325330821
10367637830
300224494105
44730748
145017220
19535346884
447675992
207759786440
1135238165
136427618468
1885386239
155737400
572514442
20307506462
2673352041
174
144800738
28550406184
13589
3302805606
81763161
21457754439
72211158266
1511933041
1994474448
182484573360
5567886633
50283622642
148230650531
17254245030
262851520619
21038636625
32004638284
300225704680
123242340
289092237157
24272876718
28547757385
148078853005
9584132883
121825922
78148030074
9177175075
28560633237
91053130
122101004
172366935156
175852747276
10196228990
20089844055
34197861242
1684836788
21986929873
35529315834
263445317
442102
13723330720
300336986665
18655881
23749187178
12752010561
715081429009
9976285602
67379889854
31481086613
14666693017
30747518480
32348859452
21507237850
10367666292
18833507227
7366776885
94512028326
17006045274
642004847552
272560122342
27365578071
64021903
156139602208
67386373106
560852441024
346432935817
20400
104791671151
400215251491
732083492873
20320866471
2154663882
559947529
10517807813
20809531119
194855844354
19496375784
24851548352
5752294509
22704720712
273627738621
9711944840
311951318742
559057438510
298929297132
34900497133
24427379618
323641358007
67381532976
146939414
153976446
7793327603
16364335
34902399860
4242034009
30633206767
61372291353
45461247105
91175706
183286079126
3645383046
144930192
176660217
4664696560
1579462370
250853113326
300335922332
154430645727
183229365648
31481074008
2409190641
5562377515
527516972
34842044308
27366629124
191943441486
346552922318
102953558
104194378968
4574134141
129600569499
1970138907
3189465676
194848191730
28708206737
2315397061
57453642187
574433295
1377139847
153738699
842338804
102898096
9859657253
272560240269
11339195
4236343159
15536799553
7368632489
302499497017
10367640794
3302098253
83477036294
29940423726
641385080145
13861912213
131236534646
540525341477
1375389192
1416461819
122979223062
527517941
90992733994
197293338134
4284813888
24273290464
36388231061
6183917234
80294370
8861699040
715081326996
5096063220
211193484079
217781343
559678382625
10322980941
23859751538
13227353193
103071364
4450985385
28543174286
21571381
72050400837
91067017
174274152423
583076218228
32583805981
20370400674
35872244321
63105787236
3078629017
11345516
10098208152
3194177499
4091985633
13722833914
346548548971
136368573632
300903764
3424241475
144781513178
4450951585
227295666013
690768084546
263445393
153975206
19503490363
17904292383
93738500281
176135684
13245337126
11186768
2846921139
91081646
20089839405
5640941845
18546819170
56487046
30087553435
19535075765
233510169696
169664952226
17852299512
5561728809
16521469251
16157074289
430513591
192309325297
261790693395
13245181972
188394010976
10195748738
4203921310
2131929311
144130577
17781838827
210002540602
1185882245
732034264014
548796502
25297366175
46521629288
155583957414
295423138
6260147534
558993357319
6335200295
4263036522
12748657929
144472192
144938450
884588
75623577595
10040714776
35971343254
21940719998
8902484
20146260812
1715744191
62615132546
245865746095
16521780856
139885867838
9177131073
10252701966
71971127512
234375625805
3093352595
1897764812
125928202
31980154
153734677
21967762878
10503052861
225938175606
3426602453
217753167
123130577356
4695639970
176653891
66621102
10453709495
35971013270
26084825
2172496686
174181280870
148657147613
138112254
216869129894
183282070088
23783007992
10507563257
230412828895
2022785739
856325288
5567573574
13235397967
102898084
4451436984
10204141283
19499069811
28964435799
2846925019
17794529522
3193997492
2325158448
536687876872
155557183113
3381127834
6271384026
17005547871
168768031311
91986151568
156211105592
85663126
38483253075
2315265008
226027199966
175814109845
91176192
35807533
309861532465
265116485
375996796394
5713688082
1579903827
4298940356
276318934726
32411493494
17781369904
376760085
169926575335
24098367783
9990948594
13239445149
20744586
10367664352
16437261823
3655002537
168849574499
19371467780
103115454
182564466121
71877417233
30633253784
144127750
210419628556
556761791743
57453938170
3668097650
11906
204359271196
3536054025
114094363694
32562480088
10367690428
34115109467
144984266
86175509415
104791450683
96164878627
1421698949
121874040
287862310755
1684888933
264458954755
2432466195
308652566490
125420349231
24270731167
86180082601
11241737805
231240211818
38978015490
13383627576
17354244950
28706226172
38554562059
86691164552
272639222963
225938175613
3194151761
1138108493
197909829407
314115494907
42167095031
17280223312
153922587
326369208
80364215145
4087784459
362932709926
28756090028
399833620242
245866093638
27364130894
4253793379
2449007136
30724517861
38195808608
1920063610
13239611545
389378069
80335809
176135758
176136843100
573356513
50650407
10450137247
91182628
13802145474
16457562670
2409294139
21965538313
191935395495
34378019321
225639103281
751445426289
28076799045
447680784
29944251086
153358187232
1996902
1659101193
78148093998
175945321982
50777422050
31464655174
18535915281
378666834
17005755526
304170514
10367638859
32204154113
263614157
10313286712
61198318099
157005859450
71849585100
10632610871
29956006801
8793172
27361859166
55713261
19504840347
18826597678
154090244
231905039510
325550334228
308843975
18840663380
21940755146
4385851784
20381498076
291171524
5567309090
23859822165
178179386072
14662323
175883731348
13802138423
1821943801
59493435250
36985520979
19298014590
10633961233
17010427306
278587185656
48991067694
80292592
14660645557
27356661282
34250185181
21740452012
86290083761
284782270928
153973853
34346536989
398070505267
346556039446
10626548440
265313702
19365360931
68668814444
32004451931
2033516754
10085724597
153189125954
114082414425
10254487727
1136758406
85539171
30715349090
346548741106
20297980492
49967515053
1711431
136342056207
59739033778
266562788
1229813663
27366637833
1135715437
169214229335
325550127281
2632642792
1231138180
30482590
391504098
1572820084
303676762600
53225368156
178270371235
263445323
182452235271
81756705
36962142862
23744662495
1031452
10216029
141316541361
17354413245
1289457397
17008956752
143325588728
79288582716
38642279
6864145030
1146007982
183277566752
6222196498
1994378653
10632670182
300384994592
21882335001
17345178428
175791780653
51932614477
34246018810
144077104
24206030882
28533636565
11274801439
2632121480
183385991693
117343910376
15969153941
5609527748
4902853961
145121419098
442100
261660424834
148085046593
19504640956
753367232859
169321750614
226027551962
20221578966
19184124866
3194178087
138733522
163974714038
278586997248
42838676386
576153445454
176182530846
7483079057
168772445939
168770199176
102983445709
2957855715
5106773570
207756588572
1684936891
18113220507
5707888963
34150904
4244840975
5607498567
1230065242
300551945771
34211024553
80286256981
51350776428
1183354757
204029571092
176141529
11339987
153923181
3678272713
16435321701
11636697760
514354284
21806521968
651692111937
144786501056
17599605641
21936412725
2325131096
3531490916
20225046697
9978307242
13224424039
10665531840
264458756282
154100176
35974134604
10632751975
10522058887
799546383832
294974819789
70517701100
5569941192
89709062752
13242834222
19535225936
6260016285
258740572633
231235868600
1684869079
10367660418
3647904250
211193484077
2325181674
55671547
151923681
202845076940
15968161390
30
10211264930
5708655720
19187025725
3585050052
42831703258
1378093372
237233820066
14318491473
24197119620
5567558514
384872485807
28540839487
55689390
73860144300
56474439
183176351576
16522037980
2472152234
24851209741
34793509
269575514802
247055329550
7825544096
3648104393
153017775670
18772653021
5749529408
10588179646
546590462226
1376921988
10103011411
92402117
5709911166
10625471746
82154087964
3251714385
114070948451
311951458971
50588774610
264158417897
2471798081
197550024244
56419824
4245610847
28550028539
223842160937
300387678464
1135715434
300387466900
32555431686
33151898630
4091937155
447578132
21740161227
158126243089
163455598572
35813624
19168426744
163971281896
21360683
5582235577
104792376638
7749106947
5561754123
290956150229
1134887946
26081018
34118798858
204132296917
114460771753
20736925
46521272772
3302931842
323674362925
78094905794
540511162982
42836527566
273860259154
176135828939
3678181425
236973474086
34626828619
30743539734
7937
184940058207
5675719202
179038055587
39671899782
178294753871
91996582708
213
191901189178
153710768953
10042936710
824024841789
10449204296
1510908457
313770774827
89702659739
81788841486
15967491579
729356390460
156209416807
124511723199
144501716
34867015884
5568018530
146601890063
757762936483
9982691488
9979422190
10449587628
1128659555
5777020744
5184463738
206839406693
9380254
34151352
19946446214
6871833095
6307108
123089757
50510124
8655262482
1416773751
21987514998
80087614
80085794
72042104472
258063443873
374840503971
175813434772
389378320
10114292940
2325254966
33173135589
6265219676
59504685569
20737063
21323
17851105456
3656067526
66625757
139599766251
92076348015
32340470234
5574886657
557571534853
137593940925
20064026
19144591268
179695455264
91146322
10511997119
4664692207
10086874557
279782476227
80060492
204612344761
157005873946
66774224
104792148945
3302800907
6317434746
74467597734
33998764862
3645730577
149065679030
56424972
2324147708
59504160630
144960380284
276788865943
21900433775
176139364
28545013621
30458750
2409330631
294503655
7740605
2033522821
123273715
144776273
32353827187
35807775
6320450340
284656958835
28573753655
263606079
44000184264
191132894929
18828267539
24205155848
10107795867
17360995952
5570365543
10382769558
16667555911
1690310
168857338447
8901878
59724861193
20321135679
6784969250
13429453179
6183873856
389358168
3302930795
10075132440
19369694255
3419596
2195713544
10579180240
34793466
20737139
3302959706
141316720133
32347289061
6663820831
1375374316
10632563078
206093667904
3645443085
156482305
21736395219
10367673377
3414565119
28533805153
139228580
28708625026
3302456668
4902919396
28541652708
282858104471
226027587496
78181019557
1229699292
4284483851
43735177536
20089914123
52214760399
38634637
194848128070
204098690205
10468925245
527519319
192790152050
303449023
394275537
48207385740
1806836905
28504262991
24270649338
273832128607
182034094345
164172472515
276450127447
3668475275
21458433241
10215930
23794160566
61061809640
328194874222
183351115303
1376277002
30725208987
194848135221
36991846458
163657252677
34202965927
260263954921
31980307
1684989775
173799123709
28799274253
148627853835
24851736528
1426885385
20381778515
140154062618
10367672073
323889527119
21296094
175297471856
80090146
2673008577
546509333624
9717446449
2033523947
3008498808
32352385548
20737005
38988334026
328696390
17850873893
1131276718
16458012029
1888336960
17908346923
1510919356
9988481452
32976658144
4451432866
213353945403
45460582386
46405907266
153971010
182136309496
30725188281
155584727943
56419860
262098717155
3545424037
291501049
346556039759
2341676302
32973303366
2341779196
114168869659
17354376750
273485397694
153922585
1706107870
13709764288
145218797
144983347
2848271008
89704258562
174355386683
19288024659
153947831
96500172630
3194567582
66622972
284394405702
32343750037
27366953331
70531479137
26099533
66778555
37564543100
2450569723
133112110780
133426778581
10625467791
104791526308
299138977868
14665074223
28545440065
226044290771
3094819259
14584441263
13245228304
96791245293
102892096
35801202
182564563522
2315455896
6864379563
32675118781
9978044956
87028513960
157602986628
261325324130
83467750555
226027303331
3536109109
3305196427
236478042400
749216952501
10114291770
3691094222
56419454
1291166630
7390652395
10216001
27363423757
29953148676
34290933402
10511994481
13408578278
45466251215
163978017435
150554077616
29947089025
6222449418
34865904862
304122983
494913838
27365513065
10084805247
291248928
225240361922
180811904056
153922596
9983321700
270678067250
3120131978
1579855760
1230213869
10084780009
175785837620
5561715099
347539506986
103068675
13234966354
21384471
114068698590
169321640088
10367675758
86449958187
32352347739
442171
264711296291
92173999325
13445513363
10368036156
197489553258
20309593467
121611217
279134558544
17009929934
6318991572
7749097908
1377626678
210002424747
24851132590
230423834562
2320593218
183160578788
19918009426
1684769278
153734216
49688996439
23216188906
217893855
10059954573
228127762443
10068482019
10367676561
808171790
2058820293
140057256383
122172024
40764366705
22709493948
584831342146
468133462
527516974
17599472675
172719368488
2409034884
121825921
23749057971
39377424906
17615850467
34788314707
2154663891
251080352610
3645324370
174306628162
153462099883
62379524955
1375623157
6183614166
32253338800
276651936133
20826233443
6192703343
27363195987
21408694055
45718369
34205240331
10084806000
66625749
20307760529
19639706750
10119379313
263498049
183308433067
128348784563
2448439980
18832229566
393300899707
155598302932
146217558743
13858749610
2186908241
91177321
294464555
17852594565
7365832012
188734725700
144954645558
5805044210
251700706631
335085006814
6864339085
392636740732
176153116839
325550073278
6864204783
33175571288
753359133097
91146340
12134
16668682749
273844152053
14584874834
105123822035
10087182882
80839263
263445341
1231024034
3448188010
5768022091
4695674946
211375147096
368905346641
352011826190
346548693730
4235952546
398060577943
19278257524
183286079129
6864430585
10517897844
231749901221
80680772111
3418813
166502106358
248901917036
263782825
122074779
61372460567
85537339
19496439401
10727497988
10084803502
228750626974
10512026946
325015537538
19369459657
153006465143
8663893067
24851627742
21889054122
22137893483
213357377536
9977113078
2340029870
249123172238
144468399
151099610931
263733405
311990086712
85662813
37840769189
28572235525
78181838567
20224567038
23018748
46521874649
10117657776
1732862
91997217580
80045617
247050218439
666536363550
175034822337
263445428
1136090285
34211008278
28534335289
27365375715
21312464
231229354480
81166372
42492432141
2325329783
43744099153
155600088198
10626571745
326300052
1579828209
59651496989
13235430875
54690588865
236563667058
346548649999
4647284550
74096756
10114235384
86175307705
19535954248
10632687796
2830662467
54549004880
300336979782
176123674755
5106806049
211161849536
723960039112
1130828697
104792148940
10453540612
19372918916
226027620021
2154534104
96500862940
44341558074
136333551880
146959387
46541724257
8798825
13862780614
284663577381
2321488003
18830231426
96126642
91066585
4385785712
6263069284
275178388613
1131158360
194855726398
1684791956
16521977400
21934921233
16457662250
157006881147
10624318247
27365261785
527517946
66624433
23744506277
1713130062
19946752708
36406418247
856273123
70211922758
168770307704
206128277878
123304757
35214167312
6184454978
5567216779
28802476027
30474314
4236227297
247051649905
3645509694
55044679309
19505079848
5570244424
262325653080
1572876767
263583342
188391724087
34793365
46531683464
21332333
31980320
552163382509
6338928
641359968754
10256234620
22460045681
81788841480
14023006436
80278664091
79279101
272560254752
174882157391
9982662463
391805005
10119640529
4450833296
36221128281
18105627259
3312635934
32003754973
349167193127
53766985104
10539034713
3645716205
10556185220
278476274725
6339426
10256175082
34197594923
156658771
16668733322
220942214739
145074013707
85671861
6263279816
93718184165
328182811385
5567244300
15979247597
220118732509
24198023813
7603485155
556635276
385334838226
230403827766
34735427506
3302915611
41714964230
2311393188
2292345096
144076760
70426636498
191941429308
10101701294
360425813443
122032412
682647566792
441332
6864313566
326300128
34848616558
175906208779
17851268416
30633085230
34789103
205366113904
19944500193
10383427090
90899079746
92028545125
28707366615
34286755280
53769870649
261180212439
191895111045
19138640411
10503612795
2471733819
22110889358
36976296312
430513421
380304530351
175788662830
13980
156136392494
32015283360
5619177371
178555953772
6176864689
28727715325
12748941758
30724668994
4696427600
1364683353
35891955766
247055329551
272560122344
121864354
42494936592
146985687
153161633707
18833151571
46522715538
154453997992
90974703
265109850
55666013
5708101435
45461941217
350784236072
16521668793
24273473447
13783260223
13234873532
3008501873
378225610
346548548975
731162676
24272650397
46521720291
233123247810
45462710887
22822111047
91061602
61195763419
299150722968
9379451
8530696351
442330
85509603
149987527069
378465769
664766756570
10623309055
21243997
42834850340
373215854038
278302935711
67389100733
263606078
270726869445
16521724739
529055780
1128630149
3447388370
1416515396
9378296
28539095411
16668320186
152862371584
28725311149
41482013213
144163908
197313429272
287406910987
174863792137
346548496940
260833439474
169321752442
114067052691
56305628
447595240
5708660609
178160610823
123085727
194857503477
144172620
219130422052
202272214503
36980978356
13604751431
326361344
92110031724
263656265
278666182804
1376035963
2033517147
21393128842
11274843633
153983766
144563474
3531055946
1136197653
325550066288
1997235
16331133
153795769
11273902446
284661164227
56419466
225606995305
82166966158
17794057392
28563140959
18113282222
4902953334
21998055532
28536539572
10518010409
31453819602
52142037610
10511998393
154454604073
11273902448
92616902
4254100356
153036099848
16522019344
7380544954
795812734332
231316841725
29949326637
231797629024
176132796375
28967108719
4664698232
328109357849
155598497804
1184619681
75622045301
191149786809
24851185805
24270650030
11340877
250621993986
346929646533
527520596
30743580533
269805127078
22011207696
18545324323
1230679564
1711459
273668051159
155165185
4664683737
225294578772
271609253807
56419456
23859282251
250621732613
67373675183
392200749
38195619726
59805443755
29946785848
9980557866
294471951
2960867084
144963011813
169323853797
159664100120
56420815
19187077099
359742139762
3189005024
53577479494
1659080368
35801626
20224897614
175885840763
175840684313
27366151500
312028099677
2205649637
9716293462
172917733771
25554399826
33468095292
212224740172
138897744
319949239
559841928
210002433087
3194170479
28757270598
226028017246
13205118676
31975678
391529850
78150226908
19504840345
6864159555
2003778392
225672113422
263445344
16521301124
50873473543
298567384588
311870826098
299137823134
114180916321
2051347110
9989589205
940033536
24852035836
5673967976
273552941297
28796503279
350676836466
16458010951
715081389241
382083742043
557122651565
225539866573
43740178897
13245181973
510564800
263477601
527955457
156353273736
82403693965
25559662375
6340227
1377921157
758573910340
23167632649
7603414560
374991469
23749205722
527527354
4245027595
34344867255
1510908458
16458015630
5569928013
281670373492
359742194513
19535119022
18836298929
132671393
16521999281
66626238
169326887855
291171648
22493662
28572241965
4271770443
1578913395
144270479
557025317636
314304815283
104792102078
10503025122
314031895181
13100235361
527517943
94129989681
155561826515
212559113510
1416742733
447710293
27365812360
4902621510
39031689628
42478555890
6222336276
5713685941
19534509369
23860109324
795840760729
151918051
574485569
55198008613
2341726349
25557621690
312022829826
307497332551
184094846234
22062481132
2961060274
9177107369
6864598872
39944373386
144192603
13227815357
1513274497
29953528731
51866857893
67386918146
4228983003
312022702239
22484842807
50873310505
2449439467
350629240882
104792376637
16521946320
121763761
92147865285
195110411632
10368072540
4458935411
203834492082
273859245739
749216888722
159576453367
16668248664
741430188
755581735655
9712270727
110257638097
10096678094
1659635026
153971461838
551610918925
154341112018
207762898385
24277578909
544579725534
49091626400
22514919294
758571697993
81758817
19504567199
274089429655
350809070243
1089867
723959858771
273673248238
39041026155
1572778692
145088657833
10368039661
2290939847
21392821562
29954393316
326309536
153982471
21284769
49060859045
1685027953
57550237102
1129048644
442269
2311897425
3302805677
303686405885
4649807828
5805758194
6864553487
247326201204
33178945923
10517873724
154338409352
326353483
39030945592
7825609943
214508560499
228460122064
169321774952
3645718905
148024621393
1692004
86200484494
1994260780
17254246179
856500578
103113832045
10879527103
183161748741
10049377769
14238889
4676391590
85534159
13245726867
20320747257
28076867556
5919767283
21738073350
3110942741
34199773756
13237163911
32353760885
54247837560
3302220047
22833937622
27365288549
5618613749
96601491538
19288276195
13244949552
17005828422
155226926
20299233561
104792155195
29945493744
706894748836
29953918982
7792645418
175796269301
153177972186
8655241825
19504096401
28554760074
175818603804
13234872472
1711416
159681943862
325769101184
273481715640
91129414
9986927720
153739623
1416503293
363995027666
91070720302
247051582748
156141539762
225310597895
1421708186
44811868
52215861481
8663960058
81854653923
324778947667
19504640959
162675549074
175787004502
4285477148
1375477847
96075210
3446767393
436325892086
211276682061
35801164
339038336
25536208608
4203865012
27365859350
2370248963
6320176655
197300383093
168769108435
10367640201
430542254
21575986
204357241269
183359270061
50509838
45422102990
183590176112
148019723333
332174897204
136404007987
183373631990
29953845682
3655815831
153344147691
9988504330
30713131207
4242376516
27146516
12998373186
6307035
2258830135
34793364
752241264033
176133810633
21922093819
3097531645
96126850
27364656853
36660392428
226169161542
372914941145
29942345989
1416768251
376470227620
3194174023
33173446510
136739665594
67378471788
284521651474
25297309868
168768082834
282544065423
8858315506
4664659047
330553235806
2194191814
203108207987
373220204174
34281680962
4254163477
350676854496
231225468130
198385423316
4451159119
4451412952
4262920611
21890783550
182477330512
527517003
80214021384
442103
159660773808
34116253064
10085789838
4876181626
169056984750
136736437639
3110380305
104791951845
312028034692
21887783621
375997572166
856213318
1375388646
16583713990
43743376494
6865500661
32023969438
32350480335
19365601861
320014305089
3707611889
155596582487
1375480817
11186684
4681707315
102896083
34735354875
36820053759
83420181895
19278085145
223787224765
1712230
80294962
29943492123
91057704
4459182284
1289439436
153534534959
6785889193
10503593742
67380469118
346554986221
558993645020
30724021706
52214142664
8502689193
18542955335
3092897978
19503990780
72594183036
32352484962
4385971829
30718265826
322485275858
144717361
102983644369
272639222945
289980282489
92429963
131853894104
269490393772
183282076442
55196963498
5768606410
177655956008
5561762700
228403022348
6306950
24662817330
170568685735
19400003138
175929055476
6321450567
211275315175
173653501445
1660040287
373215977004
5804312486
19882521359
3656037661
157005868021
28709135240
17853025811
4664684202
2154664081
18542316136
159373619673
351920199954
104792005919
55713266
758573753636
295355208
20381463265
32585429951
25557365269
10114585056
13380800243
32352855042
248418626398
2960707083
10114569884
11341009
15515154452
175809709426
13858856498
24851410136
10503024082
179219647844
227269321938
6869685541
42830690717
19503280396
204451157780
212557208651
17781433192
264458954754
34825916
80364344855
1135296967
85663222
19369793910
3647939766
34789027
6319860544
231876973666
231389933458
36960726092
99688647119
13234858965
191950458379
102894397940
7378210261
151923539
294469866
346547406716
19534332884
2960999854
205366899329
689966417872
143876474729
13243814272
10379739794
5751808864
18826821179
463631055
5567950412
10215917
4242135102
5389237
205698764303
80286204935
2449638512
14256497
121762574
91961713491
31479322834
263445380
1885738008
10256206548
4683878086
715084193199
91052135
6382692660
10046951150
272639222950
5708702318
1188348425
36980623781
34425831444
144274501
2311027576
23624255279
10558117686
2832846341
993238597
144836004
96915364773
183590453544
6864783265
65942301535
181548305553
17254245399
2311033687
22198421770
6222181354
102953536
17035491515
3647549841
164007024975
261774324494
1480685827
198552927233
755855310
17005181183
183271028177
10093318446
12493111524
66619107
54549128075
121804226
3193972821
136378537651
114081526228
28534748941
558926907850
17036698626
216840685328
96916043187
12998455098
34845097163
46545101013
378300096
66627552
175928577532
183599630064
176130755827
6785793298
2321482646
80217900701
5561702107
114094198842
80083437
18827337676
278589287503
24745304492
72079309146
232173933714
23859287771
1885644244
176138948081
3302931841
7896
730691246698
53334681627
91190982
389794423
279782315919
225460750301
153960424
2846950986
52167481750
28541527880
156
19504640960
151057914739
3655064490
442041
311990121967
1710889
11340023
50766964497
212570910613
154802503
31966360179
169664949055
19944585647
169023456974
4650060015
114045633727
10632578865
15536750441
1994206908
176446263
346891751123
1691524
5561759068
2472075534
92126449465
7192312642
144784295
35883119838
144755814
311861300087
300551877124
144127751
4261793120
19274430072
25499745352
275795489164
265132263
35881386190
62183909860
3418804
42480727787
10122026671
4451070239
48207475172
173030181755
155092869377
144444948
21972371428
28569319195
5571191130
312022647273
66764815
250625171979
264459186083
153607867
573308171
5920020167
13385290225
52214891035
92006962297
205366725625
70609032639
350549693007
323998531261
10120023073
2315422746
3330855169
21285498
30723497907
49503407247
228201125298
12067621
68788990854
9984959536
68790004337
3580517733
67380101606
346939795589
121936373
209044828814
11339400
4250847868
2172489228
156152333910
638562283274
753176157596
2830540137
6263392162
169330895217
6863417776
144938170
173691641420
104792119624
328821410
225310597899
19368434492
10453700427
5717270798
19503258214
63882881382
30723943112
10565391644
12123848
4385867762
19964734478
3422719
6222122775
4902918763
183407165308
91961899917
3197338984
96500753351
22319435612
160216321455
30724474997
276646328430
175787840660
5594426516
144759159
529025543
19945137766
376470395347
34205195655
123060522032
1229920772
442292
52215877200
121780117
10503051804
294592208
442168
28543344321
732088682925
265829146013
186227989466
62186174485
72042633892
172931961496
25205154681
8076
1376620150
21458003038
181586018391
4235960687
286291365394
10727652519
96819114744
144271752
121761832
24745699212
191966666445
123247116
136737035705
197872730068
749172465963
28798810283
180303091033
346547346778
1494345312
31511163208
27366122070
325588331254
23743297178
211194656035
17007004124
140
144937974
1132027185
5561783633
39946181855
178732956581
168770116418
92027238668
430505998
560009873
10103723909
136360168757
13869037548
179794222403
299136685366
183160453248
80091018
857721429
85658143374
1230960207
206795201778
225677122298
34344395925
55705013
1579504569
23784610801
250495495292
147
61213445073
174858329151
2059670399
373578831845
32347530818
86201657751
6734783
178179398195
33173740057
1685029406
14256591
24757786010
250619380620
325550248632
230322619061
11341473
10539279121
1131206529
80511765858
10367694351
183595535890
43748248981
19535211755
1135442751
527358987
82156917568
144503547
75515239435
10626791476
3647919436
156228584466
92057637848
121960708
42829353600
247574091553
152893050432
25559497040
261661778775
214494969336
2324922538
92639691
17377673923
85676719246
231339865967
104791499778
61380434912
1668076945
233388294629
13224043339
107345849413
7700
16522512407
123082918
178506173264
304442515
842329965
3444916936
5587178962
80091262
22059909748
453347266
91054074
1580005787
114155352907
13802129744
44583495215
10150379613
1572726788
6264332042
28931214095
11197381
5708702687
447669019
325550256519
332231992313
782959510986
856259115
86255385
7825587652
154144999
527597860
19276794153
20737549
176140078
4261796612
22871661183
328694142
48330580683
1422604173
42490393340
4241854510
226171441182
32354351472
2333410966
2333359046
144310111
17280609933
528977740
291022183
87515176
136338390624
1572343913
1641914126
389380684
4236229668
11192187
20581608888
19504861769
300335787958
457385422443
50731593758
36050572428
744816509098
226027199967
44730063
350785357841
8858210151
175836433105
24851477292
430536611
59738758337
54548678129
2325352587
34143500
6222001109
375997372099
6341731
1684877511
28544500113
30747768179
262420824398
314298549229
175343704024
80669852866
350574882663
89877622098
136500851234
328185827774
5708699161
19875163604
2341777601
168770202882
749224434265
1139370414
19535446496
36053696342
559082112688
32555577770
178541542771
46521924811
18830515635
332677334150
14244344
9683110492
81844583334
10649680450
114077891764
21392795010
121775114
17781369903
20736590
183160453239
232082256010
19946140878
2058902282
5460095
19373023267
19534588038
174167097810
7483548997
66778531
3259759259
178713544507
1579858940
18546556664
96619124309
168770268877
270064664750
83420053750
178164996557
15669140499
153985823
350543661676
1887002911
576493715275
67380366917
71499096006
79382912
3008465769
123239445020
37565461306
10529377999
16123976
19504952736
232007292763
46521308846
599294217773
211278902057
92006019019
178351805197
23974965971
19300390889
291071605
715084132939
91312376
247460193772
4647645141
324787643362
16521984837
410607947676
25297340995
77440922186
123385334
27362716952
3381426649
18831360598
278586977423
1711422
225960229257
10695673151
50510710
162662995736
159635787848
44294356
44003390010
10048590094
245883110971
13239505810
556495331
114040772929
45468569277
52216173889
45463190638
1684878793
42491983861
195985200479
32206386271
19399491480
7390715877
1711421
183283861306
47919428029
230386802146
17100222713
96210272509
273485995504
176137876538
1579547980
2060898946
8858150138
217540895850
5418720938
62055891816
24851242177
32346230058
179522187641
20247618450
376492811243
4539859416
250293202061
284661164206
1887971421
28940869414
47290020881
20216588793
4695713273
5752383797
9986449928
731246646
5418684929
275187594756
194848195785
276653953078
10110670203
1880051308
6864159505
299139001598
282474229077
8652003778
10367676562
93718180096
21393414
375997026894
80286487
403883911793
179798934432
10379878060
1538628367
715081750317
1183151573
14218767644
311870851792
382083694151
10059984196
16522223640
183161657881
35801631
5653827795
4664722297
8504760170
123068755
273485801532
247052905609
1638806693
10027093926
856237557
28099521533
5774321667
49086663339
34197944438
496884144805
169023481027
174338001115
30742231732
18829725707
59708667911
100217077
10511998471
168770135899
2022640693
284860864990
360202170868
2154534122
9716593897
20581824371
6865532100
15964666552
5418675805
73748106378
72044421726
46523734566
49045435191
144985932
34200780554
430536437
190828366813
214128800828
94813818965
33369557606
21437725
264298525
328696391
103071251
153384134264
360098635415
183161756316
27363864959
86262873
247340820111
31481059302
144949831328
92036662671
54935321081
19505026130
324105578837
212575520401
78181064561
5106776819
226027587489
19946774287
10564791835
104807757299
527520366
17781420321
20219953824
10367664366
144128389
5561768272
18832224811
346556127124
1187326084
1579860146
11273902443
6184980514
10553211943
36976166312
4242066729
282474359994
183300159268
121861356
35872233863
143086218521
250388878178
501840780928
25557441942
121770698
3647910178
15967008274
247052892537
178235470435
6192323479
6864050431
6864313199
272573982203
6864256039
20581823217
6325337457
2727861028
17274673566
4458894542
19274255788
335796999520
239533008993
104790736285
21740128038
121633307
1684801193
71881011104
261095511729
3678272731
27365645724
178069131
192197477337
17034309409
280294226345
2325150986
144757579666
2050912318
12748076284
226027521501
78181158212
35891849387
4247026074
21392414
264296618
3194075656
32197970379
10529423065
23744544363
173677268497
714797444544
82155612165
121771238
1513127566
78094726494
33991392708
21945829353
461493327
5570002240
87028529943
290351594299
17794193166
32206321785
299138977869
3512863816
2632608084
7482875592
9732
10060021537
231995006358
18826598310
59493438320
264302592
70538595681
20228555559
10462137547
48207482239
21512701215
4384769651
28546316144
67387420252
38991086844
155598369439
102892431
144287228
89910194572
169321847538
5775015539
175783966660
36970030605
13236670629
14666712365
144937888
16666328579
20381800437
17600566887
22063102177
21508546275
53225420968
25567695647
35881559210
4458915615
23624406299
247050487412
253443757115
1129108990
10044154815
52475702070
10449713163
10068525014
2058825532
23859548954
384917634386
156661418
19098806976
31466076717
45459157661
21404532875
33686787379
430536065
21806789910
140306734
17449736981
411440030750
20657864312
10110991664
29951052762
378880722485
271808333
359745359863
3448272488
2175427881
4680275042
21986890616
276448921471
83444121638
752178655225
168849572364
23749262373
10367683898
24271077806
7440563632
560257190255
262322516156
93718582307
13243620878
226027551960
21484840144
42841786731
183231421612
278495937375
19535413156
13227507221
225332625655
350543661667
44
2195780322
24197933298
749217281414
331895612913
59708467278
34866360
273095753636
70609828769
3459728545
527519317
10793005467
3654949209
2415731992
183161700149
21178087
13245065030
251657508471
3194172835
2508117087
3655774062
11273894717
18852474877
80225894690
82208338475
50878810134
211993696231
22008371220
938762526
182036250304
23076091020
447598025
10084969323
35914016
5776476333
276448834148
152357336355
15536553981
21738005803
91180454
24445695672
121610937
28796087294
45605945240
856325286
11340327
4646728197
16100173146
237128314535
4235965093
1375897895
17873172804
24851301478
1130883917
175870886603
15536750766
85510715
17274857901
230276569080
1376078423
13245601721
278587075883
18836851329
10114469071
4876193658
72046010111
348793334066
86694061563
92088246230
159505201839
15536799570
12747156119
153986006
3678181717
157003798
217797932640
248540638820
81772681948
125935114
19141644532
15536474873
104792344447
159503834194
85535240
5708694618
1375477846
36050269359
223933548590
20736685
85535238
1131183174
1579828208
10215064
10503049754
17008093357
35291966083
85534158
34311408195
4203734112
17851388702
300244295809
10658516925
560206896
300337073825
175818711945
86692785390
19369675365
1416461818
20737865
225260445352
46521694820
173438466503
17006355305
59504537178
12998393906
247052707138
192280969377
71970278856
23624407601
52214225432
226027686350
79811241451
208966621346
24548198616
21038530649
102983126799
92052117365
9379812
6223214860
27364262164
5561769719
507364052947
176134813792
250623081695
82163815801
144800527
225984278101
121633305
32015431447
557565577118
276288723121
61376877342
34203852815
179698482628
1289439584
3194174015
271808396
10632689813
6863967151
3312929775
19098361927
203944045032
18847330199
10073122660
13239405973
177206947561
33180610230
2315425441
18832193278
44011336268
19300801216
46524994432
4235958156
181774049426
9177238531
136412948660
23743272609
18830542536
74471794818
14671324753
59495034984
153941560
87625277471
2325255975
1230161028
2408873742
576218049983
92027787018
10084015852
21936890242
346549809605
196885835442
6959777177
114059615602
180259605310
74465719510
176153116841
67414364493
225677122294
312022702241
577016967304
4680265713
45449308428
7486765951
10367640190
10388699836
326361533
17782273856
10879543345
173703922507
139028620
6177326688
1579504568
5766548136
10503335337
30474077
527369103
3654934181
148030708659
43998113348
270894222013
7256880956
940008686
1231507239
225460750304
13722881575
19502566502
21888696684
194848195782
151919860
585414943190
144270482
1264120379
10256285105
168766940347
32346785514
753380717720
83443889925
1684930077
20820275769
10564124864
4647239008
527526798
14581701044
4385883346
84376782002
808327903
1185812686
114088109393
3647828297
35023074557
276447640758
10204897361
102955889
28940368418
276650913309
21934888414
220665077593
6264179070
3192538615
156141590547
4901465243
184689213284
13235425443
10511924788
1712227
18551419265
1684836780
27366838018
178178243786
55683086
2931671795
938957906
230924726147
49047728000
56414471
153960475
89543524007
126124651
183161772281
35801239
17599940289
300551713211
35876129876
291049762
46525834098
21457563205
559947405
62534360827
102892364
399255548
4263536563
20308605131
3648100386
13782087498
83358787060
373220183881
148644962964
226027571561
6263996124
180255354092
52215490186
1721018
10512015119
5561767130
9711969375
445094389781
289738924421
81756953
11339541
78180970031
80091588
174278356569
21545334798
249755300820
1579686808
2154534153
21910750899
226171441184
10632688822
11274885768
91146339
4242400237
2402524303
10031366957
9980226735
33179504655
573228433
144286884
52166500019
856346744
30633199748
91181460
9712391624
323534284701
10059972884
93718813479
18117760842
19966424739
369890858533
4242473911
5618620399
11191697
7793867313
38483617631
39370673438
1128984044
34194242066
96504503087
28954793482
1579830512
36350721833
10367664169
17927631669
4262499364
752237064175
24851438331
3194171374
82163711046
169326886460
5807177565
86121840
281679027003
21389256724
261787169316
17128572284
70209464861
248929626929
110052863148
250621509276
1230161332
10085715818
206701624912
9374477
345311941616
92057665874
3582336358
18633467928
5774051245
11358962
91176191
85510714
82402461338
3647919904
6265038472
6222074718
560183007756
35892263515
92027365839
282480609972
1706061214
10215959
2727918558
25544355983
258981380774
226165959793
10367686607
28532901887
248808007675
10195070452
169323853225
6318390490
176115653055
13241378836
21741620276
8663929126
4254034601
10092696638
27356912815
210002424739
3194095523
21734806
10557762791
15936040
10068517850
22322452930
191901195565
14238994
14666624300
391538683
39376636746
14238838
350633273261
12192560169
183278062460
1659513788
10205268301
278551580169
556778251
7370371631
16522353369
311035771529
577186737600
206701732758
2033521357
21736708376
10367685031
549196562
21382998
5708097314
731225282
3450229890
34788996
77442488765
28544013459
17281144570
300336990810
640422918636
52291581486
208979105126
176123674752
92638934
67383690636
121825612
351975152106
59850268519
37977751098
2050907008
3647504368
14087961
276829764222
205425489442
27365624779
20227172120
75623336108
3192123226
17014744722
10367659707
6323434016
43740142420
51949008375
247051582753
22059898388
70536874340
225428721141
266559094
1579722662
168770145039
17794336424
284894186528
576923724124
19184100076
66622477
168768037479
24851123963
9984854929
50280090957
183160453250
282544065426
17254163967
1130932131
1583627745
36984868901
38654729316
172862501695
4236304771
34206061638
21393128840
31119744081
114045484556
91997307785
75623067792
121776984
92105088085
105514417
325769311029
263618469
4203722309
176136843098
723960039123
359743326506
291737237
8858137426
114069419988
5567665432
1684861148
21997527007
6176651417
16521459882
28576509129
1886383664
184196369651
18828267656
56837925850
71969708572
80293539
96915267430
13334567149
27191771487
28739855111
13790180003
194848201327
23076505542
4242392185
2449474036
490277316000
266821415
3419608
430495219
349483990966
163359864018
332232573670
82402533779
29951012056
21956518275
85663224
21393135051
145084839792
231222400239
210513966668
1185563736
4234583942
84353688072
202846082289
91054139
1822741750
155598497803
13223320505
137576359
291102523
230306584754
80363369757
67375242808
6785143670
34862332352
79447831
20736662
5567024417
154040953747
96499254680
1395636437
1822739736
47928501081
4450985386
1578283564
291078206
1183213912
56419574
297527382121
270626927965
21366202
226026535546
233938269507
3302803070
21997118274
3463332868
176125282
178304323889
21457717521
461497550
183161887254
842320126
32016527560
80669614631
17279637661
121771157
54604915889
447650635
5561768275
10203134888
35970856688
1580192187
2186780378
196965176007
23744514636
56414784
44811105
139019480
627055342007
55707832
35970474184
32015822901
10222278
442344
375996896339
16679351119
376666101671
139020179
91149290
194848128069
300881243069
27364251536
375549010800
8793376
80294955
749218011669
3192091348
96500336796
22704729651
96038322
5561769723
39376930973
7603547365
4664659048
228133967415
48330321479
72042235023
10041533111
272565608146
153304239008
10634801300
175792737671
752236967770
244876215861
30728876320
4450932876
4905259112
92092267521
19504674467
5459959
3655074935
148009374175
144985934
226171392942
20227322827
83418797021
25608194864
5806475265
345857256799
32341450219
55713984
3302101630
61193418824
703468879401
144553924
20308507108
30633150889
2961063931
28076635400
10367593952
2319280334
299266004045
5708702724
2631721668
28707669180
21392954129
274594781658
91140576
78148121397
372979234427
31482125186
10367640191
180973171562
20225006755
2312113140
27366992516
10632682531
10039839102
34151522
10625345130
14244098
5568020805
1720999
82163123832
44794100
35900328
282480909187
19966327545
85540197
81813069690
104792130857
168845900999
248958759006
21394125318
20142112110
152905975022
91177329
380304483476
38976255251
3192177895
10119145316
225436730386
144788363394
17782415436
19509499047
3419535
136687758780
25908809270
309501795492
856347059
24273568963
155598275604
28568752696
21359311
1994656865
122042020
247052921729
5561769673
247051560004
291562290
34209400442
557368763
121876667
84774793960
375997586332
287028773586
23859180630
230396822979
5708645464
151929020
144987435
3645383052
29955391802
21369273
54608545387
121737359
36890478090
92095460233
10634100292
85536515
2505469491
485867141254
27367564707
1712235
55712045
175790617179
151059237987
231322845336
231223068907
156210164106
2315392867
1684877513
18833830169
52214892479
731218203
28078266103
5569409894
8502688243
13789134224
6263871504
44167192015
1228811994
187939254118
263822803
163611471116
10504181349
1879606767
179695600809
1711398
80214317476
153207306124
20737101
14262154880
174873215452
151919104
114065616841
2312707316
6662607503
2449416058
3647064309
157603216106
91169000
27366976892
291382418
21785525383
21395730196
309501795491
6222400439
57453619589
61194010606
44793501
1579760982
20737069
116761773252
50873713178
10538927362
10106605090
138742420
5567576801
96914917362
91178490293
182564588784
155089245598
79382921
132202627
139281667595
86255482
206701746885
263445358
41487512602
10046496930
19183990955
23744711858
28727114411
10635099123
92003310999
82159592068
885558
6863969925
247453313594
247331938964
378809312
13240417604
163361182286
2432486725
10341930459
163657252676
7390496266
3655771149
391838080
5454503
19373945149
154329899036
32342434749
192011880383
10216033
19504806615
2961510997
191913277767
314298549224
349124364724
4235120507
146476334433
49390323198
22131033998
1887866663
46519469244
3193969213
821531607661
174330876612
156133701103
176647652
92454648
749217326784
33366555001
86694071076
276646749466
153971530
3065790528
80278943091
2499772402
153736505
17005755527
30721084651
19504674475
3194177926
144197147
21740092025
27364656855
32206439517
5764497699
11210709
144287229
8901942
209987751563
287061077332
3302800909
1128837991
282640898
346547360284
2131728649
28761730676
145081058770
34377894697
285524827063
1639329069
261174765973
50873517793
2931605697
66778550
2325331245
102896084
1762804950
225984278076
36864652816
38483604296
26080949
1368193610
73445753574
19098445623
52213958564
1892097890
21737118445
450389860
10879541101
21888715156
39941165403
228158821253
5561785360
314304903112
6022564943
5579245512
34142192
7256951830
20943451589
7483445999
41534574456
495702984725
131852827066
799517737698
412330764641
447599315
153762124
284515543106
287199197663
225539866575
36985336819
178160633071
62507043647
9711902664
6863939204
50729561208
2449628860
558993640075
6864798165
211197534807
183231396690
204359340141
299150791943
154354495375
13228546270
448044303
263542330
442294
42477749455
31980119
159651744923
189748493499
309502951924
1707186091
13802192622
1822738500
20311047516
550453281429
325547831397
28802904814
17021759701
144952896725
11274915108
1806414451
182480374208
175810631504
79309998
11273704808
375997521967
34284300921
269801119514
16521894614
398045441916
2341743049
6552241284
2931804452
284656987468
13237049675
134890511282
3648207529
140534893
15968260678
22709348797
442042
22320369303
461511961
2932062310
10025984350
182443130180
85510710
2832890028
10503599157
28085894277
2961169763
3120818739
1128170686
5570776332
10451915994
4876164158
19535675782
78148093996
19310975393
376794760
20064096
20089925141
268920675693
10621280716
154097985
1538841814
45458374318
19504496107
2447679570
6260869441
13710234440
5578047042
23744555246
103005157
1557097652
20987887
6183118247
294489573996
21112871
366294782322
22115482495
279782305448
2846951246
17853088937
19314505519
155598604282
112757917784
32004286739
260488834008
24514647360
382082483431
35900391
485636942690
16521988692
5708655572
81163831769
6865748900
1886027000
61379309138
430537350
13802624789
28533594808
6863449200
1134900857
182146444191
18841978301
322929036802
325550176714
2402155597
4681724436
22356154
23212530674
85518846
42491952269
153971006
22101082069
23741797368
10222354
92636773
226209083009
34836997636
1135254826
392020355800
34845053279
474130487
109020318393
66621481
374219354303
33175400123
10367666296
46520445852
85518758
58088770395
6618915036
153157802679
144190856
335569172089
32007589453
32441777345
16329124
4263902975
178731063449
28076886071
44730451
42491925058
27364780627
3194171306
225984278092
174306628160
23790226222
13802576143
56309850
14224111306
558993749750
159394791467
85693866
527817191
808281386
86197119569
61332564884
10368071559
14268200607
12746267773
39377228545
195109865688
3097830689
144468735
140049967674
1720994
154341150321
148023603958
3583476821
2333358737
10060014157
20581538216
4451020876
141316541359
10085072537
10503005762
6319185681
86694180663
6222076478
7390617791
175819515486
145223395869
178180819144
67384316552
20307802198
309643979239
6223222676
20737535
92049383622
7365867493
47380735164
226312832446
57453914155
17171260351
3194006621
17008835658
230306584755
19509997070
153744953
22305521
81845584594
1230784537
21942857811
48537782189
122049233
452944648114
2578826320
17302631451
225240361921
234159475846
175786015049
10518167484
35810798
47245181588
1579722664
114063453691
27146520
3656074389
168770179359
183292099095
179797691455
153940546
30633193518
19275614000
19202137017
52329828799
81756694
18836458608
114077805802
10634847171
169594495754
938780059
99304684
6864172132
75624852509
1510434868
36983134634
225507810718
6223911875
182437100542
286741084178
294550683
18537925110
10203062763
86269167
556521761
274688186717
281670461319
3302788330
856498107
23744627238
2059487368
265120736
21399554
92112349635
3536112974
218000757717
27365870337
39031683483
21940416179
9177248881
202188421193
1843951366
200992340541
10367688050
96914881883
263822799
144983362
9982343465
4907347729
19369838426
15978250539
30633279568
46520430500
58077908011
430535788
92095611100
639044174889
104792603923
15564850
231838820697
500834212508
143098471783
13224043434
574675433
11263432727
27366136318
3655028928
290991397
91177330
153947824
191130410444
3110780881
92161725798
4242778397
144761232498
1229910146
188934410693
376468180627
1416461820
80896819
230376796286
5713494391
91175703
176140075
80228270120
1128692822
40007088
311870796318
25555369032
183226304272
5919458972
9989039318
30633536019
3536004352
2957845115
3302225261
191919314110
49967518064
20736952
13391591000
27366385287
6864057003
21889394843
236478208662
6325444073
18840763668
178269182011
2501289869
230342664389
226026527127
50882712408
311870876209
17794481432
32003415513
7366331782
155293499
559386350731
121823349
20736671
100154446
5587917914
9909323377
232104578491
23748876473
18827937575
18537847161
5776296948
326304845
1579460559
183278069620
80297665
66620109
3302785650
667441339333
183339965943
5635838072
10730641109
260833402062
24851383571
290060894656
89530919601
263445395
24270518521
7373657111
7603470896
114044061973
1088370
10506127546
326309523
264458803048
378666826
5594323679
264298526
291011257
80680196959
17853773876
211277814617
6222200751
80331055995
2033519273
226028197672
368314966442
34821668
3192052226
34285453179
32983019971
10367673351
346305080562
66626233
1579845739
19504640961
157002836238
154002275
560153254432
4236312409
30477139
74088909
121611104
259004776807
2098226629
72211500991
6222136705
28799840483
2341390339
24144032377
247451072460
8652146094
32482907410
34199804747
10200340764
20095211449
194848185508
9377927
2449639174
43734751158
58195038351
27363820400
3194073671
19535446867
21457409219
32023420865
289092417154
10557859416
18469235439
225677122285
332673045781
136362946445
217989355990
31478413403
92337238
50246142786
19504505384
21375646
350596235017
78094771227
13239395270
3419595
92538051
494927490
10880759668
144076947
1131318121
7457081486
21810770163
2932065097
10511924276
21932382048
4907344161
175839394238
247055350594
114089456921
325550073277
4241889044
233457141565
695022635657
191379704505
1135333683
16364175
226028217425
163975234487
62764195179
10214919
153015668739
10503047174
66625332
2022721052
194848122819
753371470732
54550266520
22459164923
28510898088
546480911547
1229452325
28958824062
1230826014
45459154071
55689392
210615510027
189732050426
7483120558
294505562
52214289442
125936424
16458011713
230365793073
10458243181
163610598789
25297424330
1579454803
1821692528
731191523
13790570363
714668271467
27366937052
24888758143
5569432039
236565746977
17599042301
10452853462
78180320828
10074099457
23624491127
10503049475
758570405768
10517841165
71878595106
157614301775
169323849879
122041655
3513532517
2450232654
173721028042
38987434835
31481148894
169241682802
34209665571
264459424356
5642031134
10099551689
151832112
2339233081
157006930496
46521284779
275187756172
3381352927
75621526613
3110424603
183160572892
13763
34793339
3004008
10266397793
19504659059
175038443054
233939537685
143082466843
1427642605
358256525644
10454285293
132264312
32975077065
557654351621
2960786156
123239445018
20050189
3645427568
32183606502
92036114526
375997436010
153324996577
13789982801
79289781
24861
175790871387
10367802797
179348166982
91054232
36985212183
300552122969
226027703923
4451168630
3192564751
14244017
2846886997
153738748
2333331158
19505086220
1578782185
17006045267
611197203762
153450011999
1684884888
559843300
411693496597
20738215
19088678877
273481702492
102892449
11274670001
248412187602
153959757
252600480
1375607069
183161657522
10633266750
15536750765
20146444291
17354551392
442127
144968838823
192083248110
70209823904
71846180222
38656247
294990317707
6264042965
1763561008
85516718
80322646016
54191188781
20307854841
27363820398
114061410892
3194170306
205366441974
264459228432
228147488819
210002228924
208981173975
163647905744
210432472871
6620436458
34734911522
71677159700
1510210168
194845620869
6329423567
92044301503
2171789468
1880054240
20307588257
430538478
510594479
10879545501
151764978483
86274112
6178558854
151919971
1230877603
3654917485
1228680759
19311558110
85512226945
16521663445
13788089922
443114
298079620236
291593673
231852851359
29948433474
213835004255
5561837856
940008687
175145930721
176443548
262334584249
798763326263
4451052229
52215415619
3647510507
2059050065
21576194
527366116
157006917102
155598412020
43740437211
247049620747
218585409
4459267383
153051977421
9978787436
21310334
19489399957
183160564472
710386822319
157788235585
13784175402
295355207
1376524343
5567852617
102893323407
32000918
250525518476
291557827
11274045536
163612847716
21990741525
91175697
2022785738
324736392344
10251215002
92690102
350750649481
12054963
231322845331
35444346410
90899079747
366330475397
85510450
10031268669
12178616094
103295882964
84355891681
14256620
265026084
2058871083
4203865011
5567572267
5674809959
9978077687
263449016
3448222644
374214384295
6864595147
247837965806
3315085992
856282656
122084671
24098648986
250259387764
27366672559
501532911818
52214983104
276448865870
24851670821
43998922802
13237048146
271513272502
10084805952
24270455916
5780114717
175788493298
139228843
753398802884
281671718056
42488655374
3074806999
3645427561
211278907653
2183182670
168768068350
24272669407
225570988231
1684792344
61214095351
71981788967
30747604900
9987709941
35801224
21965679
143543083555
3302237462
9712520356
10511924789
7741285
155305280
124505637985
251349510313
211197381982
3678203094
15536801338
6264065837
21504940482
136299968186
85518132
550717202
155165952
21458148231
24851561820
176134822338
164695708820
85537082
10038263215
19369835236
211162971496
73750926943
573981560
158228474749
27367721169
123099360457
34821727
22806733
232079226997
21571384
153947922844
10503029684
28086488599
114070846199
21916735548
206712356720
80292890
19536042077
23099571090
559827078
16364166
73746304523
168770278742
226028017271
16521955144
939992327
284860620998
92123285445
3194073672
144763334775
3656038864
29942873480
21932406820
275117457086
6329686307
206807839329
3536032719
80293615
82166269399
2631771769
10367641299
21457409031
35718514521
10060015691
276651936131
152914642067
228433198570
3194134324
2195425201
291250166
32798842152
2448285463
168846304939
19966550703
856348904
4385879717
87801989984
104180128644
3645443576
34847848754
20737531
121776983
9579810087
38195991425
753441875529
325350818260
22319614205
4680284471
169321620130
13234965519
10084770545
19941378848
28534428298
96500285984
2325128200
155532458188
77787058156
196870406852
184358531931
435920768534
37539564989
35810820
346547425954
33686738758
17007015146
38480767629
236505588053
5586148717
24273107602
50491962330
52214062342
28533106096
114036860402
194856938223
1130835099
24172671974
84354026719
3194171365
27367752884
105124560765
190840397430
2003902425
389393244
31482487764
159000256925
1690404
169321712254
19946344780
91995401452
2154534114
102979249967
291078208
230914682703
52214753506
86169432004
373215977005
212571918265
36993918895
3581490344
21937547362
3194206862
5070955758
41323751205
546425046685
18757287850
1822742266
4385854989
46522978624
133430741806
45452715283
102893575043
3446845508
79388933
41486666255
10214978
5452429
122097927
86245669
71837048432
188734429616
191935395494
2341742749
142337082308
1229891522
21950410288
20445274
51274136560
151848236
168768033664
15964319875
264459752265
23062085922
21901063269
3194178206
21307910
2499825980
10084811187
104791581595
204117839356
260927998984
21953049609
3571208422
66620084
41487226544
206701593647
284928125397
3656036539
10503033441
210002588440
19399488703
24206741279
284860668049
77436305578
1684834223
39376968451
369837823081
4242304972
237771519382
5106787380
140050449180
43735874562
17377845512
2457937584
112033886913
11340348
291941860
5641488877
46520284003
145296841
72231372402
21305995
230468965746
8663730498
28709800592
52519075438
19369535681
17364822619
736806262611
136327433632
21888897878
27356225653
22320463179
137244068766
53219453681
6785680110
146474448910
154062447
86169169288
27366122057
13245155846
10454602383
3448693281
153960427
225922138517
261343813051
91133667
130377330255
2931663716
182137181283
2311027577
55129780
6325849106
57454009981
12055040
749216842325
767735510541
19274576902
74471183604
19369789772
50873516740
1133677933
263445491
1377908538
212534238636
27364251535
264973902
411439902400
324761763332
6184388129
66622491
41487595647
21988481373
78094705507
46643545599
245866192172
1970141381
121776998
155688170468
27363050069
141316418013
232132847815
10085721078
1080547
231246604767
144120992
140053156847
5567602441
19369844873
143096133303
17354229511
91066625
144564494
196873527879
34867170359
72117108949
1970142506
10103450221
18827706235
21962836343
261092342523
1136502758
359745420806
19496516227
11274286063
10503025125
44167324224
114097235418
1579871743
6785384801
175820109370
121776251
1134897654
19504582180
247057434575
17354381409
23859281028
163473674864
559086927429
85539067
19273167441
2457956207
21807855389
20927000724
175931115657
8504760171
41499046130
176653355
19171996864
55050647026
86694057227
153508353074
87026376435
47921428204
5567950413
159390848219
560390131
441336
169321712252
210418380325
152662830298
226026752043
79383007
13234948791
104790909291
3008456519
34195080155
183155290341
19399419440
3302128066
96165919548
188734675808
7390638830
13224156984
123246368
93718268071
10649693796
1885671940
46522552450
36976525015
20143737429
5643257103
21937257543
548295929419
856351521
24196811534
6263358727
205624124158
91133066
26613718
13722923643
13789110712
34289035634
28089207392
93246327
45465388536
15536699654
557134384778
34821623
447635678
346547358448
4242512988
22484293368
350744582683
13244926175
178179346179
13241269937
2923516461
376761131
373215950153
7366203956
3448535030
442143
140533067
30719304766
33367146852
19964780216
16582946984
30736858801
34821415
265254858
19399371385
2315181601
23621183236
2325354243
16522370191
182154583219
21943610052
435979045008
376470581840
21296398
527536426
15536753859
3065722092
6320974624
218010684952
169171643151
159662928959
4203764991
266562801
93750256107
273552785866
202272214506
89704421290
323998531245
7370576772
6618897113
5768425281
273673216456
92431485
92170803922
68789778463
6663879254
17128690291
16457939339
93721264025
181929334570
35974353682
70338790323
27365781913
346914770397
21934214143
4235932337
8858322341
6321749295
284519595751
92386978
38610113
10101240021
10109106434
10367667463
749218091870
183282075926
21996426929
3648071727
247836663974
326353520
86173835327
1228680782
23077023099
30631769279
10558733822
66626243
245865970725
198551848237
20045033206
43853624261
423755538018
273481737817
19399814739
3194315126
282670444
1721053
152918572355
311870796316
5764497697
20090062857
263445034
6183050549
3647920262
152998308452
10367638862
19310890791
428721465516
1403359
104793279469
143921553401
795842257351
155226729
75623657689
19503990782
33689656988
137422877337
154747704482
1970142368
183231421614
36889007285
33468895956
183590391334
149965980599
272349330699
17007831365
136910844878
17005180996
196874548450
21421076
282962265818
153762125
263786263
123223440
154002478
183273042224
16316743
22812170
34198767565
34863381231
50790500132
9988356101
856362651
169323884197
35810786
121774274
7603475870
20273876032
211195892394
153734203
21737957899
2333469765
559840275
194601636686
159668193730
19534607785
43999266426
114064953491
30731277849
3110827220
1375477844
17361813634
279782219203
5674073955
21412988
21089258
300335643785
169605130275
9978110367
48947324752
55707762
24273051133
179571965725
326309500
80286256971
25646725329
28534160944
155297923
153436862384
32543287885
10623309054
1816347435
182484580730
148038876720
1130728582
309501826757
311870747077
263887137
2033519030
1684828764
295493000
27365439595
14750227690
178712274597
10060031190
442107
5634991482
289092382795
1289454334
3678181424
34738761379
13235404271
55667339
856350967
1684989452
211195885262
24196855272
174858329187
290345286956
5567112266
1130929314
141692208892
9991365649
183160391891
183160570987
46521591589
3074933265
35810788
70209858919
10370634549
45428840029
42487055538
168846530329
151918279
13228388156
91056459
13240158320
1183367530
4876160486
31469396474
96982993
346550840908
799591721966
121823001
155155450
294933768955
383180195881
275001750692
7369125987
96499145538
10032158835
13245599032
23749238348
155402213
121860035
185914283311
10632574599
1575077488
9711944852
10104285143
46520889639
10114205517
91180437
59503459239
32488178103
1538919622
19311606586
1137442447
938882746
125826909405
34254216839
5918420583
13710669267
151931046
334837717046
66624421
45457849446
55713445
141316579054
23856331406
92164216392
9585058124
750100918015
30493007
275001627776
376520962611
3302811970
183296152732
91066662
18837806756
3647549877
131940073
18828267338
86694041853
18828758639
10108438479
366283369453
213353940543
20225932466
6260264218
348404947106
183595524705
10060017846
42480684871
351496351047
149988244892
4236312992
127696095873
346548693722
23746263431
961127108
1579504567
24274076875
2932044859
28538568875
5749569926
11273134620
17598895780
27366575005
10084769159
560153118841
5764417451
225938175623
10222307
91146330
230479993094
18837385973
42477716549
324418575296
211195772182
1721005
21404001668
70609539804
31479245903
5636005864
136561548528
264459165298
10461555346
20298722870
24851561815
19536634047
3647543162
273673216455
98423642354
212574380561
373217111704
10085669106
3122754832
6864464813
37564489364
452975017228
1300170237
21986843897
112738452928
6222732479
2195751797
210007919205
12896834399
176122672276
225984278084
80678947430
70517198382
102892942254
11275054695
51921244417
27364151215
1128976753
749690923040
225984278116
78180997579
4649995401
856325977
325768968828
28932951409
31482199133
282474389899
559792548026
1970137878
231221666670
38659949
114071935848
376470387878
81772681946
21189626085
43733804179
114322927545
23783073904
993220528
78094733729
56309750
211374996872
1578840194
558993702177
154435583379
3251715159
263394492344
4241928415
291078207
441265
5270827561
39942955709
4251433673
38673753
17871850917
28553644254
856281227
31479875471
8792786
91068658
169023481025
56424947
92573463
156136219183
21931741071
140960535176
14667922
176136843097
1538642161
22321948616
1229448906
668004146264
16568760559
35
11274885769
57453759376
92079676401
191249103520
5561697749
66778530
15040474225
103174232
49704342825
464845332445
278586990374
10084805412
21916036643
10084759925
144190177
153756133
4385850206
12059169
1721054
27363975869
10503095475
46521161422
5567966779
605278275489
7367336001
5571119401
144985253
55702229
554350142963
17280828260
2154534105
3648132783
261662075220
303432068
188989553029
13244359745
10631666410
1229038204
2321671504
527522181
27365167490
72229260294
183590247614
183161890565
856239014
2254911102
10577850986
43748198552
59505233876
1886844072
346548741104
1547677522
559959556
92037415156
164177851440
378318632
2033520615
85881080382
3312929768
279782480678
4538359732
289978794527
5771815153
5749386891
263783799
21932207726
287060950851
28931673132
23103222006
18834949912
1513271437
30633238420
202932788363
223902955089
2632120802
1134981071
1579828207
264459269751
209231444201
10367666360
86989930066
178180775986
10091176046
31202647101
28720364594
28714103050
231110618458
21457556673
2357373880
10098486802
176141957086
16522002180
297499688926
155161978
4902759226
10367822709
102892247
211717895062
4285295045
29
22119437307
13891019060
5418679386
34205056066
230803978672
153046384299
194855159259
225539866574
1183114424
79445471
48207186823
114068767615
5567217894
5636216157
5764952633
5752152435
52234277982
28567596693
85518131
14049464090
8502706320
25557594276
300225030993
276973652590
183161740076
16521446270
28765553544
54196145315
39375975677
250619294095
8859343603
332672963732
1230459090
92169301486
91312373
226027703927
510647446
1879631613
85291322844
1684840838
266784300
10555842504
10503572876
27367178372
191913277764
14801727105
10261530683
34205291735
50828455320
192309243862
13862012458
45413543434
155221129
150490025810
176130755831
30483120
5764952632
153944418
23749208353
226026550726
195556390029
24851251123
17861047879
169321829061
91993626924
263595963
32352435013
146832776539
52469687383
27366976893
5563507229
18829358371
6184784012
66778639
527520575
211907628212
35801213
557680808249
148012428505
19300600514
1579722667
54933280341
13223988095
304565540
24205447713
282474227139
182564694597
55673639
249490145833
351987575656
68011622152
1970141532
21937654495
6266823826
50766467324
20221324261
23859287772
208812188626
264459127310
2471667140
6785941837
78148159698
2138617174
233326690463
23028313
105215662437
5561762813
19310794102
174735512944
300335604615
248419415247
11630497042
132226669
23744554039
92044810499
153734374
81756703
183304408931
13239427837
36403245424
78148093993
6871649427
560534518430
53331490914
15536739007
6620454718
142346363728
169323883325
104792344437
2960899765
20734327
4285790136
1578781504
856238029
14662166
20298980477
10367665996
311861379519
21497709601
4646340818
6222212589
34205209025
50805116405
1692421
175786485433
11186690
3581687785
136562962560
856264535
856497977
300551945770
330831112995
159661496877
514322976
13237208242
28547608927
124850672527
225332625643
7825620288
527353646
81673719142
66646709
29196586763
92071631240
173631339401
10632612727
28534555967
21813107518
225539866583
8858187799
21412016
1231137603
1684927821
527517000
325550334223
28556919552
45457120023
4451128777
17354381414
225497758343
6261386161
442270
6663450595
151929014
5607586800
16457652451
18833152661
66622494
6267274480
152875084819
328222205831
20737039
45465941102
148380786080
28799616782
198556267244
10539135252
175804238120
686415366205
10367664360
86692777936
9592469862
23075958473
13239403896
210002396140
5567216241
175785730989
174881783809
155119021312
169023388301
346547406718
17008528848
443607145201
37512167661
32028975030
240306683
27364199502
261662766021
11339543
1658953766
6786851326
253364151111
176130755824
156261655
271522210271
92000430627
144882398
102898157
35872714909
33330814948
91180455
136735272042
275971628971
140566056
4203729064
204370652291
430514748
10042160519
43746303089
175806243453
5561754102
1228673240
210544743070
273668051160
20736927
61371141721
1161528242
183160563538
45454074445
430540105
10733139545
48330795456
92122737687
144937884
24273135570
28494469301
4242506869
144076860
61212345564
36978342754
205366363697
151934086
3585015147
732083694507
231225468129
3645760934
122365845
1684836789
174735103247
17005547899
17608138545
85515610
1231025698
5091693
114179913050
374904673
373578848227
13224012418
1886717469
4236198628
10084769574
36387971777
638559817710
83418440158
93003818
41534937355
378388154
5638681973
799517737700
35891934808
42490393339
939000732
25559522139
3645314975
13245337127
1885473323
32254429255
28962365530
45462688510
59503997405
82256706
36396756658
226026535548
16521973138
14662285
731234030
348381451135
10503578942
174302577628
10114212960
10482079231
10067022093
17031987263
19940533067
35892608943
35294309309
162264096052
17361490652
17851326812
126243500414
15582457485
32026912516
96641001418
143921629850
28727116804
1822742744
16568801119
518869506867
261194691657
21392010291
856523841
9983976200
23782949449
264899989
178180744715
204630368120
5708658725
263477608
226027485463
31483779208
1579686834
4702593396
18833360088
10553792312
299139001594
12
168846270078
46552821461
28542626936
34199796698
1994294521
20224927491
447583730
153940826
3194174081
13603370413
21408423103
990849329
3645815754
136335373249
28534659442
5573689815
28726324723
153922542
87779722876
409997965412
81756756
205366754086
30210711159
284780714233
78150391891
34860192588
73559208315
16672505632
443072
560114851
85540202
182564965903
237542190129
1231047617
295873184
842068573
217880680
13235923976
13812996561
309503113821
92176788768
4241848498
10076006965
300385065328
1685013557
5567217897
31958542904
730703409869
311951526297
10503008738
263445369
20737103
17861642203
19941308777
204612852930
6264766104
3302811301
21736518285
363903213105
3648237235
70524304570
46521662079
590228786565
10503052521
334632915891
50726392923
1684859397
20736669
507361542265
34194435489
20654623513
24851410135
136894991934
36948478477
203123490341
985751209
20065684
129652416935
210005897974
17008454522
6093553352
311870565514
1806380274
266550592
52469698290
184094580957
35971045683
117337352278
35811271
276743868818
3645798364
177140555239
18835546524
23744673025
376446746909
28799938336
212575596191
22714679792
16265511
19314405959
938915934
7857916145
182136337242
715081389240
27365190520
72635228276
153941582
4262108389
178179364150
1129035527
18828425804
510591292
175214779837
10222365
9177193393
10367688056
173033739275
24657224423
48991299414
289093509682
10367724313
186676258690
856351077
75644645115
159595128147
34172105271
93751368701
19180806284
7377432795
3647939759
225617013034
294974986912
10370669934
38660277
286664490055
3655371312
207610241344
148015500209
17008803792
51473849555
153763164
53227487425
10123403352
263276649595
225310597894
153759418
5708661073
291562694
13604330384
9177189670
5569927363
61025426332
203883181784
32977724490
30736006690
15536488881
2288948812
6878534442
17858761842
7759680324
584400237858
448046617
163610491371
133015731755
5069925300
92053041195
44730749
2449841419
28534566756
86263017
8655248526
23863545691
54932931093
527527349
263780919
6320323593
143876865086
1375482144
1132516334
33370704004
96915406614
260786551503
32343484411
6182785589
82204129111
265352349
7368619415
175818073655
265242127
2510176241
299150728399
226027530554
62183112968
36771262
32585395753
91054140
1970140530
2448146535
85286843166
2357020049
10103468875
527487732
226166966146
266712121
1184516223
282474292368
160936866569
19647750051
4248861806
442304
20311060656
6864188049
190865963756
226027707095
38483253074
33152239205
3194537616
2324905397
28543597580
14799637157
856347097
21112873
389361286
181800115880
104792458302
169023629064
34862314880
78181666998
7367423541
265101398
154134504
144076858
157005859454
102951741
191926350161
11342484
16999955295
67382606563
5708655060
3065790529
122098979
45146004453
216840837939
153848188461
335564860836
28009040531
164877774463
2205748217
70634157682
1229848182
151932044
104792289026
6864311850
146476410832
68669881389
67383650599
61381794612
276447651495
13239404205
79457444
194848218930
287665628075
208979126166
346548464907
30727619185
17908880280
61384536045
21981879877
527573398
45464194210
18826813877
5561767124
19400167834
1944812042
10211095896
191936413043
17851231280
204612422498
10632708302
17035070878
1994263203
114049879152
715081326997
91169007
144800531
17171413664
75624632040
292029988
1187937132
14256694
22059649935
265303484
10369117573
85511321
14581603702
1133017165
378446904
21947981294
149113823755
8663970417
70519167337
10367663828
352086756859
205425415702
2449610012
104790859131
24172458385
2632440669
15968288572
10073590286
118924199286
29951322908
123151656457
1711395
27365604416
191954529740
39032054322
3656052085
3645443058
19300635907
299150682770
94338468206
182564814122
70550779998
4249996973
175214775511
8858171897
23083005714
1579670885
52170057159
1136351460
178504183554
1639348187
4385873435
92462672
17360801828
101676881486
556749922113
3647927371
59503072782
569045063366
3302805673
263477655
29947514560
205366408849
7857916146
3302931025
27363111841
152916250290
28534573961
346548767336
32028867867
35810781
41532903599
153356154631
56419927
263445027
28536396587
447707916
226027957445
746590582252
20734322
53546079370
16522221428
27363211659
28553080046
3302931173
19369583740
272349706908
17851724042
1183373501
265167198
1230977474
166689778470
159670775012
61343607586
6259364790
5091213
3535974343
277670978221
731309296
3193998283
272263641361
93751593060
248938687401
16583917182
1183278597
114094065958
45469339662
282474292369
34144051
20290402567
183354128994
347673607613
192955220
19273212709
92402081
177654388400
2333660849
349476434668
729257549259
291251505
325550086149
32388962038
21421083
347919083380
152688063840
20737546
188394327830
27364144320
52215418066
291159013
350596235025
32972443018
154142518
16342995
152898820428
19944636095
174334941777
181574782427
96921743123
114084000012
560262264677
5570454731
46521248886
1512757002
52144037997
153044185114
17862112240
10367707140
91146341
195147003833
92097109549
96165919549
13607554416
13710830479
17005474685
10100042739
103005021
10084804442
1879606680
153319988668
34840869006
204029321626
81764294
4082774704
18827706234
5561768345
3668989002
183359290377
13227770396
78210973607
32417312005
31961059
66622487
54605387773
136318565335
80364083659
34425441324
455075994081
10206459984
752178619158
284663577947
3197943066
211194618483
28574202616
28964202387
225617013043
284890185821
47307313099
19534631057
18113607332
231823716965
217972351
13385272080
175034733291
1713132489
448032214
20826198793
123091089
54863001162
278589496026
212023635372
38646699
264459445223
17366937876
10452297596
441335
7390635521
28073492933
749220183476
104791355582
4451163873
140078093
13722923647
11196999
21457926843
389360293
190844092377
104795355455
661006898640
749172779627
139191201
1375476792
4235204789
21982290626
13234948333
3647549872
555094317
1886687910
227648675231
527772533
1416513326
140427371
52214430247
441086981462
34904054808
19946393771
42489967681
33392264758
10564791834
752239222112
136414798596
1713141179
19940151153
638476979685
7390476803
183590395323
20142079057
62264678713
24198970684
123083409
752178260499
24197121414
5640903159
7603476369
336213385309
4702872757
3656052420
42516883561
10639073664
27364171763
169023374108
5637930928
4646810820
5567984466
5564206616
92087434350
8858285823
198292220910
9140102
3189059084
78148159699
527910161
5561767122
102983106586
17006538430
139862401054
13859996515
225898135859
21457409033
28704033012
938989228
27365488357
10626380627
169023622641
5567102539
66620599
38652080
1579722622
15588868210
188734606714
2325146152
10539054987
325550176717
66627563
733699923119
7823126419
10517872300
92373174
3194206499
5607616106
24851251845
559900303
10114469469
78148081607
61213051687
148014467935
28745653292
105124143932
4902798004
210002588444
2931608127
24851214268
527527090
757615633153
346547386097
92059974939
16521783703
30735848160
23744692375
1231129725
52216318477
14256639
272564507103
169926495009
176140073
24272855520
56414724
5184548749
192293405780
91134193
86694147489
156631337224
715084092548
559932249
346048861885
21179730
27367203158
285100927002
1136283448
22514378662
21250972
19138586172
72042053139
216840452666
6182757536
91133669
153972472
123014600123
10037562861
1579579754
3097282804
399049437
175788138014
23623807371
32347524442
194845653903
155773968497
17781925681
140394231
189498114722
176347984738
1187690978
1289452845
1573291480
9177211240
348868197118
154058504465
32015284097
15589958618
5635428470
507361782684
183271025952
87028885647
21428758
9712391622
49050188238
211990555104
292437395
33256712349
52214760411
312022713386
204423853470
13782326203
271497988124
139028621
1130674470
17851907584
232099542812
46521551644
143876604227
80364571624
13445331228
14762110237
32424164806
362871815462
5070956352
394490770729
281679027001
35900410
231949063301
20308235555
276317432507
208902077595
430527271
375997457623
20851720
125946022
20584990097
90905129921
1712878027
21250763341
1364404906
59504831429
123298816878
10041752975
176134822337
1639689386
263591515
59492387016
179732221795
83420489796
45466511968
92117086952
5561785993
123197271
52475778988
18130176068
528273481
57453605459
30470724
20309309476
43349360424
151828757
4915156636
91132591
247451070318
19504696886
2172367101
151919868
27367764730
276651936132
14584741195
30474097
27363676942
39226955525
3302800641
49086207452
293083391022
4385850228
289057073151
21999932654
32436417095
265053584
92042173389
22518558806
173444683307
842191280
32583806551
519005531692
1416711926
10354527332
559867488
21986264440
5637765525
29943916956
20737051
311870733240
938784714
154736124709
18833269301
21986657702
175780758111
19399993117
300337019904
278589287505
43745123379
168770271981
19940806313
78094722757
45859591754
448528392
76953999395
247316377460
4459383428
44730614
10096762341
732076831395
81945989123
231247751232
191947452304
18772885609
2402471927
42831519979
6264331633
325550221108
235136419640
1133611218
5806165900
336191030273
309211281479
1129034076
10367663826
182136138993
266467107138
1258490970
121763762
519005387835
24851469763
285242850471
13604383689
96323664941
35891955193
209988111868
20826180612
46521221891
226027485375
157006942349
42488899307
300903911
450334126495
1230938544
319990976919
6325825435
474386289
17366392224
18829181411
96608040569
13240477722
164170920758
20733611
211469618882
346548491631
35887669858
2051169365
3678181421
378164665
17657193755
87014141471
169321797413
36387263783
92373178
13239982812
10222298
45421909340
5776298141
20283755786
205366336819
71876985737
198211743545
363787778109
143873990782
16521375578
136573947392
13235411405
28797407870
19875238031
144128450
1289448588
156612081
392034068
89845990121
1713132616
10084805953
2932118715
37536694197
56414470
261660517563
17970167471
151768691790
15413660
10634018194
9992386741
5561754103
6264822089
3583743888
4459126620
26099526
55713263
201199278844
3655169852
1721033
175797009851
16521702496
169330894444
1376728733
21365805
52916606322
6865916960
44490099814
66778636
21208843
5638638130
1702792162
27365859345
1579816230
556757508127
6324049297
23075902202
10503027245
55053192031
461379110
556759807
96999276
7825560650
81759081
188682929527
558983274411
38195877862
527487680
375158734073
427027971593
13449065416
2325330900
228040637291
123204839974
10563190355
1886051501
19183701619
264458803033
284663590022
28535028789
50872452984
27364248212
56419381
3065757610
50780790955
273672161161
144565164
55197909862
156532790438
131943283
33151796330
114070947182
24851805601
144717430
121802545
80362055612
41481229311
155111895898
6863575780
10114270177
9017128
17006120037
182564420848
6340090
152912336876
59708299894
18772994989
13384977235
1375593982
10032638704
13999
17281320509
183227351717
132145579
85663785
2033521189
81753526506
1364377247
91066633
22319717341
1658960539
102892109
136303959350
856238031
155056960908
346548681047
11273727877
560205139
92115961478
367040369542
30633670024
1557068359
16315406
66625753
168770268876
154752652079
16583645109
21988434418
276448792413
36039657783
29951727941
1706104708
47564468249
80055245
136412506331
19399794909
265247848
2051213303
52579994038
78181885143
6864340027
1183560867
44811624
35882012877
82163711000
4664661639
61388322509
10085702683
91066725
71983323799
23304309
139881379635
294506056
6067002528
3418779
263782709
21412982
136320512185
114090273856
2311361524
3087898535
155155264
1732141
66639230
309998559063
235120323267
1461489032
10204091449
264800370
3074883520
96914732457
278478225278
14581582358
2314616616
84684058035
753379425062
6321859546
11273715196
1183151571
75623983814
300335906018
66792432
91054287
16331225
32189143938
7603470895
6321031525
68009014432
21307907
3419538
10451684742
153995207
1229607802
49044605122
1970136495
10313087360
20306504525
175854176449
1376080095
176134812293
28718368082
162139957144
4664658957
35801221
3656109269
21457558379
24851699391
17360358483
175814627730
359745359862
169171640142
856189359
23266462
220955292990
10625470371
22063177913
144216912
527531812
23749261531
6183304705
213386708723
23783072446
11339293
136366936606
24851242170
3655997254
72049776196
21042441258
154329784281
332175006538
309501830159
211195838594
1579541019
4091954935
10449939808
27364713492
350488505915
24746553286
346554986220
62196341730
2472032256
20308235554
122083320
10511992982
527367127
78228372092
359746477665
34377545702
7794079570
11123047186
30477345
21038738387
2341745213
10452486800
72033362764
16521685440
18832763597
35801976
1132150852
10369108788
9988517468
16457667542
35901912
22059881756
114048925884
22322154728
450670132807
225310597884
2343071394
24851132601
20224426590
19496613906
247051697698
21137546
3330767129
263445476
178296291675
178348796011
80678690089
70190244712
6262205650
1230490353
191900185233
6863971178
1684884890
49688783577
163359805276
225507811641
17302679441
45427990926
14638449146
42658885391
142690145377
3647904246
169597665478
117412168409
10222279
27367114710
363995016867
11461492745
77437468868
2118947508
22211058909
10060014235
22544882184
85663616
247330439281
46544016016
80221674978
32344908524
220986503335
2061099034
447534571
6222687115
178180896829
6870936172
153328037948
183271025949
2154534082
80096766
21408532
210002604425
2310998041
24270907240
1572365530
32182522707
5810353844
2154663845
21937979466
15536390439
184202534652
183331788795
46520383703
153985822
2030245915
326353422
21284286
92870134
247842243606
6264731613
37564234698
303304918
20653946688
17005488524
17281652050
38640121
752176956295
36972268891
1579783050
62183815596
50777952979
19535183047
346548733272
155371999
181531985093
18827596310
3194138145
29947412501
3194167596
247051649960
10367693477
248519100569
13239309097
291093463
32397791551
23790300422
24207118267
4203928079
46193261914
179695496840
19882044146
272567933193
195224992645
18113722325
86183647504
461501580
3678238500
188682904095
10114293515
176141955879
89681873308
210459180894
376999165
1685012415
29943356521
133013774004
4459085931
447675993
136536634406
14755208019
183286089292
21938776673
312201807337
47139375387
476035100091
2931791133
13239469335
443094
70532274179
25541879559
294974948613
11339372
1685096229
83418114284
4680379088
71877219577
53331382597
278665938711
41494205918
10114261409
153769210
159634789974
3655064370
133020626921
32311777
365317196897
91175711
8858215327
4914965564
33177052247
24851301485
151828878
2632132530
6865448159
1684877516
20310484476
4261887168
72042303671
94649345711
20737024
11186652
35872325832
1715041632
175793261189
2472182057
230451934715
54548213933
94779008881
13240404350
1229466358
62185131
178105348779
15536787857
44725813
61071966461
211196146765
144729077
114048588239
24206269708
4876180477
32024519289
6865798857
80363316017
325550073273
34194278235
28580494606
263782132
181629618686
272560277357
3302237461
92175606071
291613451
146476283591
1706107867
28073437395
272666994051
247054169366
78148030071
139491922070
44473733328
1579547982
178165122833
116
206792719471
23993261470
133433063747
96165919547
286660066650
153742953
461423678
61197395572
225514821001
227033662266
749220183470
15966331327
39030822469
558993108490
16521756247
83467319776
17010712964
27360375362
174869783907
375996824505
27363135314
1416503671
13227280174
174343225094
226026743906
442346
270914391737
6223267717
208986346840
366299894345
175837915004
80056974
20306589858
81889847
96206208363
282474179967
300994935
3647828305
80538080
78148099128
261662713349
17254245397
30731732427
3419502
114041163718
28541812991
23624295562
139072976
183575881658
1897861658
92066087694
4235939819
856348380
10215027
346554986211
21991318792
11339124
175212986157
10099539842
190815490
231375901381
66640928
55708023
6222212754
249598668981
10511925190
221776585010
808252932
749216591249
152934974418
22882475748
36387651177
282540388584
34198026824
123140651938
205576436506
300552030921
16521452784
61385493994
2313847616
373017681187
136537875061
46524316604
208647456613
35801662
16435759041
27367620076
21457556045
10625319105
272560308413
2051357530
62181038355
148912331997
10367717941
28575359965
91132593
3418840
1289422717
247050398363
13234948331
2632854525
749216612978
28561420017
682084326061
153189125952
1684769281
230971642024
204359341764
176136865997
30477143
84351750296
155161742
183342055529
19504567195
3463646084
28531614534
1806583331
84352772380
34281697602
56414502
86256643
309147364499
202861235623
136377281047
18833830168
175786432795
1183614735
10255003663
4702583877
11636462107
188734690376
10517825784
32353223433
50873486408
81788841481
46220802480
114079587656
43351159268
13224171862
17009978129
19940678341
376470423370
21178090
61196089667
6338855
158557334679
323641358006
653175262356
327178213654
191897174830
153974123
151929015
35872408324
1089868
6863275407
178364098899
261662778235
10036846123
3092108206
273859205730
559868547
19535224756
376760446
1684994615
208986370071
2154663898
703028123670
132215198
749216351093
46520430498
153962700
23866101000
529065804
191938420821
271808686
91069490
20089852771
1375590905
11339396
3302800906
545046520510
5780776002
2325250725
16522083610
294464033
2310993562
1134897368
36050256410
146475860935
4450808883
46523865496
34290633485
22805265286
101658882032
1365212912
309501852435
573737280
11191489
61383285332
7856915958
10114296618
757763411068
27367178371
421806631691
3065678562
92034949911
309501897062
741449425
32417220135
68670999556
263822805
24851469757
5418715557
1128284660
573088853
41256195963
96499145522
13224656156
24745082932
182471526237
85518718
351989589518
151099904094
91066581
83419891139
3645775086
17005465908
20734333
62182489781
19503988276
61795369385
43738995227
1721039
24197301466
32535921792
53225186228
8652104630
67377021505
146939077
10625620216
91632394
28728096637
19504567191
1897754041
66640500
136551436558
153022202309
33376177416
510596032
56309601
9979590241
80504223838
20221091666
20308333274
16457729774
430537055
299138969057
45464039563
10503047173
21882088734
21599340014
10461423318
24196951530
228497308816
683322572536
495312207
12188740072
169321648476
154004906
7792298027
247056430904
231776520557
92113665776
13244031203
349202752545
24197119615
12701982367
5780869002
1137442285
85783177217
81772681949
284663511246
10203677359
13242854872
348789032177
143876523212
23114513003
16125243
18154038052
574449866
66778542
2171758633
19096595601
10216018
10452615906
5774221492
8663981687
20224607924
226027830939
2315396779
16457976177
205366725624
9976812721
210505463720
183161740082
27364117271
225278506745
1146236058
34248725820
300774079
749217233586
102951746
13709943997
527516934
121777087
300551741202
20323861609
21392795013
21189390742
10632888017
559840548
247049608365
38988589527
389379388
325550370659
808149890
7483467974
3194170303
152740997699
4702617632
558995316254
32422331056
16522374301
5561755167
19310537762
463599570
78148138642
5569481284
169171640136
178180761104
554055754022
312022813467
70209792361
22458762899
20216605156
413063017620
34863553959
4203727758
198551431046
61373110252
19288680442
219522834627
427322364734
121776235
5774221493
24206741278
19535446870
205366378614
300387578419
183282076449
173784945115
6863742161
156653690
752178619167
19365498492
5418701245
3418839
80296915
11569903216
80563701255
144984489
183590447466
2448138676
24890379141
53331413773
184993703275
1970138903
28799039804
19946344740
92446771
10622297457
359742209138
10037902742
527801131
38483014177
461497338
20051152
30469414
10634041581
14256615
5805135389
10068516485
169023422412
36968822608
6411795424
178179398198
2325181970
85534163
17902049575
300337010359
21297601
34840554923
28577357631
7390638831
169321847198
19372718822
1130800272
191960644877
205366394302
287060817250
6182680686
13858205712
16521974932
80680574965
4242367549
211690443447
34293528649
4450958394
175805481563
5561766919
21313693
211377926243
53766722917
80287336085
39032378526
188116800776
263782134
144722143
5708694677
10634018354
938764672
32353306366
7376664866
28962304092
1897879600
202863241545
372412099225
312489707191
17005254984
21399559
22063010858
378101244
27364239513
46520658083
27366838016
225497760579
5764987102
144796058127
263783794
1579830518
90018238545
1721105
19180143862
209234566724
11273860804
210007523518
757638969269
91054226
552132869884
13862385403
92386980
510596010
21888127908
1131321256
35892268115
28531802451
1802617934
6341841
10367637749
2291054037
10879085102
311951519592
263474905759
30633138210
159662637214
262422024688
80292556
350784236065
34330675171
80027811
144780335922
104792817028
63126845122
24272890971
284656975243
214506907817
527516994
194848187757
1887803474
5569481837
28546507984
226026708970
3515114262
163360236085
228047916230
221527418974
159682136114
527526819
27367148880
52215835958
175798426660
20224626620
21556032
2449721479
91349766
1128288397
377043556
178713876794
75374535
188401715450
448031150
1886638990
22083376176
19369796792
187998071176
174869981894
3189027999
19270445946
16457967705
10367640470
51946964532
156136421168
18833588944
170090892257
97057432
141316511264
96915482473
796435882
33175531748
38648944
4236266115
527533150
378224348
10256256893
10367689828
123080723
93509436726
5804456493
10554627724
5418660911
157235225941
308653035568
5638832914
1721092
3065835141
2324853717
31478375340
44794652
17354548083
155398236356
140428910
21933158143
558969242032
985724259
14664976460
4905471895
2033520952
263445324
228403143586
159681348808
358242739310
1962652005
715107540327
20224596350
3251780062
31481100942
527746300
20321304322
40710008510
181562510058
19313074517
385066728086
1574977989
461499781
10132627628
34151580
17782415437
155134853097
6321896765
151932050
96914756157
5749588095
3382654070
156609599250
20736714
136431119481
5570746717
24851227045
10216015
225922138515
291093320
9993069866
279782219200
36406383481
34790199945
9177237872
52215086614
28537174278
294523917
19946473305
1660181408
14050198
30732748491
144336442
32353890479
52167923069
4263905817
442339
3302173540
38986122992
183278056909
61212453827
3656108351
216840452774
138134665390
2582140356
16457934858
2325260200
156501717
2195736250
211280040431
9989327184
24729782399
24851428757
10621286693
5713614354
4681553980
5674037416
152187347440
2432476609
13245045528
5561767126
10129440520
101668657627
31481126381
151931027
153224321714
182146472341
19372836705
311851187209
267285296
4236189289
4082806039
11274812874
210002364462
52215861470
749217078734
32343652673
10367664176
73747626988
52335980397
279052329503
139073107
36771174
1137444086
80296664
9177192660
8858072794
153038828410
6223778907
19399698590
2472181671
276785125258
264973833
34377931605
272319996600
3447936832
21087196
19535183048
210509834189
1300179536
5578752956
62745820458
27356729665
123343529554
214118631380
20222587418
48207387162
53225571108
474383218
35872130800
677712827
35810790
10369036258
92037160696
300385256512
10368045739
231238540889
2449415086
271221658149
4242390821
266830762
178770900982
297073097757
78148005649
265212714
156138077967
5562280993
36050608516
19965530626
24197071789
2603670330
28543861103
144747988379
4876191348
35914230
273864303765
272272685765
32015665990
40110502006
145294890
123197927349
346548681049
21393413
470508497080
27365851965
14238847
144289408
80361544262
27306361739
233168974451
175798984702
32589390300
29952614787
67386625570
38483696610
22459121405
92102530348
6320149017
271652363941
1128984047
263477659
204538375314
168946652137
32584230317
56419558
3192758070
15536752906
227033722464
176132796396
20272655256
376470443027
1997194
795840760730
227267074173
156438741490
104791671153
169326886462
80363421046
90944531926
21937987900
3092664378
2255716343
1579782805
749217937739
24197141177
86255579
10221396
311870851795
37025202956
168854619909
326364371
7375270042
294523566
10202368247
10085715784
2324912375
5567128847
19509871282
30482321
2631820115
14139489766
2399256156
6125779834
19138600169
10104841646
260919202617
20308880629
6618925218
352719889005
19399666601
6183726920
856238355
183595356564
10193528342
263445355
148474632381
5570445553
168768033663
16679789046
247050398366
182476327617
23744627222
2321741669
152910227614
9681817210
83049534
182136378356
5570746747
10367688052
91069692
382083670086
92364587
2059501847
183363347294
263445471
10206292896
139190508
1376335591
20738115
140974510777
4242371062
144282966
34793522
36388182656
92070935528
139754275777
32342862349
32021193439
2019928170
85663787
264459099507
23744545654
10367666284
157004849121
174318676041
22709576591
10084805811
7151536791
2456061636
14801771114
308707756950
19399705314
147364037297
263780920
275079750118
168770114486
346548621200
22124312441
59709000282
32343383224
11630312143
114074903003
13239395267
52166899280
3074901707
2033521761
91067015
19633592105
7370242977
233075131757
8663735513
153060935480
303418274
82164128609
2033522757
21738399895
373578848228
545118004846
558990664958
6263590793
6260752143
375997436006
19300325293
3647707323
13482811108
232944900963
73747506586
28708628088
153973950
270672046311
23624287942
225570988223
152882236357
3647842129
2022696678
144234008
144937887
2195654766
23744500208
35801629
169336924158
715081556484
1578634962
2432414958
159655808245
102892361
346918171768
102896077
3772717025
273480668863
63667659544
10558014328
527532268
17008505802
2033521355
227697637129
161267954365
1130911924
3536040757
198332723244
39501505714
27362829827
85700428
10367666139
206796715620
265367990
38636793
5636224557
194848195784
92096875218
24249969572
141316483871
300551919083
29949107979
217980743
5561815729
5777025231
291625330
1131122624
299103056308
6264050486
3418805
281703975363
176077564468
731214446
299149640714
203884346893
430538195
176134822335
7601812703
475695741319
1579874397
14386
21916765160
86692773095
1579722454
84353714978
10025877822
102893269418
121853333614
114067790789
61792266290
1572148976
1377328837
178713807094
34202978895
37383107676
192295655851
6865963824
20736733
263445326
143095827527
113696767127
3098251270
350700555147
442326
20748053
1732065
6864380774
1140871754
6262403452
856196960
382833411001
25048507275
6324870562
1578837906
1807311123
17354190678
324420782114
1377963279
155220917
30714338065
265116436
30747520952
144946782392
28538393188
10068494866
28543357349
28495998332
20653830237
3448570792
153974202
350609402154
531147221084
265131146
65083852338
16521988693
1572692017
39371033640
4450856714
32343871227
92150294400
207766166454
20089836686
2448482578
178543516776
41497080011
10587680470
27363778939
1712221
5567576807
183302173604
6262205874
114158328938
27362270330
5518619944
225639103290
183231408257
32350280873
325796544375
5418722768
28710056145
16583143284
210790743226
114064657407
3645443491
4451412953
11339988
219092924448
114073102862
17599887851
83418428005
3699435940
178165245079
17006825808
2856127876
52163178272
3591976594
17254164546
61351660949
144272005
28798144701
38642326
153238331128
104792404000
20747579
273859223482
136348796188
96500649334
6222311846
154005189
6223580002
153970888
10367665775
5561768459
2958235317
247051560003
86118620
3172587496
273480497232
208804741439
209227274963
270691109070
291688472
19942186711
153052302750
4646469957
4213615719
232979182748
92156929311
211279024262
19504237415
1821654836
4236290823
39941691892
175833878143
153216313395
294795721
25298897441
1692000
273020841744
34865199086
325550127276
324364357049
19373901564
21985369439
155152643
11274054134
5635075808
82163182331
175786437659
226213811468
28714467117
175214637986
71877064807
247318953254
22519897
1131083503
23782994875
85537164
105219973177
29271628932
35872151538
12707173242
369394831593
28797724114
4664634680
10367681411
1375641748
185871718800
260130168048
28554958335
9177208845
376470434564
366283369454
24786147893
10512269672
2254058411
1692104
13784004383
265120737
91149291
67927159275
16328631
10339186504
1638823760
293117085274
8858076455
153372302249
28710503168
36386951897
1721004
638530531616
32023453138
54610042973
42832619267
5570335120
191931371512
552080020487
100074920
265021987
4242079836
97512277696
175168089990
114151237129
13462184
52916532022
66620067
4907347730
92107565970
1972998333
263782703
21457722475
84352594637
249681266996
12896481417
2500854487
1252405854
182554830916
2500113956
1712228
66646707
225260445356
196886876020
95495752417
10735042115
27364384689
85518135
24788408084
150817354652
263697466
85536526
10196621838
32676262404
265247249
21213128
21109490
266836920
175929351687
19946465363
7749444722
175786619180
5568145348
1375637386
252694303
35220824018
96916554433
145807506660
35872531883
93721264027
211197583726
33152456983
25297326242
94062412104
284860878912
14238890
3110768010
6222404607
159650707170
33151820906
55673636
13239130523
5567296726
20320725341
92684594
198010795596
15536488882
19269258637
385611578151
6317894613
67307909431
132951352
21458191924
225677122293
190820594883
14256582
6176657223
24786140515
3110484015
32346299394
53323538799
148085067429
284517593884
19300309842
13604883424
29950481930
21219865
49149440567
155091449134
9710856443
231932147099
153762991
5641501892
10451052188
150484470635
28533074214
204359266129
132134975
92461919
249615381025
238080930630
37564462917
144265990
36719854
61386023638
2312710393
276965990664
8861673914
1137426949
4235959432
24205553284
191975717160
263445426
1562186730
4664743647
494968197
50280269853
6867150416
36989549704
19368663874
17908968428
4676389116
82164603693
271808569
284782537811
21738903170
19186191986
46523420312
4262340416
54554953360
273552890998
28542530369
29178881568
6184311521
152637241158
7382053038
3647919443
26099532
300438238576
311862602062
127516266643
202272214511
3312929876
153961984
92101866450
5708117755
162125480107
66657217
21963335440
32348754622
247054311394
1684859127
108278570038
309501872301
4242390819
220951855912
4263776477
22540579692
10632222569
18831711619
10203145174
182115095074
34203309598
17274461898
144445968
169023660304
155599555247
15967359854
267031219
1377672766
74096576
32683038947
21482124603
286660339207
3302418625
17781820423
56414561
22458757341
15536752910
749217853939
35801693
272606193218
9177194879
32679082681
154350095373
2932062315
572808449
57454238596
360096702834
10103425604
3459832554
559943256
225606995311
175930226705
430527109
1135511564
10215048
5713672602
10368504350
20292264886
156149684877
283701399647
33173211542
2154663869
81752471169
10368991339
5619273328
14671527338
8858322342
22718268755
10323033779
9377556
13239469336
19941411568
81758810
285805274741
4262665655
1684937129
6262733753
153941320
36387491972
39375528624
59504142771
3459864003
179612797611
16224215177
3194173841
144286760
300050219394
99679025234
19368699525
23621058069
86694041852
17354294977
29430401196
153319988669
779930958359
264182853
5640553055
145335112645
21381317
247055338051
389359034
430536371
245865925902
155598340872
350680959749
297129235819
6863541263
75373347
61195265955
20736914
61210175031
14926797871
33284291698
237180215446
399595666
5418675844
1578780845
114058778597
102955906
32194050728
36398018667
19965039313
3422720
217592100295
5769722892
263822797
23783604415
13407468558
17362910975
136544517558
17278701528
7256858069
11278406553
13224424038
205298139829
250621698442
1376488944
292238186
231421970182
226081513453
20336
258845950277
148994280117
24851346363
3194171371
17005315629
80359691429
593348050260
151059516778
2455838082
10367706376
11274046706
22063006935
32015890235
2402408802
6259635792
2448139137
28008868661
23679478392
6865596051
2154534102
153514395290
1879564027
18828058149
8858129499
2311124454
4091931469
64021647
730789666841
1132517009
5779092721
197913859233
16457579420
7603556164
6265081410
21205164
16457584893
2445549545
19945063769
155548273737
114065428813
168770164756
1128334674
4244394769
10511911329
2022806531
21397643345
10632670181
230286579007
795842286149
13385008970
842180040
4203729829
3194100724
27366042244
85562540
61382922048
92132038123
272325039765
10518134449
44725541
12566277526
21483036437
3647660288
376470483198
18828267681
176136829882
468096406
194848194956
5805105830
17531328451
1229137390
13384402385
6192473753
157828200335
45531868513
153483178029
2059583340
19535331268
37535870481
10377206804
14638644319
64016564
129224559595
211276628874
191906198855
20654369208
6323534220
32024200935
2263974600
2033522758
17874095583
183300160532
10503059462
17794694371
2318368495
10453812796
1133017829
19288123861
95204264781
36985523145
66624877
172931302129
34286426547
246885232692
247055347164
18113473949
265247250
5708701149
19510300290
68664982463
11274184898
2471797187
53225457068
856259121
731756531712
16583291274
1184464974
1873690514
2022833228
23094044
23542357404
374903863
33686987611
16458011715
378459293
749172585257
8793070
1897851669
5636085609
309502024273
19399543532
17280614273
2958492681
442061623547
758573870857
19504806621
6263278390
10367666366
65790858554
276448865875
129226408957
123253719711
24272874361
2004290676
360095899305
28795986805
95816847847
153274602905
102983332929
46532254405
35875637443
2154534117
32985410259
1685005894
309650504587
67379274304
3645315484
28530455651
122030128
259278454862
275427635527
198333985568
20227076966
144163909
33173344815
104818497049
430536384
556761791744
17354554242
21247437
83466402317
5567309091
13605202617
198551369562
92035050287
1512568989
3678181426
41804923220
250619380619
1967634648
19504696884
163360076348
1684850558
172883264547
155164314
10475489383
3645427566
175784255421
231785540724
6222018935
6863535806
194848133366
3194173411
1230891041
102955902
87179494694
17354195854
247049914392
2339388033
3193899291
1684885629
24851595049
2315377713
46520191712
176139377
27356927706
14802068141
6264189573
21452221
3194170504
31980080
275187666746
273598322652
20737161
749217389254
22458757342
91176178
211275530599
2315268155
183229365986
80224148298
85656800
61389557846
72050150155
91054234
5561766875
335683566816
2097771576
4236289698
10452297451
19534961209
2957767441
10085729896
7365283008
1685082106
102892263
117342622342
96498992688
104792102088
2324871385
87028523348
173683531840
1416742237
290229834696
92139199918
21888938899
17412014071
159688456506
263445350
34195126840
19535413157
1228812220
22212057986
23744450010
249678488904
153961986
17909660770
19369886317
30631862678
378666837
122093660
1375616123
13784004382
261662117071
183590453545
37561059595
211281076090
77443022129
291561360
5567350304
11852
175852169546
1130582895
12269248952
2314884354
7895
328294903661
278482491350
17662974703
226027551959
16521380208
27367425629
3582518369
248729730388
183161772286
52164526611
153062238632
147121455
1129143042
519022053250
1810105873
92088662319
3658725882
442328
247843270661
382782212768
179522202290
123269949822
273856189954
263780917
263445333
16521367905
27359395493
80860993
34195079981
36973329852
6262382714
309501872302
225381700485
18536330257
27364199504
102892256
5570148289
23744692363
50792389910
1289443993
27148725
1229226235
346547346804
17852667461
5596176577
11339268
92139199919
263449010
28962643073
66625764
22070579493
28008523166
102892428
4242068205
33174205696
121762742
20299063426
92057006840
151918148
217772294
67384739668
85284957755
5578756359
83449632182
6328433835
10558517713
3419497
138918542
587424402588
226162674492
28799487275
23744499477
21457493404
17015213400
13709855536
182136314332
28555999873
3645315279
280068179652
10451835152
10114552169
528819260
234550614233
424099706447
59738086069
144776271
48659585616
518307231432
225960229260
136361935383
560568986207
17599042303
176426777
20061557
31975706
168846494020
153742009
24197408083
34011816636
93718180093
173587835418
275001723495
3647828304
1684878794
346548650020
758570578379
45455628735
207757622080
19503974775
1821740557
10634669611
144971071
10452121387
294974912566
189825932563
28961180635
8655284233
3302931209
4664697504
145216578068
5748948822
262345909399
72050772384
22095916795
2631874186
174857933069
4242371061
263547210
70515866167
725350057672
1416502358
291896332
7375622400
21242378
10511925501
3656082371
30215607691
4902883100
27145439
300335684661
817233070937
121775139
194385658956
178120344294
757663059990
1580323926
10635119936
176154136657
210000189429
61380890956
91147538
22670447
7370523821
44725528
140426633
16522000712
5569409896
136355810391
20142086593
856258402
159679267259
4451482085
5568091747
55669477
271392834617
27366433327
1185510144
175810331197
9716833831
6865500694
217992833514
6184283086
34197624669
386822010627
82401589300
261662743647
27365677437
1230830766
233938181194
3193931341
43745143601
10265263799
28713543224
35993128858
802821545947
30483247
102953562
145218788
42838906762
22498957
9983258759
78696616356
50872520881
13245699744
61384959238
32253328019
264973903
217688122
45461251946
24102525805
3194206507
24096667657
2154663894
3074541292
17005254960
24851622871
35811663
33178948954
91961107551
21218150
153144772072
14161479792
56375744472
29950729996
2261039845
7603490871
10114234593
178182606752
5567952872
300387411034
6707882
20737112
16584656554
2325370443
233938269505
17851231282
282474330899
5561783676
460483640805
52215861479
32429677021
261315142893
4876193659
30718244411
21976309905
6865477551
10246441857
78094771228
270352232311
27583308723
154134279
61385599391
17354548612
1994861656
273549516383
668159153543
52216380806
182136359270
741487926
1364746074
153161651035
20879352206
34860580869
21886343159
3313170978
558993089661
5777632629
35892414221
66620082
10539266275
21986964521
309501826755
159639685032
5639648240
350722796053
66624872
24851301482
210007866887
1230915710
27359757608
22718429026
10557762792
327923954
9978714306
264935385
21284289
24196930554
145215720014
10049560699
311989991590
46533594700
24063364542
175785301432
7377025920
4246428892
91052509
3197365002
2171776325
3302930804
35970884129
140305644
5638697282
42490342674
684219490317
148368857520
27366438036
23621262905
106885152965
270550857063
8858322340
96500441958
2172434577
856350890
48204063561
3096048232
1886108865
4263611657
3647543168
144164807
210002253448
265284398
61379768936
176140096
10084811580
23624491124
168766926864
28079645033
183292099090
19504543383
291251506
18840186082
19490824653
741374015
231313835327
14666165373
1230209042
21308828
13245822525
24851633535
463632551
325310938759
148044952531
233938014323
296802913867
82405594239
93718271999
25045953684
442305
207942122124
16457424318
66619112
4091952583
769651400581
144472193
154136030
527522549
309501880889
31481054837
121775105
61377831845
10626350888
5562311554
3586366594
350633273262
13862397018
20225172736
336199978594
78148150509
153348149645
16585780106
93750256106
32191446608
2315365466
11186717
102913354357
34287016266
3584616759
265021985
10507854079
10634877145
195255974367
13784043614
13223364608
34205091683
155439753
13245611175
23208985760
183155235811
70772743337
359742223888
1009293016
266784299
157006884050
50778460835
17354551427
2409993394
527526775
39376362801
194848205039
21389595529
398275973764
72046340965
346548767151
260546238573
9982522605
5828039016
811567802
5764417448
3065844286
92035409124
10794926310
9978862978
7369249130
288509944064
14660507818
10093675770
527418012
61390473929
55707668
4254233878
191284512372
30210851318
348054508389
64021770
2592582560
5418701322
10503649120
543719079123
104792798696
32343698483
9177196788
2186947565
48207340270
273672161163
85007057307
6339249
1994304990
378456749
284519627426
17011896571
2449628859
34193794314
23859266780
16362753
16582827909
16458054553
28557440107
38988113663
10204897362
5917917272
136391744126
263626820
205366453889
61376034208
225260445351
80679284136
29947317688
30463029
53225231297
30631515987
59728135635
1134759784
1873706276
360096651235
28935239786
115423304370
176134822341
20737043
441221
35952265587
70209823901
461499886
4925906801
10002840166
78094502844
13709728524
153038849422
10467017998
2154913130
34149901
144270473
190840382439
738866827160
374248558102
187940397049
17354501310
24650313526
53225136936
105124110657
71877154490
10367666290
36982219041
22500761
346548504688
67381283116
175858122846
225938175609
272560086212
21807936
28089657372
281670452390
27366237654
139169962
1185859567
20225907896
35891820162
13239424486
5775292637
163361149512
38480855184
2019874197
10025616684
28497343213
234724414502
10091309655
19534638852
289059264724
21405394533
10632689814
153984333
6319287577
10503052860
86171903147
265025816
21457517067
5820268368
169326886450
225984278081
1579686831
104791450686
34743270598
16521451733
11274118561
98487917890
25731560299
157006876614
7390633082
54548154416
17645390648
4385873473
5617929685
4878296976
10625324406
1721063
560153118840
328191853602
5567350302
21818161860
183590389487
275185472503
72041425596
4905489336
16978890
4680379874
2961405804
91181455
749216777013
287102568814
271840162
2311050302
749218091861
13722958972
5708097700
10556492334
346549809614
28086801357
32024527056
11191094
19365323565
5609482524
52916567717
17254229643
347128440668
21387325
615341140167
86121967
46521552358
44000441286
79431770
226027671112
22063220710
21408160694
144553930
2458077868
9177087574
17857406457
114063164239
28535511681
882919
159647426024
328387173875
42488052601
20051545
21204371
28545493010
1229861796
7374515525
18831129381
6222480017
210534430310
272564603798
35872187585
4681571644
44732008
1806498248
10632687871
136563303894
10083083119
172918215873
17008102505
3424123427
66621972
311951642772
114088271902
91057699
22865840796
19180984981
208983248652
168770149740
174863143260
265124503
20297979459
188787758558
4878307765
311861347476
92154151282
6259767705
27362694860
32023111640
281671636924
226165959762
1115769526
91052131
50493153728
27364538535
170185936527
10040481709
32582209316
64021742
114163524729
5567217084
144563651
155226839
1187935262
40449540395
13790121288
80279613703
1710826
191922328734
19510341069
55714234
18830231428
81813069692
155153252
10367616210
34338054749
38725699661
174868905370
220950038515
52215861478
2832835162
17006447401
57453595906
32043151523
183351099174
16569051088
155154919
5748253813
32548594353
348756550835
33175912118
1129145970
1130728444
749217690415
3302800916
24851561821
86694226331
10625328789
137931449865
527551026
154749844326
430538058
21482821743
1579462342
144957895566
4915064367
731901006546
560656023532
175816591654
61211863161
247054088752
311851173523
383890497590
6178306257
62053233685
352715470877
816099990321
447623956
294463243
23075804458
16457562303
20826227125
20146457599
185078903181
182564436924
2449847486
277457836346
32006642668
154058578034
138742419
20307281054
54540364743
9712190095
33179145186
61211001163
157005868015
418238841663
24270455917
188734675806
160970243033
1572438569
139091469
10222309
36712028
47722280703
146960103
157334958
4236225521
3645383079
146898075
17781913384
261662830301
558926770961
2022785726
1129010565
1684781775
938957904
376665049364
5418611535
178255983980
2033519276
2172490924
4647095985
319981157
1684869078
176653728
176126253
34229301057
14244523
275129372315
755974247805
3302414909
81772681947
14666348308
13239700498
24206038670
27367138836
56419967
24890363640
19504674468
174726618973
545707880320
1888120645
191130158236
11339048
731230539
241330409043
1684991833
75623607163
10060016855
6324742133
46541724255
1572488780
277671148110
2931608128
9712404882
350722796050
10060023717
377444119695
13240158322
270657008895
175787442821
10032646161
28799590236
21889044934
32981277391
230891872477
155164364
17278041097
157604441453
332674151205
54549022486
2960867613
155534276
91155642
230286579411
35872321714
157006948046
153943698
3302101633
139079635
172372568744
41286645909
183296152729
27366672709
10214953
14256583
311870747075
1377055729
32674723471
178714196961
23744680297
228035456865
325550370661
19504381263
96498967793
6183119641
13861266644
2533988815
257858680061
144281865
183792498798
197923876898
169023675124
296823845085
2832872488
32007758329
2960849506
3194206503
2408919546
18112942165
17851502665
273627766250
72055921063
5567952871
396816960
41498616925
4242579951
10727417063
19313893887
209230404646
34864969163
2154534134
28532009097
325550334232
21191149148
38195954512
179608724133
3459764732
32674960085
102892356
23770718067
225460750298
14244166
16330405
17908965557
14256581
20217143968
50875085863
16521786302
263506862
152563021179
175790955259
34788995
28545847113
6265760688
685801714280
352632383460
59504160633
276646360001
3196514867
153224321709
1572977120
300551835760
85536875
1137421240
30633199747
38195644360
52215551825
42478173639
13240693495
42516660362
191901195567
27583590141
140053512993
5609012780
123250079
153989252
62185120
58056237711
18832756555
272070846311
36713212
114177782317
263749455
373257498171
6707267
39775508808
21966434231
155577531024
32349512705
3699490265
32574617346
47307959337
96103831
749220183471
1538641700
3194206524
3515058223
263280547909
104792102077
46521581137
22353919
26099535
268924864
23859723060
59503072787
10089958869
263445055
2449596203
95998482
2315570246
17853772564
35872531884
276448936862
123082733
18848794618
102978463
52913618220
74096659
2846906122
6263742704
81813057699
17005400249
32028158562
1364582636
21937376663
27296426
226028017270
2131709350
8663889059
21546325391
67375242809
183361297038
10625468895
5674611970
61389183511
64023681
106489317485
262358160409
32185657794
55702196
92109755717
283109691487
6259609126
4681243740
1130584361
799517737701
29943355843
1185553549
277448325174
2931791128
85537080
282568336173
85518345
39943738604
211275596340
19368504719
2324151180
24273024667
284523675182
263445192
2325150584
787722188
10268309213
10267134275
307528297256
18828416142
16582752132
7824153140
52915499472
25557514243
6863662830
2508307828
14383626260
175786875272
92043849192
263475281
3194067502
10215025
32672094685
34208165529
3074798158
10369091344
375015742
50507801
182136273216
31481126934
28542239220
10452482798
153940549
104792041701
358689832696
49040163
299136748212
49045295994
17012520243
38988547883
52186077453
284663636267
300384926627
3678232114
177695630688
185078680258
226026527130
5708659066
1579815565
20736657
45461493309
121609219
351496351051
23075902203
276651936378
856264444
183160563534
37564455799
91066632
19504004623
6734465
52216277739
141453584237
49091690901
27363037537
5806395294
3655064354
4213100588
83425571136
741411741
46523694094
264459130766
279784652326
61383928014
225281531379
13384954449
33468549448
373268487282
52157041498
24851330524
155598356730
263749452
178270371242
15976269234
10367689724
144287230
4466470559
4758472342
39949307163
13789236731
86125113
24273580829
455762134485
183354188404
231254617366
197290552149
15536797247
48349649726
19300390888
314305095535
21308829
20298965420
16364377
144985931
20737009
378225583
37536871278
1128206625
102893188339
350589155778
236502364370
183160568532
21284383
33468049595
49305128539
17183744723
2319268306
53224781841
226086550446
744552122266
16391912
153160823950
122502406729
13235411532
290878120126
3514923166
121858222
311951614385
282474361546
19138640412
1578840055
188401900767
34738147084
993383129
23100079880
10511921457
20736962
856238357
169029761417
96500974702
61383694866
176141530
1289280098
11088429156
1684859121
4905443591
10367686604
169926925041
2500024103
153726192693
54609229963
52215912597
4241928279
135001057854
140300845
17006361066
1685015743
1230007447
183229367364
6663706769
24851289869
749173570075
170515420172
44794037
11274042380
466366447
2022643327
350549693006
559782423573
31479873448
1231084660
2325496191
1375614965
272639222946
732041418811
2931585156
263743892
28570892733
141895241218
284655917159
300335960340
1511593114
287232671417
399834569233
45461502791
223819512524
226027703937
8901481
16521958565
326361592
714599285519
102892508085
10204426162
1128363179
178295285814
136378225966
21919284225
93700866192
20737095
91054283
10367637754
527527599
27366743913
20216339692
11341993
373216072949
182420379194
3189038094
304564210
24823532039
21458005374
188787811219
4876176706
220941848982
2960868333
36216358330
151931045
294469718
153986012
29950418352
18832502941
559901342
32573383179
16457409073
1135333678
153741703
35971007361
28531352820
44730621
46520831734
22085953703
5919313239
174873865836
1659625035
32352449319
91144471
287665596504
10880083972
309645976064
272559986633
136540640380
20321413996
236563720374
212129600095
350476353838
16568876945
28954750494
144784297
1579782799
207767193401
14638425845
17908714681
750441491180
56420436
16521605693
312022844719
2195363148
28085030329
157005873938
35880402021
61376785475
300766742
312489520339
59504121815
153148459851
275001382697
41534803582
7791695308
175801409012
5567935645
14310584104
263776187
30748859591
55689391
181927192453
12985533076
144783121933
323617333843
2325350354
378316153
211697406378
5708644687
155981151137
57453779958
32188299710
757540744442
212570524616
29950148025
10632612726
225411712082
205191239532
291024015
169321686356
182146416922
195114573300
57453680611
3193932697
359745366058
2324905263
8858262541
105771554856
262420834472
311990314881
263445342
28539645592
85518856
262326531343
153166676043
559843640
191912269979
560614848728
296792987529
225294578780
20050181
17871255735
85533714
17657213946
193212743165
80326797973
3448187157
84685662822
417029284701
749217644203
54550970509
191132786934
359742237890
28529581818
24851147846
4297649018
159645061026
183367404987
273832128604
131858292604
30711650041
24745436389
225570988199
136360150915
17354194561
17852039216
5570381616
273647868629
67378637166
285100927001
52618624459
1572533285
20863812531
13241772555
6222729026
32442377779
31482147785
21392954125
10728029321
5764506206
30466010
54551059419
175783716067
211195844728
67386795743
50511231
494847471313
4458908429
527516988
741411740
2333934789
136797340278
6325256270
3418958138
573226158
4468883159
4385867778
61372770516
3654916550
335567087727
4702591704
27364216935
558931036805
1918963118
1417335876
6338626
2312655633
34144405
34176669
46511336284
391218653
227724384569
20581804791
9992305763
376024655016
32206050253
2499919896
2471703622
10512013826
1230508511
123300002
10451953752
1081199
23620914547
300552202461
114075203223
10215857
172679943756
11
21916147356
173679683920
4242424952
151931026
21941506706
268608800280
72045529033
163969929548
67382680386
11275057675
314298549220
325769049210
749172877183
32023069442
6262750640
21393712876
1510907496
29948808540
23748862652
6177727412
273486037080
10461436344
28533582171
16521780412
23624515492
128005807140
5750905847
83441291139
5578094865
17005441414
59504502872
328302195596
61374201966
394195115
9980742323
18835115100
20320866472
16569052691
191922328731
19314048123
24206920280
155666079710
218058445339
15590026643
6317896354
55720816
21949365395
176136843111
36978159109
856349312
360223540731
4263652499
148044952529
17280604866
252678136
20581488209
21740738086
31479330009
42509729992
23749205721
231237362534
30633142818
226027551965
50290101657
10367663825
92035679661
332685545657
178304386836
5777333173
32974282146
28716528655
96915943566
18832363479
13244774636
10561998008
1711432
22257211569
263445037
2449738464
152891094064
10074226585
275117457085
1685005896
21940366229
856196956
125937128
346552896087
55685393
32210455105
64057998
28568018271
1684833040
1377412713
91054290
263749443
217771888
297426604
136415244623
1980186
34151275
2186944947
4242461694
19504473700
442268
15967439862
13449014397
376470283716
17884798667
300683593426
10099792055
183292099091
35836869
175807347157
19320308337
27366589147
4649913851
9984530952
38662559
36349710972
24851123360
3459733920
178212666940
350668712097
183286078673
1685027952
327176144257
20741529
30631493861
123220605
2324853550
96983070
27367752885
5804765418
50495379411
358234514287
10215988
1130932132
23746165214
527532332
188736007210
856269463
226213317117
10625331528
350528338550
28563464335
20225404889
66620092
169023422404
14584497510
6318782965
80362055604
17007705764
169597644838
20581788011
13240128411
27366363495
52215357871
17781368429
5766944280
9717275243
27356963743
155120317186
273480688205
6330883293
21938039719
3645314969
4385856525
263526680
8861649057
376470319058
139281730738
153801452
213733075609
191773952019
183231421609
262323914368
10454336252
11630596979
376446018466
1416503658
662552222054
1713002522
121773445
10367683626
939992326
2339824610
61192290664
3074971878
1685013045
430531385
155666079711
178180917848
2473927899
3382210959
856350889
741429983
28547608926
2154534158
264459296579
29943492122
27364604892
24650243920
144171778851
169593484263
5816588391
2061014185
273544168992
1183453613
398737596871
295545413
20340
92429970
178179346178
2369892682
273481696098
753379067934
204094834708
1190842842
1659101191
248416209216
22718546027
366299894343
10511958889
38562462153
22084571283
226027593166
5767152347
19500643632
28079868472
527520576
801262523551
346548735258
13790455376
3656495132
6323083572
178160623344
16364338
9712274455
19399628982
89701802661
6323840598
287857924819
9717498583
17782430080
19941350371
188393618545
85536518
392233364
37291473796
358257480647
179116485961
2050933932
8858052309
55703519
22718161692
351949371577
6183128188
264263622
80295996
273832128037
249557286407
21204372
746673928091
6323733869
181574782433
1145770527
65946711
169029762575
7372859912
640742025265
191950458380
2931556591
66618604
6863649241
1140154710
31481088260
350565789723
226173555024
856272516
96771259183
32030475913
35892263513
183373645737
157004843645
1710881
32353362068
13280994
157004840327
4254418406
300552025495
5708106309
10215071
291670402
25542690792
1879606241
28538147229
24101798448
2154663876
261662575493
299140303175
3655771118
91169215
176128836
27366629125
249491146174
30215295606
40540970058
856350330
183302169197
121842473
28537895155
3645324321
18834002927
176434006
98317701286
3302129177
205191491548
7380444830
2196318894
587106668839
749216612977
30732308193
86264885
70209869651
263737463723
28736360281
17137746656
19368699526
153960474
42489435326
123034492928
131856548279
123239445021
2832926683
10367684776
509886370709
22063159071
176153116859
53768636297
34377797476
272269870363
11339241
4242800803
32354016818
273822066101
24744863030
35886420260
36399399452
27365594687
19274427046
166514919372
121770234
35810776
144763990455
3093107901
37565035762
358282558102
24851228361
549494969
10635362102
10123123622
123220250
27366992515
49686164760
27366563577
856536725
27364095693
41500153461
17861513039
376804406
85925284485
155222191
122168613
114044890536
13244987849
153947826
46520490236
232007912763
10367579615
62155170
276842645731
13876062074
33311151235
1885630723
49050472736
157004840328
6264356181
1010070733
92005174092
448032213
16667762060
14594604369
157006876613
49060997932
5708660895
2341728370
311861334283
13384036042
10252591734
31511700831
346548767339
372391203364
1711338
1129183387
938847646
34194218350
104131419250
50491963706
44435976442
226027589276
12750499864
2510870100
1512132810
1375480619
18827791944
527533135
2325193947
3194173404
24851346362
2471669922
295258634233
9988944872
195109006794
21938010839
33174209604
23744677133
3194174241
21894844846
33368038506
274141831692
10367640335
346548563797
4680265669
4646683773
225898135860
261677604549
17203830357
412044420539
1364672123
67390395064
326493874049
349252476130
2471736425
32422588431
4870408716
153922630
205694615079
215588828466
75625216105
3110827159
136398663396
42477822811
17005547938
5774934009
175797651440
34826060
18836127048
1136346836
5764486952
4246439576
13243662427
23744514637
579966659
284522664502
13237049580
22718280600
3583733226
10368989071
19300777321
22825102747
10084594316
20738142
253288427692
155221133
30740176062
226028252488
21392419
21458005373
1936200
1866057715
225381700489
4235965092
16568763325
170944434980
571309720880
2960798048
51866979591
376520971637
546609650696
17008316099
259062244030
5571176801
11186689
560628737814
28779517707
39370859966
226027199965
266377092268
346548767337
41533624802
527368295
10511923858
156402571412
144335684
4386062233
56419924
424097570272
279783635437
28723532916
32974727663
1658975348
689502551594
86202599766
216840685336
111321559900
3312929873
3310101683
24851123362
91077516
178180658996
1948994595
225350648721
32431955711
57454253764
19940525774
261662636473
16569063479
175944420563
24270907239
187407188773
176153116843
121858223
2033521709
85540195
20733596
9621
27366610522
20224575367
20297586201
10621295603
202185641540
247316286265
178164941899
358951752064
1230961852
1511819586
63126933639
557980365800
2290908612
211275448103
3314775318
81759343
34200786370
4905496138
23749169325
20225618837
21806474024
14670528580
430541564
1892632245
122412138892
559827080
11191812
409419408697
24272501248
263445394
52476573366
211279024265
6339625
9712334671
19504659061
54550766496
53767998828
21109492
10793005462
30981480637
30492744
6183723142
10369391757
348077160927
19989675
4878320890
18834072567
3647828295
3302225258
10632575968
183590420386
52614487236
78094653912
456597240812
10195308047
4242312767
21915722220
291561454
2019871241
21306000
175797171238
175148000974
18828425805
24650171355
300335906013
18538880526
17851166546
14244264
31479605862
6176466808
37562003535
1578543899
7601693441
230881069488
10367705875
176154136664
42479787729
24319928704
1822741171
556750752880
589805919459
534247125318
34407717
2449639095
1129036456
5601908069
133106542337
6871450772
85558055
5807214426
558986382840
2960657819
79307268
175788610692
856258404
4681714617
3194169033
8794596
182136293741
155153542
247449701420
70523357787
307490074968
34534508
5561784536
382139074975
30746476339
19505086231
808164403
43738645431
41507097482
5570776331
2960875735
34845295693
132142805
527368289
1694183
21457743496
10625481457
178217918229
85511234
178295353420
168770264865
175785631167
13725963197
2450053996
447846151
183596588708
82164230781
32345660634
91181457
323180061488
85656753
17857273389
231788440739
32019894792
10632654049
1131241358
291557749
326304777
178164863679
68663410030
179170283677
7741155
6178643000
50511474
375997522000
4236312995
10114497482
10511923969
574609784
6121627382
13245051986
8858136443
27365286201
182136261584
28769861756
123462553
45461625508
2341764935
264486842397
209990048262
5561769722
276651936135
6319321189
136319536790
32576626962
50777251914
741372001
96500114205
348858885255
3065692547
159648418263
53225395706
10084759927
527527361
5636203002
325550242827
808221377
448492207
24744940592
2673069653
168770174679
34286785514
247050003808
61210973466
157029342357
1132608028
36978943899
102892260
19535101768
105126720436
92371846
28752288580
358322520517
175053257687
349520037357
100214027
325550221110
141895209692
373216029035
123301371
176647987
182916284755
250340112238
67373642168
5561769726
559645891571
38195687515
264458995287
19400024366
85656671
84352357204
1579805381
91149298
273856189966
11339813
41500181485
233938447560
350718728713
10452152140
10632888016
9986917572
24173347641
10367664078
582472004
141316498047
144212864
11274145868
136096975524
191790115010
3094241974
39376156074
261662743650
1375593981
263503953
10503007565
105
27366343915
1130581780
49088585542
1511243480
263503955
92635271
91066723
28802155721
18848140677
29948137827
20737022
230893488596
156152473085
1711392
22823235920
524125228913
24851251117
92057465063
1183369407
92159120649
507356140436
7367336002
36713227
70517151660
279362074629
210002396137
441326
300491431843
1557092469
178299022803
102895137
27366599370
22996256
121770153
56315382
53219300731
297677568481
55049393877
5566705478
263759401
183161740080
24851461697
234740896715
155576436253
10060016362
17010181866
16457584894
104998695808
136357603435
2832853752
85700309
28540123261
176652622
38649561
11339926
231776520561
41332706090
4451159120
179235906024
153962096
226027702534
91129417
3645427580
20308486525
28728356128
378225582
6863480428
144958293817
176649046
32974928268
2450595184
1133010324
527532280
39032843586
442148
85518810
294469864
144397810
19838280590
346545327711
2931671815
71964801263
17008608876
47889274063
3194174248
19534961204
423755540153
233938426111
53225647934
21986969776
55707831
37561745730
1289430611
284663682558
291043870
21462668
81763228
17872602482
346548621195
225411712211
375996998772
5805191522
348757052823
2448159272
14581333569
29949260946
376470499484
35801651
30463347
66778659
21392550493
156141405296
18537030278
45465979162
23077019528
70538969709
3402022253
3071714135
271512992893
11277375225
20736943
1996947
17035483164
67250885263
86184044118
263445039
21571380
174737549375
23624550132
527365830
29182533503
6178321773
5567025947
10452901206
56323638
21737975507
2727859805
5805835940
131856678802
3194205777
175786954958
2315257326
16457564134
7376795649
158560819632
32975521812
19501530315
556605294195
2832894049
98535294010
741411857
202460092532
3071559494
42527904983
182564798744
27366385278
10367666193
1641652709
10138121463
10562773275
6870481471
92105032489
18830591095
132681042
5708640590
34793362
61372089868
24852068766
5561783643
19944636097
23076089367
191907253497
153610187
391490180
28554757417
24197141178
26099524
3678231103
169059263597
169321648637
61625630004
169326887854
274160430931
11339397
218573994773
80207020349
144099194
247049620744
38757944771
172906726417
195385056638
328144215221
264805659495
10503697750
17659515059
17034110848
14238989
325769147682
32352318128
236478124957
52745485260
3194206755
80292593
59966629461
83473605639
2033517236
6184803866
225677122286
366294782324
22083531763
4450793427
49044467337
96673720032
1579499034
28551134795
21986614570
2931678210
183672460916
332175284774
14256586
36985536705
87028560344
5651862426
169321712256
23749275316
80292819
10138706717
21594590301
10367705874
3194173406
91115018
18123158583
19275614001
253353582133
121802546
543899392847
20056637
9716293464
163460613653
5561783644
10880691669
31975695
32014640
52468513035
3121630054
264459632871
91630668544
9989111061
856258396
80363315989
144792191792
91069543
9378322
153703485
2311897419
16458012031
24745345628
104794564547
79297782151
741365638
731177760
153688658670
556354788874
92000208792
532178153607
81870822474
19088399779
311951275662
485871228018
37536555795
82166149266
21932139785
10094250553
111321255940
96500117872
28801158954
34853923574
159648606222
4907456430
389362200
175791924868
346548693729
14584853890
2058689667
34254556494
5561786887
22517182235
91294391
275001745870
183160452426
378484863
4702580953
230882295010
55673641
3302224834
3645798362
183268211232
3110709831
175807618188
5271015932
78173844975
56424962
175834288927
18849877512
80091019
3656036343
39375526682
842090776
80043656
27362453991
10793005456
27366107152
20321135680
348821000207
247448574426
250621666400
50802662468
19273212711
233938269509
198290190591
34143499
23744544364
175929651786
11339817
28533999753
375997213572
2022829759
15586104996
6863997579
124527584402
5638036860
62750169351
559681068334
174619550840
684258475597
1572539017
263749446
10625477820
206701867714
83779954778
2022642472
30463056
216840684459
9979858904
1684803992
28009264424
32254415147
1684822753
196868067208
56420018
785652378793
325550286930
1377940833
476660434722
3668285964
10452698670
85547631
92066184451
228100586976
248412179504
27365312885
80296783
168846379041
18420402
12064877
5675090718
497209234959
13789977841
22265820
282474264619
133113839190
5184314406
66637582
2172392642
11341058
123301135
49017571868
2471887896
7208874
225227296746
376809303
265215541
91066728
72154269711
20274311861
300335764792
202163071542
371900262552
430539406
4450957811
66621097
181547262702
16521722279
31961077
82403693964
10562068719
35802066
91177332
1131244382
5636150723
47794847360
346547406719
263782706
178255648331
10215000
80673829428
3074514904
151064191170
15536732691
10367687925
143098094227
1138127618
3647684798
639884711692
20750895987
122051539
17005742862
82402396507
21736395216
6956955410
153908966967
176130755823
6865500660
3581642897
188735977492
430505506
752225701108
291171578
46523979457
55680073
59502673137
19498100811
4254417216
21365713
3312946174
46521272773
157004849123
84352627245
6958059245
168844001805
2325151306
4646883554
18542776536
153760845
102953277
85534160
21392507636
21504054853
325556540077
1684834226
10068568282
263708577
20309310411
298323615811
146389250680
75504587644
13242108554
527518653
17880381470
28739147657
2154913136
39920648703
59709796348
1183302333
206796779920
17354299626
188393532419
156621390
34300013967
46521136469
3302129927
16457551862
323380280221
123077083
9984465556
159681739500
22319751938
17782171888
2255656323
53225571106
169323883329
123208234984
268944284717
169023474850
203398392294
27146358
71978866618
5641596016
153986613
145556175122
559903005
28547349403
1364579215
715084193197
19941278489
32596967539
28798803061
5567928012
36403671693
91066586
27366046059
20644832357
749220183475
35881090838
71978530998
3647549874
29950017909
204129764024
10216025
325550146572
11348919
10367717724
350479425337
59504039111
32434534883
266854855
1892065344
17171426126
139191946
5567966782
192548234927
5569941191
17302414909
176431466
5592974597
175799033786
311990216212
225411712205
247056435814
300335523631
20744606
175837930224
359743326504
21109326
114090921899
276289569405
20146416392
173706899839
264254609307
383934576827
3647549905
1888013398
84352496308
254720671336
80313431
250621754050
140350034
273480551447
266550596
324420851652
53765360888
1300192714
14666234676
22704720714
9
544861170484
263887138
2979020253
121776236
178304351071
19510180753
326591895460
14101613054
16521309896
13709814006
28800139045
91066573
23624779534
64337161566
4680396665
178748979997
17781455414
145771052193
183161700158
16458010707
205366819436
226369961356
5567295103
20737001
236478109495
20290555366
91155629
3194171204
17011210574
856349042
153160997495
182354846431
110864540
351955568879
191936587690
28702629993
153993855
104792005920
102898144
25559706132
263445345
194848201326
59502655969
5567045591
10503679542
52351942232
774789894361
1822718079
208979105120
53225409779
13235962228
3545576619
247447332672
20282528394
1538629723
749217727926
3583508748
13224248352
281670461321
294469719
20736920
153255388055
150568771960
174858915103
35973978506
18833507239
122083553
144130575
34789979852
23746152296
5106752048
199324702556
5630709933
13234920568
1685688325
1135601288
23748853005
938730530
23624467231
6260580337
153739582
34200944687
177695630703
291560298
730693022827
1416766173
29178938257
5768337450
13462335
1416503670
14086425
2312351902
11636531832
749218011667
939080344
5806699542
4469069078
31481096932
25557365268
1579533840
114037757812
10632657105
121825972
176125402
856258406
80219114814
10215018
36387066311
144468303
1684926451
2022639295
102953548
25557794523
346548681053
78094831306
104791450688
311861372048
32185526233
24197374772
3302800915
23744464590
27364568712
67891885
287060950854
430506380
6320768563
2333412616
11186249
19139267015
114089953357
5805663839
96500320268
557045790629
9381157
4244819036
75500946122
560262242956
4385856414
3193953667
29946900787
92158923145
27364706318
81864728266
20732703
10518133915
79371513
61385569962
24851171900
18837556402
10369027526
22488408581
121775685
30462216
19505086222
163657244436
31980306
210000188871
5460160
292677507
96578622458
18827706394
53774000615
21949538800
358240775731
91054076
45460902359
1822720900
101680582528
15968648447
5636602666
2154663897
2050923904
169029730144
132134972
35913354
1579856931
1145103834
76958243915
447664803
143091384277
5807167170
349494015483
94776714963
291561361
24851123959
7775432800
6184606811
28533553113
32015174
225984278096
245387879305
247449969244
37841207258
5561753019
4236233066
4082793115
10215076
311851154381
59503072786
10625460705
714670375217
411439797338
154173262583
590180588038
10024845820
92097052846
175822186730
7482942794
137982223
45467093810
87016154140
795821404608
749217533623
24851411280
27366843141
175838642724
64751930604
179344888823
205366336817
144397816
153939631
2931704351
1136507478
20225608717
2311016425
41533594107
2154664066
275001404061
5567043390
607429149679
42492806948
35801661
3656052083
7463491475
15536750763
2325324758
85510663
4385971672
5749159716
273627738604
856351458
35810800
91169217
34249265523
172551720079
7793318192
10503009142
292194520
382178714
230895572145
17254232650
12917141414
325094183218
57845414750
35892669315
3656052719
24851242178
183160580061
7601865232
442064
10634696286
1188500783
5567128313
196874548448
169323884198
392200747
92152448654
27366251223
16435366067
179011499677
275001559107
2932057314
93718813477
10786309229
346552881216
13384775948
12985477426
174735580061
34202966414
75363929
10367660416
5636004418
178516821012
29949899014
19535210724
34821295
21889054123
157222492
3655804340
21578409
3647707316
36969660428
10626350889
39030494541
179170283676
2022789900
17005476615
11274870993
8858136442
5768589045
204518702317
180927781015
5805156169
11339725
91294389
2457940416
476068281213
231992313557
145454401
66627135
12703043255
1376264665
174735577424
9848000645
27366672708
27364712101
91180451
5561759066
28551672988
1711363
137390810670
36772278
36987268335
39041207190
641391839615
325550089443
35891547231
5920028270
275038894782
19536042076
16569141806
22459227784
5575738034
172718863591
1721003
85541039
91181459
18831575158
34342441060
14113140
5567216240
13709708632
86219103878
4451526934
346372484165
16521700865
10367631691
56419807
2931709779
51477176739
66625309
5570381615
176157147285
183161772284
741431297
32249165234
16569054371
51932198431
191299874510
741431571
27367128410
27363925419
10367687926
230322619057
1706033931
49465849229
279786736963
25205419390
10369112460
9379978
3312929869
264263621
153754073
157006883249
50
48330354012
805208975
1572538381
92089095684
163486853020
5776268311
389374879
7377479136
175881641151
10625319261
16342996
191773976032
18533086541
9978823580
211278907236
265120008
35897614126
5708640733
194848128068
2154534072
1132025972
47733925953
80515777772
559015370772
28737681170
145465549
198551024656
13239469337
3654916243
332674163019
94667771627
153737125
25292938379
6262937872
543652527969
18833178681
3314653359
5806384992
92161272388
6223013660
205366363698
30715078368
155111837397
312022746479
1887124635
178176672765
87859091491
1579736271
91312377
148047989535
248412352610
144958742787
19491358329
19094444788
294507782
325094229854
54540467396
32251254704
175883250713
191937414200
153478168571
50790491846
176153116847
1579579756
5750291447
1557085652
21936984993
21999407918
731948639621
92461915
13710830478
3648162412
6221965201
10367641068
56305630
231543512371
52215086610
309501795494
17366816395
70339943042
2509890265
20320747260
1684937128
17006235203
1416517563
6176902777
50494374943
5638201718
192266299014
14107945
6223730859
558993357316
125920675
183302184344
28493513599
1183455906
10522002028
441217
30733180017
13790079941
153052680224
191281786614
194855150129
2449721480
18829358375
155305279
5562347947
7256880490
79383165
175853283949
182564466119
3656063164
5568818143
41481587603
157006891547
32351507040
3194173413
1230437497
25297380878
9983819504
10201223663
10454908692
5640488650
13384696920
59503051431
85872626
559730993110
6864560850
3460036173
159650087771
1128154952
263784082
16435609331
558993357315
52165043677
52213541483
856511467
28560202604
79261240
189389513121
264973861
556725760548
276646800093
391374228
291593638
21932022130
1822742748
18126444161
5607190278
3581480726
211197452693
281679039992
22458731645
21986881971
13242438502
62184082151
24851715657
17354301512
66627558
30748588944
375997213521
263781288
188736007211
1579845257
13239309096
28543598646
5765100534
300337131694
50787457013
311990121964
1132516762
291561297
3656083914
339953061
3312929855
56419925
59708407766
3423927570
24197148247
20227699700
4905410376
56414559
122099204
52298011817
165396926772
6261369769
174727473298
11353225
80286759276
17005436675
24272636013
3071589679
1584102123
9712274471
1572977136
13239601860
4878845824
147011290
3645760935
47911422583
28536296349
79303571
169927074744
10367686704
34252836479
9982600856
5708105238
211195952035
81789851735
144613894
284663478589
13713874861
28079637940
294506057
36986983540
21937612620
1659565397
207767227254
264458913593
19369552404
43731422100
373578944036
6318582278
10368494259
17885828761
91182638
82166508786
80361410232
14346724110
19278482697
24851301480
12192506157
168951117053
175798700566
3302805608
9712334672
21284871
28779531608
1289430606
1579686811
272272685768
168770294415
579734728
20736635
183161772283
13710292069
86981428615
172551670463
182863792295
23077162017
1891952165
20736702
23624276714
146585534309
527522310
210002481122
261165994729
146476520099
28548874520
8652087602
856270563
23744674486
279431676837
70340996256
91072524934
3531588792
197920873522
294464842
9304957828
264458954751
157006917096
195224843253
4459248955
7390620090
10214952
19504674453
144757601
85537338
18852336681
225260445361
123371326
52213674878
25559709201
277033568430
136364990451
282667054
191460311773
178304411482
83426178451
34834981363
448046615
491825941861
35801673
335643716960
4458912558
309657630445
16458010710
10625410256
70209835990
491825974777
205425347255
6260752640
310498976077
4902963058
263449011
80331448539
6222053894
183286078674
46535020457
86313510596
17005444164
20064201
292659456
1375614258
52214150448
749216591254
276646695212
18114139446
155952580245
194848122816
1512522827
183294100903
72030279519
376022632490
22709348798
23624114861
660106426921
773915340325
178180819146
168770189862
294523515
22785452
183154844033
10367685166
731948824465
22524397350
17498402879
30633354179
30633981941
261510217990
144078393
16521920654
183278062459
154134280
6319761283
49688997222
178093958193
19504572289
5106952845
2982028915
144754491104
19273177312
28782399738
44142557573
226026743787
141867499269
20310953466
32341521185
35876470136
6264035734
519019908771
91054195
188734572593
105214824143
32341316080
14660289676
284782493856
169171604472
44794262
133013740809
5777511625
168846530331
34423509850
2118893653
5567107522
92027503704
9712332254
211993686084
197896772735
35521752
2682520803
19288077443
24851429917
1377327253
7377694937
666545338909
350735358191
209230399257
38652136
6318115443
5639252262
3110722073
311862673245
291102281
214482970337
722847293665
80292798
10084806632
92638571
211278902063
28807039102
175796629145
1375379824
28542619505
34252588771
27356912814
24851429913
1806576529
210002361786
21902402911
24851209732
5567107757
5555193336
272560466044
284656958830
42510685486
1573855386
33687010791
52331817892
430538884
17354501349
34736484529
231241570303
6264995715
28549533177
112892004472
27364585936
300384994588
23624094483
447541513
206820826835
104791384729
32253347229
50719261765
753443211087
21916471954
183278062463
183282075923
22608485365
19941187236
291102084
10201349678
346548563793
17008596885
375997176468
165395364011
32195660674
3302800642
210432378394
4254121628
188734572590
21995726837
5636299515
19534228284
15966217251
5561728814
7604752599
3110476705
114078981867
32414102165
19139628074
217873551
572865394
1711454
38987425407
34151521
731145855
144835123
19504659069
640074497
3451001964
3192492119
10094969405
8016
411449697093
140431742
141316561518
4907147153
284782509917
291102573
123234962
28542243993
144269813
38727108545
226027530565
151123061488
168770294416
77441913582
93518775394
28963651050
66775401
123201340
32201766210
2325209897
1659090741
32544314101
10632708303
556438064
3092537147
442280
75374268
104792155196
1944739767
38991090054
69209206977
24851230183
27364188156
10204725198
141316619335
36050118052
34743662322
19504219991
3071715633
36932631
278531192232
144757033584
5571306219
289080424798
151934078
10468738706
31980132
351507415066
291536422
177600381
389379387
169023427280
56323761
36050137019
557063534708
183359270064
351964848167
10622193
326669809077
856274338
30469830
162063058099
230381798113
3194073495
21408534
261660557685
281671690788
176652997
144800685
102962956
183314497075
270477479
3074758528
34143792
41455157217
13235397965
154341182808
157678370085
212050340733
350676836465
265399557
3194170540
32199008151
212030368284
749693130707
10367720505
559932109
27365300365
28707343507
4254232071
151059919718
938986136
24272837455
39376489208
184737532378
159658035319
169926575334
375997113399
325550248631
42490534211
196866053407
231877981353
373220226718
273066729550
169926915217
2341675977
18827247260
263782377
137424984593
7376908868
10093334720
50781796595
1575664044
20737021
11272933753
138894420
7534733567
80238832669
182440446942
10560563632
294532453
7390637956
17037105309
350755739278
10367702089
1538777064
191947452305
20858399
78189416119
350049762116
278531188886
2022721051
23859289280
80677130410
86174011132
32349448081
4285107386
4676391439
34377797474
176120657509
10553875463
273552963709
153922541
300387445677
71684228614
284893393725
264459067875
1230904762
236478140497
27365427758
30722656601
226027802669
6707252
226026743793
23887110761
361038297747
264459501381
263463949
1970135414
183278062461
104791649856
30474098
6866224543
83467573636
17010175716
34788993
24272876719
5561784539
101671816870
28565625331
273552890997
3660192555
263782708
2319173817
265706075905
144755248369
114076896287
247449810244
9812615325
31483763648
16667941781
278587148853
23744454675
14160650849
527516967
1721001
62053140456
41534815621
2050888392
104791421193
17354449684
17782019526
226027516164
1994296523
162128743060
250621558169
34289022400
17853088935
350810098715
31479560042
938887004
42832069982
19940156738
17254466112
175788958420
4242336892
20224598230
191260424483
52213958563
22516858203
164945219631
226027303326
1639302826
86691174185
183160580060
754096607028
9980319009
277916102248
5185225573
373216029034
267169294567
21361385
144758592129
178737009905
18827706229
2931703283
96790079623
9711919708
10341940018
209989116228
21943131564
4664685085
144272004
41888134888
10730068751
1660019237
2472153904
169321673889
35871234843
178737186429
6322779588
11079008680
507358371760
177695630683
28707555570
2409758765
30633197241
324764825293
1712881988
272639222960
206792725057
32448760411
15536753078
9177130911
25051291592
6864210512
5561709451
61611870587
13790180004
5708097654
92045936420
10517934239
92035739911
24197119614
34788911
4876206303
192019902402
92054928587
938905380
204607171893
442092
93718598939
19534607787
175797206075
325769343188
938982201
560617758340
183774590770
10130422553
20737079
55707833
92431487
10367743628
36135022992
183169237303
133430496326
10793484681
27365362146
4385851782
3314756626
9985858382
3656040379
205366819434
86157509
21912193150
71877639738
4702869583
16521343271
2315415384
6222274097
192266309170
34416857473
3074879667
28545936337
578616448471
66774216
27363156954
475567326070
5708701256
153982151
21935749236
8792901
225240361925
10102480795
10085718281
10625355670
175819315130
92573462
139989228111
55720789
140432173
359091776857
21457921222
940094802
9719717258
157594812772
271789343
4236304776
683283412460
211724396981
3065595658
6183169590
9992824944
211278987876
29947770976
61193923975
325550086150
55703839
1879621983
324420861482
103068646
34821710
2325390955
263782718
263780916
175929503388
39377672286
32253364204
21991714008
43738759009
34206066567
369395046739
510620358
192802947
101674383778
170186007928
167712542818
300335844314
309502959746
6223332227
5779260872
1572136516
21736395218
21989535332
242089309000
152880753285
16331131
10625324407
225234320579
2722524736
225928143702
92345857
755605733773
275001630764
19327070792
37371360057
17006586802
5584357002
24273669841
1579750543
144130838
2846950859
13245045544
6864530455
3193928713
30714418997
558993142097
35452312448
10425318342
1712870693
52164620209
54556137791
7793512165
10215991
15024996208
61097137326
856362648
231762682490
32015091016
3065678660
22213632013
11350317
46521284778
3095411449
43445879927
3448021647
175814086623
18757256375
249752968639
359824491529
178134867511
5562151732
18832135062
19288426527
68671081225
32435560389
3302915613
176137876535
191963226100
17354132067
10578332398
2325210250
92156089558
1539035801
225460750303
13789320406
6866204329
80312957
1682369694
15581985087
24786177596
2830663056
225533851816
169171655116
188439405145
300385311041
221816611104
79453451
1887164265
183231409057
66626727
156621671
577262267307
291631396
211275547659
102983741786
312028034690
13239424237
13245638234
3648207444
27103922891
34377872949
86190159536
29947988179
102979795647
153759591
3194170542
156428869486
230914677133
39946980757
273671096300
5460086
30469445
276647864058
1140153720
175810236008
358270439182
92036502051
34229301132
41486859355
175831796786
222437946769
758570485323
287664939834
298405980163
13726547434
27367203157
226026701817
144266349
29943363391
175801344671
19503974779
2325439327
19534588040
10557869032
225960208180
2311009805
1579760838
10511966391
151829030
10450728411
34248727859
19399786596
96104186
145663034166
153940548
13795841916
1538644358
36985787228
61911217816
183160549446
182136337236
71978356001
276447694128
114059434601
5639593615
359742304338
154774719131
2059893214
6319761284
18844144882
92068481836
91052539
169334902475
5562144043
9379406
753217262124
155
13240065175
284782132042
10367688048
752716958113
332675196354
13244841982
325552981643
171464248838
78169810710
10880091288
808248588
264302766
22005998373
31481093314
10625477954
32352620134
2022642404
32576670668
294975048068
30735886484
14581595299
2449439492
17599931877
83419094546
12896384457
272304894549
5106953378
168766836416
2418710166
6864159939
163360758860
284663255271
21421081
127017846813
9177222520
36387350139
11341797
10452856344
715084009274
92030017107
5635808807
17008608875
7482875425
42487677229
558665307651
144759179
157298904
10060063931
25559730402
155665979494
4242312768
94
86190604906
194855414660
129581353106
169272416032
11274745511
6393835392
78181189504
20308407179
154415911734
731937779884
21372307
176135760
21737466959
559947406
4451168714
155158307
12896335393
83468153539
35871577042
753415958911
10098629883
263644892078
153973781
311861370788
10625469817
191282798914
102623537298
1375505282
103054521
1660438053
93512376476
106982097779
10369077378
17254184169
3194098040
85531848
297856992665
17694012064
10511998394
183189552391
174884671599
94457597171
141316658835
30721643567
247449929496
527527357
2154534089
34144050
17354551426
2449850239
96917056612
272639222953
5106808147
13245228352
6271193309
3656067525
176426780
34281893892
1138571712
752377804309
27
28507126524
176059536594
277714907182
282476806195
290348050110
1703162
1821806863
17851732890
10099221416
22566197
284860092270
13789267133
14581551916
2325184318
6307609
43742422740
1579247074
2448115072
34738754203
1900420560
24196761555
92050489863
43995164778
194848187376
102893142406
2471783957
21378224
17005304672
260835695437
19369793905
10367683629
3302800643
85536795
752289433404
27363158625
13784007474
198212096806
219478080
175931214605
151920044
67892808
326309538
19300308322
10038309950
350560739342
10626770076
3077575672
6223666593
559720217688
143760039953
749174068354
549516925
85518779
4681557403
114085563469
36399072698
16458129480
149069824709
1691551
144717678
225219140100
1573424692
162117248894
254240519239
65930879495
22459205689
93511266754
168770179362
350532426450
225606995309
1988264458
183354141151
140959312697
13858340262
30722907230
6262684843
3593332802
10087732777
114080903944
27365995885
1289491153
226027684133
32348900678
168843951255
121128744766
3121288359
50509901
122170126
358240996307
9711867118
12896684285
5638387112
144534846
7603674785
33173346135
104791550372
28795898701
1377624515
30482218
28560050037
2194071154
168846226561
2257104941
33179534126
34200845103
491820248246
53226464278
13461479
4876198071
19138999775
32864804522
2333661678
34117225020
56420027
30633485213
32974316023
309912480519
23624518912
3194167737
80328451442
36992193855
28532189673
264082655
78231321357
43886933152
144764181538
84354459064
2333354589
21394599385
1659101186
1572281185
191810280605
20320828250
291251504
1578186404
36983966331
1129034081
5088966
1080233
1375388647
17008944559
1994641823
21985842135
4284807560
10511928029
82163453549
807996149
92073786576
3647543167
121824259
2324903088
3656063979
18543228587
104387690124
19274429320
102893244771
44730571
9711919710
284661164205
1721070
194848187379
9712041048
71979925955
789100737823
30633179777
939045173
14662037
230276569077
82401555901
300335661629
261259599676
24272709198
687927389715
298396845767
5607225286
27362866023
91133670
35971172205
71877295462
122254947
13812660463
1885730572
121776292
180811527623
23076219861
20737012
4385850073
272349383424
3302800908
11341006
61377560712
183302169111
343649424611
217583677285
291104698
13243696437
32354554743
103214837844
275498724816
20371474904
6319389244
153011121908
22609400561
536735106313
46520893013
10729494694
4451111419
1806836906
152869979168
206702177909
557652881432
20370500552
210005644671
247446310579
144760282
153956320770
28539095375
7759867
247055322490
205366537831
183160545357
173258809078
7603486410
544164392694
17005484917
43733853206
3678181429
56309588
52215524304
101663601388
230331654541
10367688055
1133609642
27365854874
13790209871
28961517930
2931671811
1229555143
246858915972
32905141331
22198478534
66639219
263786267
39376535278
16458010130
35959254746
799517737694
325552181546
5764353264
30633193517
4450799486
7375392349
21969755307
21458195570
325550242828
214176474974
350497685877
5570031327
28704045826
61795980474
194848203416
557120096418
560733163
31980792
38991024184
102895719
20225046710
40
304564211
36713323
174885971836
265352348
1572515675
36387479063
70609462196
33179647013
183224300725
24851561816
60896782781
191287829137
374922944
162109190155
13235427789
638505235189
559854830
36711825
20142268800
10032158268
3302959700
10049742432
1721811
23744501419
91169219
14256498
17006078533
373578919856
4458912559
1132118056
20826202555
86189720251
34198207202
20216899346
231225931158
21818113143
230352752429
5774321668
178180744723
52468598683
16364177
1229455283
22875238814
70600359027
27366814517
81788845255
92040520212
21972208265
27362365724
63669661210
23749178781
752236349787
65955410
6338793
25955858
9716681674
47847176056
104794994577
27366760573
26099523
2325357506
70345795948
295462502002
125309716010
298349740946
9679670777
173676748649
230881131936
3194167598
18832456207
148801687744
226027516162
263173293626
130284070597
323641358005
17599890692
36859031511
247049593461
2318917593
4245593164
24851410138
1713004555
15581701554
7374005719
6325153247
82164602723
291613384
42239720893
9858851927
503490843338
1491518304
2932053721
300443710491
96499143977
17904165240
144564414
52214046541
34250925780
350609402149
263547708
67381045571
158505648969
43740963250
33472073479
17782322819
34297601547
121
14107913
3251782870
87040311127
151919870
11339814
24851133848
16521627682
183590500918
1706053928
30726277204
25537020398
104791526319
175859747550
3656075138
41826123598
114092754286
41533615261
169970661748
157004854553
159640248698
18842363145
13224026566
30211373177
2118935419
10507520343
10107282100
655438677566
43122170210
17274957921
4241969992
116291838041
19374261493
421747136481
19171882705
183161887258
10730790520
19370360444
6222215353
183590395324
226027226678
31980321
33151706510
6618939386
1897846674
13239405975
19940550134
30733151713
91189628
114073086465
80091015
247054268714
278587185653
2195297635
3194207327
300335732684
27361834084
37561978066
67250777903
373216029037
9716019212
95136162353
27366046062
32349893873
124546986702
81756711
296342736359
155401677
351981249856
358256738860
18826600311
16481622031
3192178304
35811004
20320866474
137426831759
148904363028
17128235062
1009303292
144098965
15536753079
34229528518
2960646992
1375509416
1886045701
139079632
3418891789
641411776164
27364677189
303477322
3189475940
284374952206
4245067745
324826696060
92256006982
23206574
52468494900
34853055954
13228107339
4451026020
211690509757
247052951610
2318716783
155111719850
107689502
55713386
46523566115
3192661926
15536710163
332147317922
171482499233
145072798772
205425511625
350748641112
27363310614
182136280590
4235915281
28562990370
226027671117
23962234730
10102043471
4680377922
207763990373
114056960612
81757992
300336997879
245865923477
190828512837
265120734
90718205268
265247252
31482031171
3302128062
175037501207
121824680
121823962
5805762513
92150593881
92058713658
27366871236
29946646373
28711572920
181680575517
1886853879
4451482350
24208224670
13722958917
247453313597
5650319966
1879606756
3645443486
303429563
1970138905
139036149
34204419465
10215863
6323034622
1897755005
537142054931
263782714
3302961845
5089836
10048793920
7603392250
44730584
1579462344
278586938358
2592504599
34793361
10341950941
24851429908
391490178
3678181423
172858799716
308707851868
80362296856
347553450016
2195361597
1640208836
10036605439
30715971073
96914917363
557572350080
442132
133428869442
56419600
210755159019
10222336
265112828
731228678
140130633
1131043630
151945228
2727856324
1887842507
856549069
30633301398
176426976
4236304770
282480805013
63715379789
145217320
265112825
269805127077
27363147357
10636765594
56420904523
2448204176
31961068
86185589542
20225362536
18831583194
2339265517
8858305419
59505663781
34735120231
1263969384
4702581373
50879123979
1128665181
91066664
230403827764
91998085489
10449187245
19504816496
59504599486
10114501421
3645324325
10205660427
17006585900
16522019343
47418997290
211690295093
169023422408
173703845258
329966138
70538022067
24851410137
1763885795
44725542
24205762237
96914845600
273859252152
527516970
314305142113
176152092524
225507811023
75623667758
17006842454
10559377463
1894235173
4664659713
159512278875
1579499031
121775625
299186673271
2832909734
10368505199
247054311389
265150466
10452803212
29972782321
1377596912
23859287770
9379577
27364248213
219328830
2402892251
17128667209
192285356850
3678274121
3312617612
17781896615
96915990488
20736694
68665908129
741365639
18545038341
1580068659
168576006581
529058909
34337806634
5918671385
123461985
12188589453
78094657005
3302808892
1802833189
205366363692
226209057945
3312622738
136345763438
10068555108
28961812339
300337131693
5764975158
732062390698
161808001939
49967598402
3645401871
3645315481
4974110269
17006293782
183282075927
6864201366
35801907
856383595
178364098898
131854337677
1375592480
558993357312
230322619053
28750916582
20737866
2960707648
30740179427
175786431944
360232097829
19504510271
50511504
67406649661
2830472302
213164871227
749172465962
13784030913
284860265350
805356473
8858187798
30745732661
263445035
206701697880
10511958645
28507624125
1557062182
92031649338
121776247
3647927377
24851327261
92595100
3645443054
36730935
10084826691
233167313185
1135724185
24205762236
273549531614
34298985033
280272726377
236506869749
48207138462
62092214284
856346730
5570664409
87378417513
10503094508
20309315185
377031589
24289989731
6864807391
86198784202
1229320681
28506963015
25293012532
49061631559
3445101487
19170811551
377918084404
274193567807
153444917212
6322914153
2061615849
175787406670
373578576841
211275222195
6319859841
15536709703
2832872267
10194993079
378113295
1416663170
45471161794
152906279320
1711427
27364091055
6183509947
263445392
204032848090
5755629018
152889040361
23079627895
272421987458
61192194186
6222149229
4254250477
20320738559
21990250648
45459322881
30747343257
2449672674
2592554176
1377618117
325550176712
16521343269
18117503881
3459569323
4385851781
1184622824
45468381617
98584399579
96499211017
80292508013
9979849755
28578730770
104792148941
5805309205
27363408048
182918040128
369395060826
27363535554
7366203957
78147959824
144076930
92131333225
1513514770
2324119909
35891731500
3648207447
24851211304
332174924997
769799639812
23109067982
375997213522
300385181752
23859832807
96600298820
61379875695
604270899059
30743877074
10503032945
258960338541
28799285495
14662403
2670748240
102895713
50281371678
300221846958
3459813324
152514848681
2195386921
33174252419
123064522718
284525809668
11345043
156373796135
141316619332
278666194556
172858799717
10060112479
21457558377
16457968025
328225287012
23744451421
19946485574
91985395393
155155265
3655919191
5804863040
18541514820
92039127074
350657420189
286664461412
270606904525
19946344742
5089324
66623414
5583688119
24851699407
96788073388
3237272757
15536553980
226096623476
204098769690
24744630174
10633963002
376496843148
44506142383
144197820
27366522535
144759157
153924520187
5582433717
2432408060
9712445483
250621666392
326361530
1711394
1579722617
10558730626
10729108864
10461322175
264459269760
32004475384
19399774115
66657325
18830036267
3648139343
4241946476
276647864452
19504716151
3773349950
10625460073
32977333960
14671280470
23859191809
19300631553
204611418184
447976049
32434351118
20058440
91219308
641382716840
714791573121
4459193359
183226304269
211276685367
264458829365
10367641303
808170492
19944777230
3194098038
24851132592
376470212606
61195762722
6872401553
31980301
1579751031
169926060614
16457446673
178312967879
158988648159
3645707258
122049109
1684836783
46523495382
21548360
23859520850
4385868293
144564490
144940437188
527527596
30741687250
262420744118
725847165969
1580068576
2154534096
183300160530
666516084248
11275057677
355011177101
12706558890
211277814618
1377899666
144130843
1684994617
154986689
139868756178
13242701700
27366681988
27356972554
1376989327
9980220493
44389538915
62155202
42479977724
178180896833
7373532565
207260031080
368799703542
24272650398
752239223975
17851372108
22709822285
10625324408
4681643674
19375209827
5752273899
92125612559
461396321
104792326080
19504716150
103267158440
284515513460
52168907708
714668327023
1136701842
10060014154
28774254087
10367675760
178711044348
44776643
24851636898
10041809143
10736918588
4385845714
55713709
46521456212
16666271694
314298549226
284522655910
22879704278
153976448
7156603053
169171541393
10087014494
1128692827
82162837530
35801177
92636772
50766201249
1131318114
8859345726
324421168401
2449721734
34863529454
6864309652
10107486878
226027516167
6222053895
19399546574
323674362926
85518143
82164162496
66642572
102895181
10631220356
10447621258
20736674
3074790653
157006933851
50589417253
14161525095
273822066103
3302959707
17023998897
263499612
144757707
1690312
28746855430
741431301
4876183827
17006045260
78182524376
300551665176
9983861000
4676378649
54606698800
32347158378
3645775085
10367671961
84352901635
17851907587
11339271
19399752388
16457446508
21937650850
198157008657
27366051738
448167389
10625460231
3419556
180811954404
2315412306
348790468281
46521248891
102978378
56419945
261662567432
30722650824
68665927681
21987007927
27366064617
13235388129
6738531
17782384174
34247720537
1712224
35449837688
325550370658
27364216931
22515361664
123197859641
3423995715
275187619698
21457558378
7372608251
91182631
19368392637
80853473
52215313372
155220919
10099813015
14665719978
13236510080
418232229884
248519095264
102953537
90523433191
173682791164
144336440
2516802337
263498052
635498772888
92150491695
358255171335
51579469091
1579722616
378212086
4905261218
225617017526
21458214744
78182587789
13789100692
173025971210
17354546537
169171513477
17009940383
10556225415
85510666
1512411254
169321844286
10104478236
8502688388
3449716041
265026083
43742036673
752236955589
798756213850
10556066201
19503370994
558993578237
461689243308
21916459494
558993736185
6865881892
856349315
1136076919
153960425
10367667425
172666556361
16457602319
19534952460
71969689680
273480502789
2472134731
2154663893
1377641300
2172321450
225539866577
29954310557
3647549918
144534746
11272755112
5635722581
42492437843
20320869436
173
144190235
91143056888
81758795
85518568
183226304273
143091918501
226027209655
34191171345
2310998934
34299876655
93718265357
1183793661
732772755210
263830540
157005859459
151934073
183240573328
19369715583
1639288432
9989712949
249710954098
2357139911
28551663406
191965664019
32015432523
5751619975
153038477714
13239411613
4695677410
6222398953
10025871822
749217095915
30718179141
3194207699
277466148729
21996426824
10060025830
17794479924
96916336082
104791967256
350703252198
289060613663
778978192308
3381834180
3095177262
2315418860
3302227792
752237090024
1879606343
19314853479
29953328467
146482315575
248160913513
32366383508
10214949
5566993308
3110742279
85518316
85533578
1128278719
3648205381
9177119181
2557066624
176153116854
272564617475
21205045
275097495964
34740426359
261662778234
28727353367
183161890573
5518574390
1229234153
744012925327
91056457
5184332413
32193982726
300335748111
11275232689
31980121
28563350420
61817867622
24851223091
16437805304
8663741128
157603778712
9980035571
359742304289
11345519
104791951844
558993450160
52214289440
10085722154
34203282602
230936746566
225617013035
3194171533
430515134
41534972228
18834182821
28558638640
50777678745
183161700152
163611630863
373215869417
258583675991
6865532382
19269078706
9177189645
17354548613
144335655
377918152455
287719893291
6329680916
448308159
191796082195
311951318745
10622297458
13790577730
17100720244
10625331736
250042855298
1461488546
287028773584
7377884104
180297726507
148049015978
738868244912
4236245054
153038015921
210002433085
10215975
2290714850
146475860934
22059913355
14667189035
104792289024
752166788807
753367232855
17598937598
191903196322
122041653
153513382097
16328336
38978152180
109352466354
144717363
25550407352
2154663844
448035571
114071760552
1712232
66775395
25557348786
52215599107
527517027
5664970333
2932053722
231247610889
66621092
144460932
165395086366
4244845421
31465648577
247055359908
21400225329
34244475931
16457660734
1376504123
560262815619
10367672087
4876203581
30724378087
4262617105
28572256192
1185493605
62156446
435910218614
2312113138
182136365029
10369006817
231741948399
122115731
9579465079
1579503360
1970140391
3648139199
75622648716
1684991135
6264924827
10382754013
2172496009
3647707317
5609329094
13608331069
1659712067
9716926909
35811071
184091475631
10539614621
30746224562
2050887786
122244951
27366550449
204611236926
10765701442
188736024403
27357899884
10879756462
295344587
1711372
91181461
78182542052
19373095086
32341462495
30633297823
39248955
258584073253
161990353015
6322790100
211278902056
18838365012
21937626786
96573703
143876847279
21200531
153720089204
10206089310
61372770042
64016556
216840685318
146474448926
11197990
34793745
10379794684
749217690398
212069486326
170932904586
272560254751
752239188814
1691116
28796590534
3647898168
36050382231
21936348015
20291011012
178164996556
263281724931
35811820
1579750609
1511911825
133426745334
27362511097
557670689475
231399940996
34793341
78147959823
72033721783
460314811817
3648139195
80538125
284860582598
153418528061
1136701849
3648207528
560208482
14113139
231117749256
140245746100
2722520045
13234884986
156458865
144963418289
3655883590
13876559215
639857499553
35891557783
14266185404
156210227300
273486300546
91150575
373604000165
211278907655
211276745648
263449009
5805159902
67382428964
3193973137
20299234868
16521848889
302237852397
91052136
144716352
6864598857
176138948082
1131183175
28009367103
727975563532
25537336289
87019715343
233938224142
1892631006
279782315918
27365859353
204612425491
258562650794
323641358004
16457579416
20736901
312163004054
30716136907
175799004848
940094804
109629193290
641639765801
14584301912
121771942694
33468430785
10625406252
5805372636
11295474752
87780758335
1377783458
25557601202
287028331155
17005619157
799517737692
311861347475
52166698012
263752536
291669405
10450044556
3459627502
36766366874
1887842486
527813239
10517926098
3330751651
151849087
291102401
211275511266
10104149372
430531387
137433106735
78148038821
13462301
191972705170
36406054819
24206715284
1894262695
5806708932
45464478410
4902584134
114082838744
18543991370
20257
3699656764
140535519
10367690433
28561940000
61377838961
21888933324
175855908741
19534510371
466364941
52915282012
153734371
430514377
30746556368
28719095397
169023577066
28555248534
258386297132
30712994140
573249720
3581707632
122097924
326311180
86122398
176125462
121926994
7601954235
231741730676
278586938353
5567024270
16457551774
4698672046
1684991134
6176747540
1579460569
2447775396
560607538347
231242489995
136348868291
30492750
210002424749
1289283414
236563630464
332674186267
247453306143
8663730883
27365401054
183590428177
27365312882
1685005897
667274284809
2449022695
183161890562
177695630678
6194168431
159644716037
78178716423
169326886461
21178098
18854026764
250625138201
155154849
31481225489
178180561591
328188832682
2409120709
3110473739
384666218602
2500338865
122032413
17010355425
3536042948
61374975066
23859179323
84684521262
20212665000
24097745025
271476606398
27366193518
447623603
5588924808
168873702733
225677122289
10368075309
91169001
2960591852
225533851820
128592649
326620745875
231227532350
21923332395
66624869
64501745129
42494644559
389526053
10367673141
24272418182
527690641
21365712
376470598348
556030979
159649830532
9980101519
96915541337
758571639020
77415817594
19504219993
359743326505
105214127775
144288793
1018413242
182918989373
85533335
21457587467
97490810461
1376556411
359742229333
59709448852
144940437192
1547468012
1936411
265030490
5809468358
350609402148
59503049272
151920043
28546853650
18834257918
376470327404
17173885464
124543293058
2471610442
346548607103
183286079131
389241873434
2958264233
10729077477
21035204164
11465097088
18845192928
32018554803
28799412105
1421103998
1377377761
1364786178
749220183466
17781449411
332720563297
82150405563
91057700
1183277478
35807770
10453341903
261662876357
3655997119
91053129
5567296728
14306562947
17354413221
70529420015
4459198729
162131759619
510957451
430529293
23744451423
169321838956
208966621347
226212181533
114066999105
17904216155
17367112609
10553505197
5774297027
731202799
374657173
311852449438
447769334
129679379174
11191688
319978435
155976145942
80097446
194854985297
263781282
4385873396
5751621761
3654910274
430541951
1579786949
96309905602
6222368858
334592988111
128196813
52138037088
28533986194
2931684442
121610396
145436649
940043827
183160545358
247337787347
1572502135
153000062411
30633253783
1822711434
5580383745
6182582387
2325324759
21504250147
559015840761
84353399916
320128382
749659944522
80363649461
70609568676
80359609716
81117362443
4664698099
323903476046
2195633105
14256612
20738220
10367640341
10068589357
19274694721
5567552985
17254245401
38634488074
13244414888
34843538586
1229286438
10588128982
4236304774
263776188
350535602244
39377423373
376470209477
2472133853
15585073534
20054157
38000778308
7755930
20737110
1510434855
626382911335
3381963996
557677850556
136568972899
144755717
262127945437
96026010
67390708911
151952596
2508377129
5768046166
210002207148
96499143961
6221929414
20973859
1880042620
283536504203
2325128731
6324033670
15536731187
16679313289
7378726402
8651956171
324104573477
2324863832
715083935310
28543243323
202170266252
3302091992
67380491522
299129089662
19504543380
174287422032
1145834852
58066086178
21977595050
153019177473
4236199178
1134085834
371968172365
28538590303
370438988797
3645401869
167329591652
169023386994
9813765975
10049665109
1578053733
2846905316
1685019871
189697430358
80292803
205366501598
20736724
214484535530
1684865919
14581595297
123268754
182419020421
2579964925
121824610
16328869
32023222814
373578658375
31461928419
247449782905
278587051210
22829795932
154236803854
3537939068
1375641749
21307763
2315264520
17016908481
325768661554
55051833116
1944813632
3648205416
1128248573
527517026
6340633
1885870094
13224693179
24272948286
573518757
41533089158
79268052
273553107442
17008638728
13244815557
56419801
43742365431
225639103294
32349312691
263749448
35872199692
376717308215
62159006
2960865028
4664696694
284661181074
20737071
276646290120
558993210691
3194178344
369705854174
10368995951
29179038644
72051359477
527523959
28543167055
191924333751
9979770714
14581646186
28533596157
92004438122
10026269577
10512284851
1135267855
74094147
122083318
16668696749
300385199321
16435118793
12896501548
17254163537
23749096601
346548661518
232132847817
143087016754
42829438580
44793746
28540306152
79279138
183628105310
10634696218
10461322582
17354501311
36771002384
28076536767
1711359
8861590345
44811675
272560034173
23859189348
141316511265
10469093617
1511151277
282476833824
319970684
265228700
1805832191
9177197392
641389721549
14217980971
17366922243
2722508764
2449812804
51932606678
122246452
5562278890
175791442517
2998776602
7165716607
1684876122
27365859348
263467168
5708693565
35895933101
152915775422
19370065411
16880575
17010911365
325275971250
2449724078
301159355041
153947830
139868750843
54605822397
447610204
32031711933
178179521528
10632579961
33175398819
225570988218
210002433084
13228975535
6865464066
447671921
30742229257
448046699
10880335151
263527213
247054007002
225984278113
27366237655
221676826001
195568995917
249689167125
1132531765
6864599088
11929373795
263475207
16903920933
172917167820
27363158624
8857966060
34826218
78187211732
10192397738
153811987
155555042493
159604398366
1994348731
175809893158
1081377
19311676141
263463724
300551797079
123188742691
290883234710
20657415784
123371173
5607700767
10451525672
50512161
34835747973
1377126411
154954806
358257421304
28534673346
217841569
2458365531
10367660410
11273884181
38478157209
300551782826
197887755477
346548582820
527522178
50491963707
5804709098
165397959825
19138830720
5567107373
28734443661
3302105310
233535663937
157006891555
42834224492
233985861554
3194180055
715082893847
558995301920
376470550448
21888127920
91066630
200795683857
19535860014
1721110
284780942228
20309422540
502017199346
13713979397
61377853982
1711370
91070861897
1416507480
1376335586
190
205366908856
300385256517
264458995290
16458008040
153976447
175812562027
52468586296
430528706
121804789
27356963741
14060981627
21284386
5640920077
17006273749
30722515895
32348282891
80277213753
20583751845
1081823
4263042824
2960483704
194848122187
91998814505
163974512153
17878020348
3645344098
15972631712
22830366364
10253484164
10142201797
731948902735
13235924028
148002260193
443615795155
10625407294
809146157
387285661888
273822095873
5778166049
4235910619
6340089
88750201524
278666222659
50495504368
20371871742
32357370
30726367694
32353941243
13606987988
11341010
31482756815
396264254394
6864128328
35801214
5562417570
442094
10586800824
121738409
13726170730
28542971976
323498276369
16437063237
7256881315
6864323249
70514666772
17645649936
324420910828
731162017
19509871281
182615438606
210096667973
1557068155
22151682515
225381700487
28752975546
10382777497
41499777537
71522616858
92090006124
30633378868
183161663034
231204465993
23621129089
48330180583
175793856207
708620397835
1230105424
17005473067
6734581
518951821379
34847077352
104792344445
21389239
41355411014
249202203211
92595094
325550242824
10451390186
594616289669
202891428259
277448593662
104791921918
2867026509
284655917161
10367667408
4234633953
6319510158
10634801062
4141246124
19504806618
21340778052
13245228431
24622279978
1377908537
34117900367
217987356317
153610813
10469213270
13234959036
175791139998
30715226645
18826661914
10134955458
226096623478
447183484093
304442222
6321239777
85540193
21884944104
10625357601
10206200220
6222205198
203123243894
52215334031
30722992976
2058825658
13245045527
14581564730
17354125544
34285546861
175785496312
13234966355
6184578324
16457985811
9991214625
1721035
27364554215
3312930123
70209815028
155548675701
34865974722
143880330484
155297896
42835280322
20736955
265113989
5561785365
299136634515
19310046677
85675332711
820205462796
17005466065
21387329
34311659280
1579704117
795842070296
10503076496
18836475892
8652637773
74089970
102953268
5106958281
43746683711
3120012282
335571410791
559045707618
16458020548
59962051542
5074059432
2325227130
34854112706
6222729670
19535494940
97805048192
270914439784
36989211132
236504518051
20737113
35897293152
2449639094
188682698269
21457409488
32350702684
92029884620
346548661520
2325130527
346548733268
559842023
28569388317
358744899839
1135759792
292493994
226027530566
21210055
274945248099
225460750282
294515829
263445176
65942258679
153030745896
2958237554
394399180381
14239034
151059868460
4235940890
188734896200
346548741103
20306582343
346548607098
6340604
300335643790
175816596268
265052074
144461147
9379572
20274
2846972567
10632616629
227084128658
37373388041
311951654618
221349887
273485933781
22458731644
350478391174
2932117097
212571918264
80326417018
168942158686
169171517016
10503052169
394469239490
16328351
2402408803
3302105656
27356370542
54889529306
447788802
91081123
265399578
155596314181
12703063794
32206308761
104792155193
96914756158
81817161547
32353171118
2154534150
6221995212
169321643691
16457835975
10103053995
19504567192
169171557683
12034689982
85718257
14161097983
3381127890
96784047878
1684881824
507361667405
10085789804
29497973013
555938931
13783239063
30730483774
1416474647
169321841204
3647549920
5638734338
330808873
446222908182
10037583926
3460014303
264459228422
139894744608
41506692592
9712365305
188390161677
559842081
2472133854
24197273911
29179457473
2311362543
4451038309
26099518
392302241
230257563801
58065326345
168844040476
114051604423
1659624877
12896616925
311951378071
27357008123
18827962852
37565067270
17005494765
1231083810
3312610202
25012134990
10880737648
1377323906
211275270535
4242131255
261660705525
16586701930
1184585476
10367643925
178180658997
19400020241
559843765
205366378616
114042963956
284369675070
67251040491
272639223963
205191392481
24196373875
311990314882
1887842506
4235952475
10091782190
226168971336
15536742366
11276763545
21986641475
939040529
16521784061
263347463688
1131288446
21986789153
311870585919
48538032281
275001560898
3120055452
177210618788
67569619461
175886051011
17276819614
938985218
153993883
263445036
27366727385
67382473434
192294422726
38640038
350477372613
70209620606
12193260289
596482171447
2311487507
291171749
10367689730
91138516595
2314897548
1377076011
52728943782
2324129592
28942898785
32582220631
104792817027
155298601
715081326999
4385830507
21806849898
50613996008
19503342355
272319996605
19235849683
96026264
300551688347
153300773976
1684935299
34197975018
92429350
336214659236
1376347377
140431741
81788841490
22175277143
159641090735
593757498604
152885892900
323441161505
350846639709
17852662799
1128984049
136367881251
46519365697
152884408735
57453713537
4450932869
330201994568
180297624592
46524029887
178542379136
183354148862
165340298414
188736073336
8858215326
114175229946
10368495043
284780918940
154408310919
20224881234
2448146536
752241711198
169023577068
2832838522
211192406332
236496257775
12998380022
273552869515
7484576033
51113786071
332729246410
753367232856
93729052710
3656037933
154346009305
102983274685
300753364
558993301951
169023368773
81756725
4876156737
5765096914
61197109824
1008899657
21998054868
79371545
1711342
16666525372
1684850557
10879050493
217950614
153450011996
300551877127
46542407430
1991548283
154134148
3702408124
272592279697
155163817
70188210854
2315532963
527526923
17354376930
204515202423
17794823377
17005246341
225332625646
57453806283
178233741526
21457584852
7378136888
284860668051
192268547707
21943128621
96590731375
92117675601
8655232937
32289565335
284383090587
10123711366
22084507907
314298549230
12181
13790180002
86692777937
220850573
2499772401
15536787392
263144123022
4241967376
28751597903
272560448532
176662067
196870135350
2471887389
6222562061
10637802664
6865579108
351959751637
310682901819
3531055985
225278506735
1364604149
256725552381
194848187381
13224243176
10367672360
91133067
210007774901
32341480031
61377238837
154061631
121823997
6318803865
1659109799
272398293438
368442103816
81788841484
19311202892
210611449925
10552845678
32347165288
183224300731
4905230719
44731850
5579154282
752178260496
10503031717
34120224929
291385213
159652278566
85533717
9712240998
176140095
151931030
375996937556
17354125547
280351786399
183662216733
376768600
6183847204
38986816588
4244137525
45452473918
346548658893
22868775699
27367178373
287061083908
52916732999
27366391323
82162460855
144503771
183344195491
4681581759
231399940997
13784043613
1185557718
175813080170
79385619
182136315033
178714424059
78166762522
144289003
10068476562
91146324
5561762879
300335823893
24788250656
1888280868
74464363474
236071715779
144269812
213360288252
226027215128
10367743889
19505086234
22522451630
28549364704
45461892995
5567102544
21458151868
325768698396
3655888338
494817899
247448610529
749217853940
10383612391
326364184
294461901
2322158893
263538290
168636629726
191906199730
155380110
20744588
19323216786
92061275294
10367664073
182564809251
443616632050
264459552348
1994369670
350680959748
8663747835
79277671
1821857422
14762834029
32576784766
2311258630
30715463398
225938175616
4241967377
6864504743
34144427
144717426
376468168332
5225385150
1376791666
42488453216
2932120029
92174536024
192267669484
303440805
144312870
226027684128
178731112900
174873203472
191267533908
225213927091
79462774
21960634715
710397748985
19504521751
24851699399
1997071
3655074981
25950842002
9987157780
1375637387
70519490921
1967634539
8858290258
96194296
10625477953
9809435807
231801013371
1403427
5570098774
282474359992
144172624
856273126
52322874344
28967649103
19534588039
4878866909
225677122281
154883108221
188362399299
1887803718
96500798484
7365351597
168846494490
85701826
60660578496
10368572669
1885444212
71880227563
8858285822
555979806
21375450
92153473438
573250965
204360168548
20321142013
187961346148
271515850773
19500558454
430526362
14387
169926495013
5637094384
28535352494
527532282
44793768
24274983508
282474200194
2311213560
18847950157
152560098837
226027058921
7371562544
4385850229
3193953696
121823961
78148138646
21937012383
7748744247
6182970418
225639103280
3645315482
10454142593
303412588
192273231766
68484391291
52468462079
6865919891
34285522066
228043864455
44730609
194848122817
230892256877
442166
21888870973
211275240328
1573355034
10256153844
159670065451
4459110175
6863910676
280388206065
15973758112
93750256115
211276765022
133430154394
10060035582
25295581117
385937413623
46509959150
18827172722
49025425663
27365506804
7902295105
225227296742
144940999043
157006917091
30726911594
3656038861
94648325400
173281360000
3302959708
6262767305
82155192663
21972371429
10059984195
28574734155
34210381900
72049740908
18833662101
375374591208
34113772759
282474128871
92052562352
1694214
30210940831
4685413747
12066777
19088527661
264459501384
66797828689
21943212883
3419609
225294578767
67388071762
32006778738
55052448740
1375637388
28940910085
6192410851
52468502129
102893142411
144163594
169659204483
448313456
300552134629
275680181786
61374651457
42478612524
30748956442
4253894293
11273790609
27364178797
184091389971
144509213
33686675186
144553841
527517923
23624407600
151945235
82163293509
385717789243
6320420678
79268070
590841272381
188682630861
325550300688
21889131730
856267301
11274870994
20738252
1579499032
1139481772
5561768350
21338724
59962037467
4451158067
54188211628
30482084
159375816197
2319305833
67387419932
423318579673
3110710269
461499798
13245093433
25559226245
138877643
24851469764
52183887831
155110512946
32583806824
10200919629
233938224137
24851146018
92046829143
30633280412
265124506
1711381
558995265630
13239589202
2033516665
28966129605
22083386386
5774537721
225639103271
38978429548
21941635587
5570991217
398737653200
21457743027
20320876791
82158576042
348075825558
6663459203
54550398613
67252057537
168770179361
18829512131
159645965659
39371106394
20381632078
14265176760
29945700322
13481574741
3645401863
85510454
299136718786
16457934656
28571782814
174882997076
27366555085
19311635674
10632668002
17005681699
261661837559
174735056856
7483460367
30730893041
34343535705
2448309089
3194007201
92585210
62156452
21890783421
10511911330
2846962754
5708687875
5713614480
6864428387
856259123
19273215713
175819778299
17005331234
152516630020
3678623710
1658951571
153971191
325557434676
442293
375996998778
10503613396
6182897606
1873667984
121779129
6222008545
85536517
52216490922
376022651561
183302173607
178351854367
300551911145
219767750
169023433400
346992050627
6563217301
18130357891
52215841205
687030177105
231240155629
264459424351
208975947414
153778327
30731062734
27365196123
210002604424
11630305698
17909349942
85537588
114066922671
175036108034
5567384590
1183179694
1584288845
27365427760
162080184874
3645707092
121935105
27366647639
44731880
49685961248
236599331801
21806849897
226213441967
16521646752
27365659734
346552922322
52215357873
3536013111
1130868828
559967226
1572611435
10214946
7365905447
194848185510
303428258
85531676
24271077805
91182646
103142997
179504149088
153706765610
114016416859
346551844577
183099933399
293311831185
596305603412
16316740
34195037658
169023428739
182564800558
84352756112
191133979844
291102654
21888900068
6322915056
377013339
332725006260
24205143485
104792130851
64
175803099207
144771263858
27363919963
9980557865
10085715816
34339482609
11340111
10503121756
10517934419
168844076221
235149974469
2448138631
30214810814
4695663458
21981879927
169926557349
328120875188
183160490039
21249459
28544545915
2333748087
1510852540
264459099506
19274587165
21738467278
6322426137
6864712334
148957775605
41492942122
83419910321
86175062401
136381938019
4451168631
4680417335
21806638699
70188196789
176128822
75623088325
188682589260
3065721502
136327417469
6261891895
1376297681
731174866
11273895392
527536798
1821717262
148077754889
197774832135
183618944532
18828367899
323409453416
84154339268
144722157
693000557601
48505378948
20736640
19504806619
154061547
346547438449
34627345756
14663633
275001257859
90915395126
23060757034
498196945426
155583728789
5185489673
34200125203
9977234603
6222336225
16522361777
15536750759
6261505797
96983075
2022789906
48659845709
939045172
5918439365
30633179879
3655002151
93748067307
32584717215
84352147054
24272855519
18836316303
714596173021
21457752957
131851665286
300809955653
140889563125
34833960384
54191773114
55673640
1888371946
753443188645
23743305643
9997786308
17354501348
155406574
24375840566
36858687973
95192204643
10511925192
123089337
61213241636
300552003571
21936842210
20736954
210002477662
17280666100
27365372308
169023392192
21571386
584670993251
5185175256
560607741001
154772393460
179699979697
4253857836
10454141481
24851461701
10503095476
4702632877
27363864958
3531071004
154058444716
53764650362
34841668112
746934046979
24205553287
10118922027
2631743553
91053184
13237163912
188682989662
27365288548
2325352384
2932118718
10367676560
205425817848
527384749
985766672
22561323202
24851460246
21741366869
583561588054
9977458304
13238939101
21999402029
1130849899
303304917
247051649958
10503046263
21392154948
286660066643
18830736271
85535243
274090507672
1131122623
28559748341
20967740
1572237520
226168999287
44732458
144939952
14114164
23859461309
155110537801
90899079745
210007774900
2501237537
91066631
6259768219
20043735
18833043756
153987273
122986259684
123090532633
154341139365
2325210793
32296205383
24197119619
210007655212
5639931530
27363512916
183358234464
33468502143
11340113
5774802275
184098311652
3656083420
250621520883
153672630939
2319279796
70529317478
311862623623
1376330389
45463034186
303428256
21949196505
18833042136
151059116442
23103153422
32973602911
17280575847
27362374248
272560403160
270705913217
1822726585
4676379242
86262816
13802183826
91345229
34205870899
77442990681
10084779758
144274502
6863263728
1364732057
123034495658
90898976329
19495308464
92043519501
3656006830
391918298
92052138931
17794124679
78094643191
86189968632
7368445559
559961293
10503025126
140077460472
183590469730
152641472160
556610242339
4271744969
11277352020
270672046309
22321004661
61795749808
1711366
348834365973
282474264587
5561768278
13789236733
10037976686
3194205616
1713130829
52214891033
326300102
10087701334
17799703025
78180857197
261660606990
323448201046
6707404
228528386259
16522421422
287667933122
140427369
13234843785
13711085306
91150569
10106370648
146985895
325769261330
35970990598
37452546453
16521973137
54608400494
225411712209
209412336807
3450866874
1512411255
58166428
91180438
3647898173
17354548610
10369080423
22063241304
1660028741
560246319849
294515826
141867535549
13456638
4242473913
91991936277
32572287276
2319444803
19274600594
6325145830
168768007707
52165793486
82256451
81788841485
91169227
20381591698
231387928039
1997041
1132587593
376470516419
16668772665
34250960333
65942261243
23744685439
172917928184
91155632
78094763149
24786428148
8902584
32973408630
3520182582
96500649336
19088334092
66621480
758575028119
273829113651
6183050548
91146328
780470269605
73750907751
738574817726
23744680296
22806947
19534481025
153432761126
4702889281
64022179
121869303
1711322
14584853888
228242397032
36387340361
10068717320
6325766706
1183179693
373219144059
10114267616
278587115570
96184384027
19503941551
1416474831
155596553811
291172312
144965582399
282540440214
153983720
10112713489
447995485
261660484037
10367686609
758570405769
13382414755
20744379
19169308534
102892427
10517943244
573259012
21391950778
155110499555
360127095692
1233708320
19175509562
695801259
10049499473
1133915987
225617013039
151819039
21307872
369792603097
163610725151
169926493044
114192328891
247050487410
883694
5804739416
23099865534
21989912614
61192683049
19287646707
80284315985
169171632198
121869560
21973995532
2450001083
856362654
160982396355
24205532583
56414723
13862209986
218650529763
21965073548
27366467912
3098444338
155772865917
325557504628
17354541939
559960932
1135621116
270644966624
346548681051
9716898777
10215006
1133623381
21392866633
749172585258
155583957412
16457677794
5635904184
3448711690
291669940
175787848414
12703063795
103892161783
17781433194
40847803280
20299039282
18829052798
17281144555
559967019
5561759070
17852231164
1129015150
40594778301
17851908306
9716326098
21986264438
1974709602
12748448123
6863563617
17852172637
45459326196
5636706507
176153116836
32028963150
121865178
25605127542
10256234621
1009809413
176132796382
84353872740
54548343916
550833047
2172308475
166198734163
46521707832
6318101398
176126256
21550981
19505118575
349235839021
4246428893
6864430835
358563695050
84353014291
32533803928
80363248072
10068516484
148006317389
373578512555
34303619328
75374210
6863703702
19534420589
44731097
16443939
21531939
5418684884
261660473800
17880676245
54191188780
1713162907
153739632
24272890969
520964385565
38633739701
450607564551
10454255450
16522404312
168859632377
28075570770
1885637925
272560383558
216877885494
1364644531
61338574305
7798202722
23744685440
1711408
3645443089
32196420330
992529016
937174555
11181752
731177804
5619750898
6959777315
226014551046
27366215470
34144442
144982673
176444644
314305113881
80218690447
62877270714
17792215383
300551688348
87026337859
3678376841
55688020
30724274741
15970723530
23749019462
169323849880
104791581600
78916315350
856325982
17601903107
191901195569
325041977032
19138830718
176120657508
6863414489
4674016823
2722524727
32544984118
144185534
8651957855
55052919784
1188313139
42831127317
10089326712
265247248
28534883157
157006917099
312847361547
21987918371
19298902928
10634152604
685873756179
1684822754
84350724571
155153038
10881000111
178354869294
1994730176
123075860
638532056399
273673261119
22620985
560666813020
10074628605
263449013
2724677155
18835804194
50874099141
32975018284
260870059091
73290690
34859950154
715081779177
24205441541
2311073327
173222798641
230265565578
231339865969
83467182633
10253414425
56419616
725507074337
20737115
1579554680
225381700474
10452209715
3312630878
74088910
30721911682
357875363111
183160457210
5805558658
758574965614
159634126160
168851609549
1538643945
144759818502
5639330716
19942112700
262358105370
15536742367
121776252
1658974912
22092088486
10097616877
4263575533
105214688657
46521272775
16582781060
527720367
1920050686
194841133286
42830886627
29947113230
28577523260
856254929
61371659422
84353578528
17909052567
20225126211
2019940798
152886752928
9712027387
1376037355
122082216
304117072
10093203699
91312378
4261839113
196937200618
856341420
1715255186
22709206933
2449487611
159643501402
144786097833
570162658
12749067151
35892203911
17275296467
14059320
17010974073
18112481741
325037851479
122988272438
749216959650
18828057966
14755067137
35915393
4385889887
18773014708
1010856041
71877861699
10632737455
169171640143
91424269878
182564420845
32352654210
52215251534
91146338
59503077940
144938020
10060025833
153185111681
24289990402
3413718756
2339542053
114080689247
21242630
275001410239
7802
247055406503
10625468691
153756781
753446560843
28799840482
153492292721
54549666357
294989246345
169321750618
17783671115
328170640270
1579816234
269841647831
16328191
23749075262
173356838102
32023469094
50778194745
641975448523
19399895604
85658831743
55679457
5418701209
188400944921
28719594095
1375476791
157005859457
731950170808
13858358807
104792005918
454187349318
80296481
559956277
10068482159
77436999963
30633315489
58
10255109307
708987455303
4385867761
461499870
253647673727
7603368960
216247457296
226026527134
28726790631
5112366038
175833906193
25298495170
197278945487
93515847729
5773616031
34113770233
20734320
312247162824
21218149
34203749730
17657289377
41
1579686809
177686260846
123066525820
1133320857
6222100931
276651922108
325100274099
209230404703
19967476910
21383000
81854652529
21400963
79417510
10507507292
151723705927
263583337
68669235374
127986679904
291561216
28572082396
183161740083
52213541484
141611895639
276448865877
77438469984
92116466027
17005562051
211194683423
1364362981
1131207250
67375858520
144217300
300336997880
168851609551
17354190608
61375859624
10557149103
7256881282
261662866907
236565746978
2673330112
105128895540
2033517048
147933410140
590823250043
156436108
324420782100
92638931
284522659296
93838480827
11987644
21737353705
30214625835
83442369885
10047793032
10367686705
19400222366
299138958068
6671968137
744185259668
3696014035
11277317301
300224126059
14238839
3302800918
83469977248
14665851326
3418828
104792041700
35892237873
19368839469
359742237896
43731941094
1578835017
9988769438
33993746450
1659107649
34821682
261661814488
14238855
153069882740
1129031524
16210635970
153703309
19650770242
182468312286
10367640347
114152600294
527735622
132159714
1131083506
1684932824
19364528818
96296102
20145826475
12188613645
17354413229
210527236764
92403882
191910265125
31481078706
82157649610
5764497700
35970612856
233460575589
1130908865
3656038863
27364089381
9379149
5562417572
183358235626
324423982785
3194205849
263575871
9989519694
6221965200
9980657192
205366734428
45466249401
30474019
136740583359
5708658927
10367719127
92139446954
64480594884
10032060966
28536191585
225938175621
226044290767
148038876715
217329804037
10367724135
3110780882
6222947591
32189020651
2931983998
13802487954
155158550
250619380611
225260445350
11340665
10032780631
18833506353
1377921155
838364648
34205514098
71843173792
212558842357
231375901383
278667358740
275187630923
211196114149
91130359
27366629123
325550155507
190817787243
359743326501
325547877009
151918054
16521781825
6319604464
180355561299
8502670437
17872465939
17783485473
80293776
32418065109
639738969587
3512843216
104791141005
35872338424
21987364927
32679489573
2508418890
34826709
179695243907
17359405164
78094667701
96500359726
211278991634
163455706510
92067871330
300551755290
2960942104
156622678
1684859128
3655994365
50778177896
159663792105
23620926854
325550073274
4878453766
1994199526
21110566
124527829611
55129338
154931873116
123292172
49734189862
49091427130
273552890999
282474227140
117340297097
80820960
5639291180
176073562585
5619182164
263145177704
155328264
36404091947
10367689378
4203859622
54191188782
261660705526
1576142850
358736733610
27365489365
1970137687
17005400247
30715421160
10368071522
67250850425
153056561743
1684985210
1130918567
30633392390
182931711974
1230456471
3251795641
10625471955
21457585302
749217384567
153905869482
11274896935
28559667783
20225244233
183234434892
183160490029
31478623439
36963120776
16587604818
174867296718
225460750283
5805069871
3194178212
79297256
325550300687
175791703439
1135254829
309049804216
10625349719
55703553
376490717206
13241814404
44731792
6222158699
75623692564
183160482898
96624324452
9378275
153735783
20090112534
19369886323
297507249033
92028209380
19138842888
10367676665
64385890239
378650628
19274368729
17254162872
237336197900
1970145967
175797442279
1129215019
294469977
20090059668
1994320031
20321442581
518878396073
22083392401
376490717205
36989935311
10128143178
121958710
13533
85537142
1128218213
34180432
1135759794
5567984468
4771116158
744183214412
5619857328
52250556911
177695630671
32347815939
6222700715
230803975699
211381967329
1513292722
14583927713
16457823260
104791526314
19273167435
2958186779
17909854624
1128976764
196032696389
6263591063
559950209
236549282046
3647549838
1377377762
225960208185
175783927673
14662096
21903543105
5767996794
20737089
5639633987
277672258221
16211501854
205366472830
10068482020
144213529
14584485187
354113496214
32008033332
217902583
3302801345
13203867456
86694100732
127223338594
92902101
30474205
70204299435
106940801545
19489301568
6864345462
265019809
194848122814
39376673014
226027530558
2033522837
351963835504
22797738545
391229861
3302930800
34144443
42818889
67640117406
2289177667
176135828937
9712432342
3194205580
34246230792
358875371821
263145209108
10084808567
1822728014
23743236193
29948953471
91056863
210002334844
10068517416
13244841985
358257489505
154580550399
75620880621
346914795114
28559405420
262334915676
158672975945
86175594731
23076110628
22767099
43728032032
1659101192
155165064
311861321923
16522126219
1291230287
104196061767
276826964507
19504505391
148954746661
1377139848
6223570510
96500191987
16211230890
3194170304
374639581
32972393765
19535346880
144729079
28008633533
51941020518
104791627997
2033522706
80296757
75623336110
3645314974
22211059031
325553123072
272301837867
3424136570
11282214907
263591514
54932963440
25542741241
3418913881
66625760
61388960964
85662752
10369091345
2612779612
557446033851
1885843200
5567168654
28532377178
104791827248
226213305688
2325190882
21179505
24801008119
128189152197
92068621765
325550321269
20061556
102953563
10880978492
21178085
174867303337
20381456116
144553840
758321052662
153013381171
191983763393
1970136500
10367667414
2960867614
18112635615
43747079525
3647549917
8858313899
47872255854
176136866008
9983162138
13239609808
13245061742
21381315
13242036079
5684686888
4664747383
320003436
33735511322
30633216606
34862117095
332175339512
175783712888
183258940025
382084301992
34195074340
3312617608
1810422960
1684840842
27359588410
29952710757
153762988
19508426025
2004291107
85537162
231229206187
263830537
28708478725
1638818756
24216933941
275001559105
16569046614
163611574105
296233434602
20216000276
294469867
74096568
226026550717
560637395654
84351978990
3192091589
102893237718
39942801182
19650768675
10252317234
247451019188
452962801672
7793650811
27366550447
104792148951
169171598256
48207317202
2449477708
32674797516
211275240329
103068701
1994723941
219237589593
1886724399
19144331196
93522167453
14665067116
2932063878
346549809613
2321517322
4385971828
19372910581
527536465
6263539388
272567893951
61379715325
37536080839
264992360
572861902
39030363109
34209399849
286661431669
92635270
104199180174
17360842608
32972250237
6785697302
4680274864
230447912971
3194137930
295463880
590841471414
210000188872
90924428632
169023577069
24173347204
25334512452
75623397964
18834266454
270909595164
80364583349
80360001671
9379512
19504572288
8521917514
21457767411
1706036888
752178434506
1129633067
35872348864
153737127
4876161152
27365632145
86165462027
272588062099
96026937
67569363025
2931678211
24346962826
211275582035
294495403
4876206185
250693365367
35970612219
24851454432
264459130801
6861332697
78180891056
226027703920
50509145
36712323
144309943
5106775247
279956332839
36350127017
284860582602
614453213275
21734089582
10879095470
10072969208
17908680560
21372225
191919320753
57454014361
16569102040
527526774
400002655462
206701746883
45466677546
34833436620
226044290790
79268060
75623692565
11339200
34205204440
29952263072
264459067888
28763248376
284782446175
22880397615
3194205771
21392795015
30717398612
39943734021
57453786737
8858320777
262337578719
741373628
9712503080
10503578943
163361021378
156611267
2033519137
374640829
13228307358
169926513557
17005246338
29955052059
37565452154
10367640200
61201056151
270706940901
300335748109
20737088
151062760287
261662849338
19940687379
745610901423
272564603819
21888923992
174884058201
22319897928
15536786527
273627766249
21961165318
78150239265
22320268049
10092970345
140547442
194848133368
326360873
289056791405
183278062466
22704646344
3656067800
556318647
144281943
121823348
142839190202
2931973343
18836301610
263475206
175212458567
13709841389
13234948697
190825571553
237233758861
235135105571
4914984250
234366014385
225606995304
209469813253
85518847
19504521753
558993357282
154068398
4469274180
6834979348
1579858928
3581721034
16457446777
16668705197
19314659191
33466825468
36350423689
1134759783
86264884
168842217846
59504142773
263456247
183363339364
10367641471
34825942
11339053
122980244602
4385850227
19288212091
10511958649
153734198
5598630482
121825611
34210991671
4385867670
17005521793
154988672
272345224562
231838820695
226211179579
54548893071
233939510091
52771289633
9909385729
5807060302
203398355721
28546767057
2061865809
20737081
226320964342
10449976035
92052562351
6339098
17781887950
36940986128
93528308751
27365917730
447642486
98090240716
28008634657
204595934126
22363730
275001679253
294507792
80323890356
174883875756
167540216157
19503279329
1230024248
21189499672
3302929553
5566763872
359746500639
430480583
10649673088
46521390589
42487695306
191332187561
300551993185
6307143
172895955265
102951757
121860032
153160988398
141901417881
19946446215
7793296716
247051559997
56487049
50280099717
206128194511
18826814877
1513019981
226324076091
231454264607
3648199110
42493542941
38988319283
278667473374
1134980414
18827046508
527527590
299139051380
28566321699
153021175963
225570988200
1375475632
17276938565
139754407982
273827110558
113622362404
1579460570
4242776947
114059896317
10625324404
68338071323
12707054142
65109324986
96120377
152919051688
10033992902
3656084649
153995206
91061618
11273920039
23075906687
64023679
3648139201
67376524973
368533229074
6864755208
445489582197
217829498
13713670502
358257064273
277857316668
178506219876
46519462464
1375635513
14169
10367640475
19495936930
2258788952
1970140395
20054136
749216662077
28008830230
202877855651
21943128622
78094786969
1538641787
27362476992
155676956227
61196970278
74605936096
91054615
1573887327
360234049400
20142018551
11293773392
46520724901
3678181415
375997482338
38137909447
23353657
752177045255
23112533687
6957132473
2118943493
19310655936
261064312532
95192033341
148036852032
309502876748
92160261499
21888673625
125873094
105123816784
264069969
6261345637
144775022868
70530389080
20581473072
178165340016
5446097
264458829398
20222511833
24275409567
144265729
86268352
13245558594
286056269149
11340112
121610938
91147537
5570002241
447598996
2172491850
142118242422
143416489
3678273285
61795460986
56419947
13789344818
11274046709
262420829310
172963796074
373271616270
21740269949
346548582821
10511928025
3194178078
10382535283
114013599870
6865568177
797636997
27366856435
527526916
80219080040
20308577871
104792148937
169171632201
25559594875
32016904738
346548661519
86186845567
10216067
167712598513
326304824
4254395312
1749779287
278589436999
105123430415
114054460418
179689784128
15590309445
80085585
42479827065
262420891258
3647699549
15950394767
41797365900
10093438419
2312113711
96914646982
2846920942
153993882
263445321
3301904373
33700367917
20308373378
50436053
32972606540
10632700445
28710199064
242331713712
123257249
175826912209
29955372489
19941187238
102892376
10036749100
93718272000
10626791058
1579686812
172911293243
294506609
1684863618
291102651
21457409218
12750357474
34342249783
2513776281
19088506731
5673405494
155122438604
882666
263449014
114070695953
1885773245
46521581134
24745768178
210432395782
18123124042
263786271
1721068
42839304822
10367685030
20051546
21378234
1572438568
249978944406
19147747345
749217078733
93519100436
43743430848
9980219822
151931029
236477927826
14733756409
2325244733
2131903977
31479317259
28535507749
4971827815
3678883297
822582467740
749218011647
1364619174
22062340925
20222266609
19138804230
28931297039
84352225327
155165950
23951584823
247051582746
19535413155
350705301657
92045155623
29948896434
136343404668
18827304157
6864256065
1377154501
7749043028
32972393679
10367841841
56414696
559016532046
263445185
6183501297
300226008246
211275472940
85518727
4907186133
463554591
24096924588
235136211807
3196562489
1145840983
46521625466
573752495
291251507
466358062
154421543825
32347210652
168767991161
485682788955
6864341703
74468553834
22091673766
1970135609
3460013472
13240734202
938985178
56419548
86217276172
6864729534
61193283661
112750912640
180811904057
376808783
17254163267
91136439
182423035866
18469150313
21485701661
2508206875
376024653337
27367738502
47269596565
19534952457
175819735157
30719896522
389378319
4242013534
1880050804
73005010602
50875888805
2033516755
24101942345
104791421192
226044290787
300224425724
264459424346
151766079244
29955544692
16521761492
23744455499
104792148949
5805973330
1375389191
349474166092
28535836986
60078643142
10047092937
294523916
93751390468
231351871795
20064012
749217281416
388447056061
1638888273
346551844573
64016548
48207426922
66604497
3584580319
28537581723
584676587028
378666825
81760927
2448160092
545124239697
24196979012
10503109939
17366886
17872787819
178179361976
20670
194855676520
232948105772
731145857
43733484560
28953894965
314304869723
559298316432
56414650
20320868068
96921704491
85536516
17781909675
115556935775
273485775963
61378733419
13237003032
350623454723
2481872350
3655635855
34197583873
85518723
191264501420
13789086859
326296661040
226027516178
26340759098
748450205587
5567045587
183294107530
70523233615
282547729245
307497773748
35916185
730707472151
20826040415
196894046957
3419624
1289430741
1186221220
382097966101
24851692860
19753133498
30213952707
13606777103
311861203966
29950295791
20738128
299149523128
114079706256
19534931991
121610510
284661087122
92084635212
155555980153
7603484006
21817915822
23076862574
21879581280
226026661864
5908945497
236478032888
164168133774
5750906062
5091239
556635288
49685012124
3655801105
27366937051
558984932170
1364657110
77111316741
157368500036
225428721142
34378002507
5418716098
197287703923
90950569066
3580397161
68663392487
3234634737
527527589
144972174185
21996426928
4451070321
9379043
2325403697
231850837469
28542770574
18826813879
11339204
60239860
21738909890
19535331267
19503490362
1229460256
80091557
4242366543
2727937525
168952179789
27367425630
176653927
93718582294
197293338133
13341379307
398157582779
34195196861
3008419185
3647842121
85650186
20581671321
1128976768
57453624327
275001679256
86177529841
90982648237
10625460233
5561865287
62200416891
324826696059
85533718
9978793785
389365573
18829865575
126340729842
163361158316
71842977354
3194177930
11274145866
17254246439
348789131135
108569645120
32351980309
66620086
13786440592
1822040557
2931671794
252939048
10059955498
197104523397
226027686349
80292815
154069808
263741483
10215059
1684834216
91031943
3194173104
1712222
507360577569
49085083814
2004287716
42489274162
21392010289
83441192553
169023635103
144164804
9716326652
358472415000
175834123033
23749067747
225460750308
6330883292
210622787335
36968959984
55703521
70188190282
5562151734
27366501523
6318745903
28537864590
10452714145
151857496
5567784537
19274591166
85704540
32354051793
49154478049
57014604661
119226671284
32015174676
10254149018
10512018240
1230996651
85289393749
3515197634
28747943151
260488834005
9710813214
175797587128
52215086612
1260188098
378162225
183161700154
546484963917
144462621
3536097304
4241826388
324420838291
6022639565
314298549222
9710877781
741449464
77593263264
16364174
93718582303
159663399199
20733621
23859548955
558984864961
27364198485
344044306754
144534103
21238362
9711885138
1579541021
11339125
1420427404
393790235
1641666540
28562875062
48948511921
571827010
45733253367
19274625955
50878291700
16868400245
17006865005
71978023373
8652147239
136352129706
2325314346
447672988
49685036511
48204063988
30633179778
67380123592
9177196790
29952710756
21392415
194845620870
284658073548
6183711598
328148365411
441319
174726903798
50781409739
30720454017
187972078159
261295085621
24205332375
136349926282
12998212185
24272825464
3465867978
175805692227
154300541
1702380633
46544775878
6177881145
148014467936
17012514866
10734687582
3194207660
10511966523
27366487576
3451202275
91247629306
216840685330
151918271
182136347676
80073859
86694075465
18826600307
265113986
46520907121
715081326998
2033519138
21610521
32975222191
263445320
28710377277
159637419538
36221387676
2058729044
294503233
1587407077
25537412763
2958239100
8858314371
795841860789
16521922660
144281584
25557435559
2931601383
10623309658
6869813199
325769074000
19138649227
5767996795
14304546159
80363712020
172665891778
13223989662
32020713488
81788841488
27363936259
332725020874
10036857875
326309499
34846428741
24650254005
332720803756
326364511
35811666
36405566508
12998455102
62157275
1009193682
163611590889
9982770984
70524319905
16321422
147317052065
3194174021
122370779
392246426
263276376275
195052212129
24768863510
34421847849
140083629671
153008167385
182564783542
30737610443
350642929438
291024341
231308832484
191964661315
3065692548
83468484015
151920039
144554006
731962661738
34825932
20884899492
154098851
230365790474
92830334
220119546238
24851289877
2186905885
96916825329
225984278071
21972730027
10634858955
461501715
5561785362
175788052495
15659198906
2472110694
5454255
176120657513
5570474537
55671504
175787633717
169593484260
9983959602
79448733
1218770662
27143993
23744673024
80323568939
84351461464
10202373068
34342440771
19504659065
5567102541
13236543952
286660066644
28534641118
172915235017
272345224563
507428242328
21972275381
173666642681
13239375259
27362829826
9986712952
65955517
282540564197
10367673168
13812671927
1513307536
2472033569
204356820256
104792817025
349194513347
3593483492
249686648233
24197457474
19504567196
18829853489
1579830515
39371249366
175032860990
168851609550
275187530609
2154913127
169321752432
3536042203
281671778445
5567025950
30748059629
4458935410
9983653836
3678231936
296607491022
226074420477
4242079831
104627227
391437494
16436941913
18537460969
332720724950
560585393209
84349919749
4907179701
30744155457
806655404
23749096591
10367672093
282477923080
114073010018
314298549233
52215313381
6785268231
276651922110
2154663836
52913588904
105613878211
494811204
2341660997
3194173856
34246224112
28708771074
10511925677
447780174
57453734340
144282156
27366650613
92105088084
53225469219
92595097
154699879
271364169871
10367652366
1919836666
21950410287
277431330787
34157599709
19535054848
225381700492
271822600
175836457274
45412764937
174881731640
144952564003
294461902
413059885647
13710292068
191792021161
21458609016
3654932599
121804364
176135699
226026675196
208975945160
27367209713
593364560104
527531915
330054358728
55673635
4459126635
13234948334
176652215
247052921726
9712164793
156429076707
1579715652
6222344004
13858204741
5567629601
375517200
651692111939
28533985680
206701768782
231812668954
32354366633
3655002654
107096462707
231776520560
36985005975
21284867
270434847
82157915854
51912567809
14754857808
155122600001
1135601158
32347487235
559943614
173682791166
41533061168
28712727494
36050501551
752176873364
284656995494
19534228280
250618213286
183590340023
18545835716
21471662832
9987640077
1638930948
176118655568
10087686170
2750115
182584394566
10039802405
10195656979
67250903301
295372722
3645344009
8861615696
169664937285
20747544
210002396131
938906598
359742237898
2051213288
16521361204
2339218448
381728300656
91054612
16362759
114153079304
7153438834
300335906019
6707751
4242466693
247054169367
3645383045
67383650649
6184648911
35801624
46655513117
10039824555
91176170
291660631
3647919442
27148904
5562085408
1376018378
10220574
6176969636
13791023970
291593674
10503687054
3654934180
273673221461
291656302
20726920228
17279865040
80214841646
485673643354
148906300750
6184420127
21737346192
8858308667
212571878702
176132796391
1132608031
3459552795
10625471404
20736711
46521243376
6320003111
28537934606
143874110278
298062524693
10467010858
205366770499
3194207725
17006842491
52126031588
231422972178
4459141654
61039564118
91054197
19313120844
10201825443
3645443044
29945898420
1134900855
52915848826
3192087584
10455675686
3120084531
175814004507
21738065016
10451367544
4242506857
325192034313
1638822572
19281305089
10625459686
6872405484
4907113144
191133949395
5568020806
7749102909
18834185928
20581608237
3008419549
183229365738
183173348331
1557076906
52215145604
45860030493
21737881391
175783590347
155154238
3699655654
10047479121
102983601396
91150567
1821719557
80028914
732074552555
519109655507
56414668
102892430
157604886560
282474454095
82164230633
3418621
4235210488
375997572178
3120055451
30211233237
168789923370
43052170840
46521551643
291580522737
638490818258
1690128
123002448358
173222651191
85533589
102892258
2931804453
54605943741
21500021162
9984835329
91061601
527368291
375204358749
1013048233
30914812493
300220764083
202856152441
95570604255
1579787187
226212181532
14246637
322458172889
31980199
52214760405
2341742257
19504640949
10060015271
19965996973
173717999131
7377384074
411439675592
1763794885
163476205124
144220776
93750256111
176153631364
121608926
35875991411
205425429800
53771454236
17366776
19535035597
153052289059
139754252875
3656109270
59708798571
2592553440
28581366178
123202624
13245103258
121771156
1289279439
21840479
6182852027
97474929936
19946496414
573128890
264990794
217841575
5418714277
1229462314
5768425282
268921245530
2033522274
24274424611
2449439498
16522355288
856350964
32349518091
10735379390
19368493581
284522657477
11339538
32974987863
263475278
66646756
299161678280
86171103178
17851867914
24851805117
384687243770
1887851074
23923164282
144938469
13919881314
174872951923
43731354858
155155614
79297281
328746008
20225073791
264459632867
38979406934
66625305
19946147776
4517
287824510582
192292771400
44779618
144468015
311951268179
91061600
1376080051
263743895
270917939932
15536750760
190859371354
1510611541
19946334550
13243662424
121753642
284860868994
10632618689
461505140
4878296977
77441611178
42480290802
75629300492
1557093114
58088707907
23624491125
122992280414
86942474934
5139670962
225281531372
36772103
1806848191
10881095440
4664702901
12917001906
3194649705
12428901102
16521441685
10632578866
296463739481
85303680068
10103651282
30587744038
11276463118
15749186470
559934855
10636961902
5899402525
277454004358
28555093580
61378325937
17781913383
1231065238
3302248816
230257563800
25726261069
3034825574
1129143631
3194173857
218712220708
20736939
463605522
263445032
183302169195
373578944034
153806597
35873259387
749218091862
34203907128
168768081387
25597689760
17354190606
24851172311
5567573573
34193726383
296401864789
13783143885
27367022744
85518752
92076374258
3194174247
173222597638
2311897418
309997397903
102898081
53770727951
2254893436
35801188
93718582293
21986890754
115894076954
34378018704
297538729490
11274915106
144482915
17354376751
153991727302
157307832
30726590688
2172435774
7365273011
1139630831
55720815
23744670416
17873108765
17005679289
38986964714
10084832827
3302251066
757682847193
157427180973
33179405722
36387534851
44434192503
21307769
6870032752
10451898913
35801206
16584424958
104791526321
307281836048
32341891647
136378774767
796386663
178717022903
3149122544
78182397299
71885770478
16211663028
3655054477
136339243413
1994866363
204356822067
21987711006
204356799174
282540477953
74096755
5561769721
263822807
731293409
13240325827
560535418294
52213586153
20736909
3647904244
104791967249
607217284964
136371819611
261182987988
20738253
27363328153
78182417467
14265175029
50777273234
24196152235
10505121805
20224585100
144270471
21375456
32204882032
10114467364
34254094807
5106779061
2154663857
19949573529
11630497040
265312437
226165965410
10368360721
4242473213
1510532082
4242462091
66625738
123287131
191257604028
3251752550
16521446271
191255350024
13858429471
325189271887
265286916
1994261018
3656067594
510960332
1230649973
4876161570
399639656
49685709657
17011054052
202272214508
17254219258
120
557075741756
176136843116
34203238199
10105443135
3302811300
82167004811
19269209480
179787535140
10367667417
324793720710
5561762881
52120029639
38476661673
22499263573
52919785025
169326886452
31483929344
49689134985
466365905
143873990781
380938002
86694078114
346332049335
1135325233
1131269810
14664994419
24851754757
304117073
284525862254
1572285612
281671778444
194855653322
87026420531
19651295556
6260547605
17354478304
11192534
211192422927
226044290784
153419536242
123089338
45576199900
202101014093
144930396
153734367
41496530756
1721038
373204359140
54176813047
2058552058
749172877186
43733064583
2154534143
55713913
1659625036
2499733532
5609490291
3194170419
10554566188
279783629731
102892253
121802520
19399898120
2154534162
93751495764
123006543178
749216959649
19294558086
6259940793
346548582823
1183530324
75374070
326309524
10203926870
247449929500
3385918629
209997158445
153938897
27145808
5572927734
4263528234
27363442015
144122107
18827337680
30463346
4907327825
274616981194
35907497
328108760310
247056686648
558993702180
9736336904
276427912300
72041994914
36988782978
30727156807
86122491
31469948127
163476374503
123181777
14161510678
52214112162
730517328113
10122919378
856511469
263445391
36974320549
1128692826
35872396881
34377925784
49045409969
136545856760
3678203093
253709693115
3465864563
19315791647
290990949
226027671104
175037097470
183590122279
20736891
21375647
182564251044
148033746617
208986372382
2631762062
300241747471
291289042
271617020708
11273110153
27366890335
294464308
430514082
34200956174
531342262221
66625732
265313699
22127960305
3648132781
23859188838
29943447627
175945096125
19504716675
1765366526
10560505846
318763297057
27366046061
3655894884
5561790612
70609279034
359829221249
70609645474
27365618472
265275677
74088906
5766643132
9978718475
749855776202
1230704264
73749599613
21987330784
19138433331
856254927
183363339365
10633403627
153734517
349255577954
443515753340
436795971168
22809247952
249867888525
91077521
6864726409
273552941277
13783321384
18831116073
2324919871
34414573034
3648162409
80543946472
346548588473
28749627364
182564814124
188734767842
156139531157
302503785176
351484549621
96029908
286291375682
263456245
11186893
191236150328
77443008783
31483818162
290790264907
27364610238
682023558160
121824481
174855089080
12192654175
68347851221
21961788537
309501904289
159661980987
19370075078
1684994613
42841183895
14639310206
16006820225
92128160233
80322714602
226027802673
34839736271
270626927963
139073257
22081569440
174880702701
2324902398
32974559007
19941165799
1130910956
27356927705
376597198962
749216487340
154753708443
18835543635
191132757432
808343258
1880051161
41533795356
84353788175
4702581277
2195608312
264298531
18535626356
96986035
627001517345
144128455
10730645590
10511922337
559786526354
1572138122
1376524344
261463467930
6865485798
43745092951
7423830194
153738761
2333584113
527523935
7846
23859373554
114087740344
1377981049
749217758646
2154663838
144564444
35872199662
380204395264
144199402
3312610201
325768661555
276647887878
3647828307
133102659116
65154297462
80338974655
32977929337
11274230325
211277882016
64021886
9712875043
278587041789
98112196127
3448298878
211277895050
16596047146
2172499414
264263624
3645443048
557045624403
752153835225
1886682595
3645443092
2154663892
5575067694
263781279
611274727243
91130356
28576048461
44794579
430527104
44793755
23273516167
10203027903
442125
24851345789
191263491007
18828149973
13711047066
22322576034
309904445434
225938175605
6182826056
758569353836
136425426346
178996404001
46520437637
5567088706
1183151572
28745682595
80296778
36983217511
11274915104
30212797185
1891617701
312022677344
104791450690
4695709456
213361261832
430504010
30728404418
13802192624
85659073542
1229699291
175819653248
226069356627
211196049464
1146059911
91067019
166512606571
32574570779
17851166544
184092489767
251149522972
152866181270
447763720
990962894
54934570981
4879353198
61388290801
129966486427
20736667
9712257936
378225956
7374327138
842045151
14244049
208980158423
247673689950
144271847
74760472616
375997499139
348764146927
1135759807
46521283872
46521581136
20301721074
7604806788
153282750661
394193290
528000655
169321661106
79363641
555863302
121753390
225381700478
263708573
144543410
461532062
169171778147
89878793560
55677313
447634995
300384812842
74466240013
640373623358
162127665109
92550184
537428510587
79279085
21939201419
211275436283
278532600916
19946485576
3648199113
36402041359
5609022428
5570008802
30633126742
40260655231
10632616837
32025832082
9977232377
10511958647
183161734774
197889760965
24897089339
3645464707
176126282
17354272201
265163325
209236708128
2325227314
81839558657
16457425253
104792260013
284663355843
6863982320
8858315282
350574882661
153922679
92463599
10037727446
29947514559
98188980132
26099215
92386981
39375730974
231199437402
261313563183
1510916198
1185551540
576998119249
15974234832
263445042
29946070290
3647911272
12701372927
225984278114
132953857
394144574
155164360
442078
753528681775
226027957326
149370791475
263445203
10094587961
36965859259
300710911808
105218221961
8663738103
298929328011
17851268415
1579644127
1659625037
225310597900
17280595008
9177229107
263276530760
52214892485
376762197
3448580634
28531020662
4242355081
325550099150
1252486073
19274627809
5640533813
17005999638
19499139439
249667650296
20736993
92066901893
346860136409
153049123912
1377075980
2319352761
19837721381
175837223840
557709471571
3536019891
92157620735
80537891482
1131728951
273641841560
16521627681
51016694229
25048513211
153714899067
10367664356
328212908906
6264059689
326309507
6324673611
10201275165
216840088818
31481080666
10222299
20215938335
4234820743
32010383
527516993
442082
275179401575
23749096590
102892942255
13455654
80328755
2004262422
183160544154
61036522569
17376669853
250611032429
209997158435
257355607046
211193476037
672586464
24097960346
178165293557
3194133086
13224350169
19876448167
21986863521
70339842698
3065595659
15587596034
5571190069
291171748
86694061562
80027472
4203728731
37565037732
275001566452
34141717
10503063853
264270751
33175547624
9992619673
3302961841
1377350475
749216488525
32026629101
1134877818
17005312856
10195269569
359648738140
141867288827
19503326637
67382862751
29952009078
11191492
10367685093
7366290685
195112488762
527517025
28536948688
560011588
491938265624
18831370454
1513218844
52214858520
34833998956
27364129632
148042933183
174737748002
30631856140
1511507549
3656052317
28506814104
78
10068482253
559968216
123288197329
28541971900
7792881534
13224814527
2592529495
284782132043
1375824434
1685005898
153042882692
155598604279
16521381463
2409434424
28580529905
14059406
2033522410
3195296019
143921392835
28736360280
77113365920
432433801620
21960768381
271250268942
5561766921
2058733207
191919314111
10517798913
10512394327
10110170159
1822728578
273827110560
249688879462
1806834615
17005278339
263445439
282476703309
4236265737
16457968109
749217233590
264298116
5768629361
5673595683
13245304019
217074804700
1135318434
179233782513
510596035
350564780993
66620102
21888938489
22811931352
10469581886
749784447791
1289431215
326309495
284860572022
52215313378
114080350148
251576269205
284860814150
5516555
91057020
16521646806
272325040834
1184632893
62156444
21736459308
175810065960
91176183
9711950994
78094782715
24273051132
311954970555
42488811261
481070046
20045129
173672145533
263463725
346548548976
156350999353
558993108494
23742470250
7603485838
17354130563
514306970
805677515
28542965023
157006950676
19618559408
141316526775
226027199969
13240112119
97510749408
28796624524
10114187153
13461480
30734146808
24206733749
209995137646
114089740257
144768159
9714876955
123114560576
6222187361
590894184363
382054875511
247052923010
5640202045
10467908
10626571567
18826813190
9177104489
311951227630
22515657171
159477630748
31478281398
24272763430
11339540
19399628979
4681551494
3312617618
183590121579
10367907320
90905113547
1994861402
142686938900
16880590
168946608812
22317801406
34742558392
20225126314
225350648719
264459296581
2339207676
20143714865
182425050967
36982588583
7793920663
145218791
559991109
559840840
31481090249
2719124561
430537772
188734606717
263626821
27356883992
144987367
226027218889
360371805377
10367666197
2015242571
24851715654
205286662546
226026743896
86171353809
10367770183
237271443709
16458034376
17794057391
10367640942
21981442316
33154507670
90952573033
206327935118
46521694806
294989255608
20702
8663818283
2457540175
264915130
9990521888
22071419029
311870664274
532262728371
93741632643
7371978246
2311009236
27356979186
1899776450
43742099884
102892366
1806576907
210931155048
230479993093
226028017269
1291661422
205366540117
32346151571
10114291771
92592558
3656080595
183161890576
21821782403
10367616205
50875603108
8858209477
16328630
152873653061
212131116892
43747928697
10632724491
359742245372
80364232935
96500823069
10215860
9976147739
32352626060
13239611543
5804750100
79288649
188682636768
32016112994
93750256114
151919974
399881199299
19288392529
18828058137
169321707818
3645439038
1658945732
191913286101
2832885583
287061191967
4702933854
4242034436
21238364
225332625651
106984557509
31482057846
183229367163
92070984234
20738086
237749915051
45457945370
17355263680
2314897549
19300716802
19310050671
6178834784
23079781535
6662790619
6265036738
102894346375
12299
3236679493
10222197
247054088755
16328193
144737089
23744555247
30736627019
291251121
44001046499
67387776272
29951192565
75624871933
311990107711
1711479
17852227748
21957112844
543348322943
32003701891
211194563035
13606386790
1233703218
16457446674
744253494503
1806839390
307647194354
21705452713
527531919
151819037
741411858
10252882234
21972183514
22718160844
10538928451
225411712089
3645798365
19504659064
1133018897
82170689653
266836925
82164217642
1659315226
528936006
19504621313
1510504687
325550067630
703448259078
1377377717
35971245189
34862042154
144939786126
4758442384
144743592
33184989620
77761544296
15536705558
1416517614
375997284383
231870949956
28768591072
4764997966
359883246219
49201665148
29951447985
2961393155
1133018888
22523032283
174735684092
10503091698
311861232795
240100518974
7390466825
573576861
10522040064
75624098701
144128451
174582681761
1231084825
10201119094
285247800131
164176379677
32023848567
16458015628
66778637
29946391512
153974321
11339830
129883011767
549189143
102978453
85522010280
20291232056
20733614
75623983809
391420352
10093320972
92029313082
8901950
247051597502
180809876890
263503954
139856543712
175930198228
2004290677
10102163993
1083526
28546507929
33686738746
218644419837
14244002
28009104789
1230492009
6338625
20426191
5806704273
4695693290
9991771573
32351404434
77441524754
5567179746
4236289699
2172489413
527536511
108778473365
5567045595
153180099223
4242789635
263477658
391468729
265192227
178730091013
175958323819
10367611124
2033516542
16646518879
176120657506
155221128
170196776045
212571704815
128619594
3668806010
11274118556
4235963095
19964780217
59503391932
2341737358
102892113
154558775814
42491325553
5567221071
28076717888
123289747
359746578372
17009912142
53227062638
86263199
10202480124
3312593609
95136158552
153238331126
10638116282
30463041
80085963
231351871796
263782133
82150428925
1944977498
300337018187
22319596953
808248587
264302593
1134980417
91076750
143300201412
1684930076
16521903067
91053135
175786410774
15536448754
5708092981
169337927539
32582388456
730708531721
28932434078
19369812156
86692784286
1128690602
83423377979
3110826643
1702783972
9177473995
10512012405
49850405
275187669971
5639878567
3699973749
66778695
17011063303
10084770543
31954622271
2154663889
38991828597
71977533034
17487993930
295258634232
107089397426
50766199034
398195343582
96198185834
6863552402
6261721357
5581495938
82170689654
4876181398
312022884898
10214913
9177119119
7601865233
133013742483
20064028
2814903662
17862668672
19504163563
136577262398
53765620729
1579462373
30715022303
20654678418
5567128314
183160453253
54606332879
13788927664
1133017219
21888709471
16435912956
80835921
1230682736
10367640342
351983307787
686439195072
232114643881
29956584157
350239432061
28930345453
19365397681
21457741995
559947527
126122248
13276203486
140534892
1887150109
10586769735
5570337738
209342459580
5776276202
19269078702
398053482298
430536610
21995525005
41497178137
1510588871
23923610666
21392795011
273550668998
729257503290
13802649769
128557671063
46520632670
16569053697
5764975159
10122697656
9980305929
13246013738
1512568988
247321194047
25297446243
21737353707
26346840755
19276597770
17852047441
291093319
65957974542
17281010927
6264687163
271808591
17278501152
1685680152
292030707
59503051441
53422399
184534627315
10553487580
34206061669
19274627812
7379133733
27366843139
271808794
10103011409
3655771119
179170408293
80807689
169023622647
23859179322
175839407414
376025666781
494924846
11341008
10731947224
114060372125
5804237367
27366373587
268770738
30469444
1230548493
2931804451
234222889739
32015030781
23744543975
32908940991
9711847003
61380890955
123196829463
21297604
196873521028
10503047179
5661128170
43737369347
72197355235
78148095473
34832661512
1229789905
6222433719
188504249385
456370155391
3194178081
10222383
4242336891
176652701
3302090824
183161890560
263459947
6786140101
48207423309
33179575448
3645427574
1891309194
2154663833
32200079880
3008466790
33548443920
247050398361
71983301222
85518801
11274870992
247055347165
169323853228
21888334392
6260179256
6957995861
29951450998
205366472831
2931601384
39946159686
708982995261
176136843094
121859995
3071682458
289053434073
21307874
12896401437
64021746
276394011420
286662434247
225570988229
16457680362
144564446
22324529715
4695677223
10367725350
2315027460
7483523752
179103722522
121864820
2448175002
27365536919
148024621390
24273463183
32682560497
5567629603
49090527429
1230972671
709934132442
6871227571
194848201329
12707261876
259000690790
49
357831854526
247054100355
22319270606
584057690261
9987100223
24205332374
5807115687
1136185109
169029761418
2022721050
938905382
92595095
228485944882
3194167601
14761462671
856351455
1376556410
28086267423
1138127569
272346323
21993353552
333834086721
24230445915
226026752056
28550540139
1579963651
184423377035
637070086866
10036857874
758565163658
85518859
183160480141
347972013241
5808702657
51866413745
9377929
225898135855
42491337975
294472352
233938337818
261315293535
22459225423
19882382055
9379740
299136206175
284780714230
3415827023
350535602241
30482086
192159073424
2846958377
136357183865
87
176135828961
328279023260
5777763096
70524700768
114039278892
21413790197
182146448238
61382822610
80043072
577123204103
24272711885
264459683059
32350151032
1375477845
210002396129
13237047652
2022789903
5708113627
2448159275
156659008
6338937
80508758860
89928280064
53219169288
291102524
23744838702
104791450684
2357579935
32191134100
558928767599
30732871045
32253346841
346548507701
11277083317
276647847638
712974351495
181931414967
44731202
121990806
13245717405
175905913411
133019567371
285495389055
5091901
5561768462
28709649980
13234920564
173587835414
19964698067
6865461072
264458774475
1145793724
32349835687
92031672944
10367672089
10256233853
28537597442
71970277442
86097830
1403285
1579720607
6322692549
269095072
1136256846
22718429027
25559478621
96500862924
24270993953
36890281293
153064257054
1579722661
294506058
10098466925
1183731906
24851214269
148947704151
20736942
72289541494
14665325267
1557097409
219845257
527518145
159641812807
749654839778
28922168826
11955889640
169664987730
363026187516
20563688822
1579579762
31483764185
1135442752
154342509810
5584356896
87028561220
123200834325
30728659376
2155310668
124522402930
346548661521
2315182394
30633172198
34114422574
176443546
66622482
151828758
11274764485
92087940032
4915088727
745739888041
1083683
19275776203
14256645
2325233014
261820476721
5561755165
27365863571
104791550368
378635332
247051559991
153478164456
275001382699
91077517
516402618472
373578697095
85536523
19311079372
144767187764
75628050943
106304307236
159613131356
1128984920
20736896
27362026778
67376935120
19535143715
61559356189
5675107123
3580396614
28704414736
48834769221
188675749040
6864432754
154
19504178289
61384064274
308652545572
10114486681
74096722
34290648586
277728352051
80295952
324118602331
27365951792
291031149
34195126859
2958824836
378110407
28550464855
21986711277
230423834560
28503371214
27366629128
34211008357
55680076
52213958560
1713308625
311861212572
80366811489
17354548084
204611390505
20142012342
175788957563
3074837331
80292572
91140575
15966276569
49470263439
80538078
430536608
61322409591
13993
18850444696
2931780454
103280154
4245543984
28797914331
29947999179
34825940
80360065731
308023371743
20089839406
27367410206
30631766039
22174821286
10075112320
11681611
96500753358
210000188598
3194007421
351496351049
121869302
263776202
219827147
17354117536
34209670578
120130211314
6222127346
448039327
23784286769
9717398360
3193942509
3448197684
5749589439
2154664078
20067448
10734450284
91190985
311861485719
938767764
1887850679
326361531
24851667014
168843909244
3522194577
169323853227
247673303827
128189244824
24448760427
2033519139
36224101698
91151366
5636973692
21964271
36970261126
1970141497
25557244421
191912269977
52166288591
24852379623
204129424244
324420839775
10367694348
42479402644
6864817532
121771239
11340063
2131753289
527801382
34197609487
16457418922
54605909398
31512847309
284860582599
175801633189
74471308903
41498216487
6183595933
333627015681
61212806984
23749031018
91066587
22544758768
10114157107
30723497018
24276259716
6322542747
114064007289
3194205796
174859982248
19535569929
13244031204
1691568
5673561092
29943751063
223834295749
156156113354
448100097
116006236519
10897992694
78094687271
375997372096
13606096304
39377204552
376060793296
226027686367
19183874735
15536739193
48207342217
41481100734
1183693875
662455004012
3194170535
1579644113
10214962
10367640345
2449439468
121763756
20636384779
556339565
27363117675
23783268813
211192428905
3312622734
42490534210
205191346916
56419568
4681707929
48679703913
204356846660
7379587897
136939586312
4876203733
666572312372
34203792911
140077288432
211275472931
2931601369
55388450912
5676078696
13245601723
41498842867
34203902450
38195931951
4234738700
15537290568
15536739785
714494745193
61791538956
1364668019
144501804
148825737815
80028504
78182004402
169599806325
153309345997
18543895295
10203097993
172861066741
10561922162
38988230277
19498530700
61775135075
1684834218
90964593267
3645506672
34864236042
6261263537
1512755330
183185482766
376470330854
53770038025
4203715731
55822663
248545243525
28702638681
153207306126
140362403
206701863046
1579787349
153372302248
204131006416
6037990199
312022702242
144128230
284860789508
144286755
20320662529
325552395887
247453313595
2154534086
21297603
6265317520
64021935
91146353
52234541580
78182093644
10881013279
3448613250
758568321852
23744279779
749217133355
441320
2154534095
10205740755
2058771115
299136772785
114051885290
61381323009
206246401523
17022522628
291613386
54772073936
31512595259
169927035120
1557062268
24851461699
247063312139
6340068
573250839
20763441876
64016544
3168722373
1128984911
22002801487
155598453033
33369557605
27365375713
183226304045
205623957037
5805981536
23076385939
17695228441
139036148
17007567449
28008943729
38195964468
154002273
559809593
6864409781
2448173585
52215567248
191292883120
2324914583
91147530
80364319415
30633150398
66620101
3280915240
192278848583
248241293017
236504531116
556764582489
1421693462
20067827
273552983331
22513975985
17277161894
157193415621
284663602855
114069927011
17007102237
28704702121
1821663476
178181128738
21038488003
19400139499
326353527
22710086695
5575068810
19274427045
175152205381
231238474127
309646058682
1638822236
3302931856
4271430538
28570631302
4385790307
231238555397
5708106440
6260219643
21916700058
155472418791
272591130748
223805955644
10632579962
10635038532
2154534125
1706008962
28977297726
42491534441
79837733470
328117818352
174727860801
2499709426
359742209032
175816083797
21247434
1579760980
273485890458
210007888962
75500187988
276646328429
19373903377
2449425154
36979792031
153736299
46521694816
211195825524
153052693334
10649685456
61052723100
17851732891
20298
59504502871
10450728412
19536394953
11630491352
221676811382
66623961
11273448740
44793543
181927118319
147149740
10736918589
2449640455
95
20381662796
18535269770
1375591473
7256881284
1416746915
104791571896
32031878724
17852299511
21472849
61043674025
19312346295
153520458967
151927867
448005734
263523578
741470066
1364362980
10367673041
6262379006
9977418755
230352752428
247054088756
30743989943
18828057298
24197920651
326361541
1135060170
447798561
183302173597
10341902764
20737100
35882411503
45465409484
42834658531
144270481
182136138998
183371425825
150598174913
82400871295
667572817730
121824483
70209607299
183373645736
279782235996
178244959829
1229259476
10625460230
91031959
21740232781
19941278488
3655033965
77443705845
1421145799
10215038
145218795
9586678186
32015284160
153944413
10216068
16457429937
5591802424
1684792523
1135109245
123128570762
91990172531
6264631838
346958659150
2333464194
56419377
6262475595
10461433665
92499278
3656036839
144761546
10632687046
10379807276
311951454599
159690620123
32678058469
182136380946
4234512417
282474389893
13234948335
3645324317
2325231860
17599472677
690000245343
14801699158
43742930589
96200188229
10625471405
71672883755
378482417
72051080353
150816779705
16521984830
312028083854
32511681807
28559117446
182136376664
612244664826
265404207
207959595154
86694010597
82163344098
6785522797
64016666
210002304376
28733581613
3655002536
10730845761
39677990401
85706334
320132018
23749067745
125861588383
36297059449
5579226951
1138127944
2317260730
211194656036
19092337669
378190472
204608325504
28567643490
7256859088
124155241713
5756424342
729280694716
8858321858
25950878700
143093368907
1229320575
20737863
121985479
278587030235
5650319967
284663625088
19504659060
21737964937
55703518
16457604718
70339774818
4459282046
2931684443
8721905364
17599983382
21892938850
5637665648
25537607627
123085413
30716437243
36771219
248418663239
22135482019
5568838220
177102771
32436220478
326874639796
226026752050
283112766478
17005494766
153726192692
182136347677
57788007794
19369696351
32349589714
6866209708
30466411
225938175603
273480497231
3655993865
263459955
10621295980
640398057080
233938394022
225350648716
1230839877
21458003035
21464554
11197380
856325445
80223523049
39522154599
758333573669
332508436482
1230963636
533633011429
30747969698
31482481163
209628909974
1868992262
157006917095
14809899989
85431562853
123283789
3419566
132139631
346550831944
103005159
509674105088
108822134064
153735218
2499880666
1131241356
38987083704
208979132164
1136197639
34514263067
22559826018
34203710543
54587968349
3531056035
323472244281
265247258
91069657
2050887398
85515585
21457743140
1579268940
30729022108
30725215249
27366352644
121822961
31975699
28712024803
174263112208
14256614
226028197684
325550187771
34343848209
3459766800
131920592
814989794405
5587862161
19369583741
181827201782
5708655719
92078192138
10084805413
2333488006
169321847201
220956421124
754071672190
607335032295
311951454600
227082293363
10367717721
178354903009
44794169
175214016086
181927186712
5713490829
27366696438
153157802687
31985399
4702639941
121761506
10262507594
77234479770
156654293
19946344779
157006881140
140426634
35872539986
11273979030
560610771631
34833189130
430529075
173629311811
31481090180
183273042225
20320869437
38978398760
96578095502
5561762695
24270513014
28569691687
121762575
93718184167
5570386127
138179916426
276445948060
205191423379
10048835132
343950168278
2324869102
176125465
121762164
144270475
66622001
214654686214
18827796187
17354299624
263655915
78182356305
19185557356
34853193742
183155127009
153607558
266838475
611369920819
202163011614
103162512
50777389507
4681583180
10060021818
284661140220
209997158443
17281010929
28802263680
50299058196
32031756784
19946496416
33179578311
13606971423
45457622189
226027957331
17036405422
211195788897
95814086571
61381113557
121771204
640057198
174851695819
6865567457
746614920720
46523694093
38988078390
174177237194
205366408845
105124110673
2315421777
157829350684
42835240070
38204997815
9982351909
44793769
284515514154
7371909770
61192077674
21296944
5225349713
5775563064
22515638320
144234375
10367640336
263445188
4235888510
123018621601
20736946
7390632476
20748776277
15581578261
325279433214
161917281341
84352099418
2402574081
175831562902
178180859327
12707121522
6734376
46530969715
2311362944
30732827986
10382769559
175788138314
178714262589
3536045739
22498956
71982846043
262420713085
61384884098
1375635558
144223204
3656006829
3678230562
346556233883
32678107560
20309970618
10449767738
17007774696
183294107536
2291085902
9712270743
13723283634
265112826
2194159050
217759353
4469110094
264458803053
10367594378
752178576981
2315181779
27302442
156765614779
6222826267
27356356468
96500114199
183590247627
3580404602
22084302257
188677658495
2173045484
3110942293
6183216975
50778194746
230451934717
4676392599
282151610125
282816609410
17794825033
4203904564
559991110
239753081696
1376540829
6261007695
21366403
54548143751
191275738021
226027426789
3648203700
373220226714
197300383094
84352594638
226444555730
211197319298
17781995830
54933436086
91052133
52214535381
114090308284
33654038466
210002338541
19174273956
432429425184
7749114567
10376084361
55051177151
173677775038
6864438116
24273055977
5567112342
27367319677
226027516165
38675563
252614640
19368392638
1230508529
2631936179
1130903326
373215976999
6264090641
64016571
68362389417
2448138678
5862775466
263780910
183282075924
5660788260
295545553
21804461406
176138948084
49091475171
136306158741
4241992985
136298202971
326304778
158381956522
191922328735
2257975948
20878958884
5454522
226026678434
263539492
78094786970
52913886848
4646658460
6227596998
38195436971
33468070539
558380840630
56419896
155162094
3313173536
576433362989
34789028
7367404444
346548588476
93517100837
38195612676
28542627077
169608231387
192
1416663214
4878249706
13240734203
91350103
3193970757
5593049806
1572795649
50877571748
22321881430
3647699551
11274667125
7372481358
326357826
261313490203
527531913
21346457
232008915506
6222188795
7256881283
53772021680
335406561293
2632922401
20061560
32253370590
153960610
21972273719
559959553
17599211980
3194177929
81756677
2189207043
3655774063
50780371356
85539068
10084779854
527972415
92148961277
144288901
24444346293
96914196941
9987052330
136355028924
549196563
3655997252
6178849253
32436557629
856234447
3532298572
9714642094
10559369050
1994866769
24744338535
732027115436
52214028549
250386552943
1711391
9989408880
24745619198
10256254521
10511997314
391597693
42831737183
448054816
3189464668
80363315990
191943439992
178298772650
10517785738
44787902
359829395854
175787416987
21973252807
80296721
5607287463
34208122131
167514783561
3194206877
21225551
2501176779
2722431726
39377376316
33173466488
228399259180
21884964293
172575859621
66638405
3647911277
80091635
85537585
27366814519
144782836313
9378199
1721013
21738456822
34840101632
192266461576
34211027496
328062542301
64022050
1684920666
137524365583
5567221067
21296399
447609133
10552572912
61195593147
77439467926
10114226312
226027551974
3194173840
814926205875
127261771740
641407834193
225253392432
34290261208
2315425443
176128789
1659115872
5781053456
21378228
21506635132
23100079879
27367541598
27367557940
348789242536
24930143826
19504035350
102892367
18836850997
61018321437
34255094907
158125324552
157589509486
29943233066
20737065
3645644433
183304408933
10635094896
155305259
1135704345
3450205211
10879065829
273860259155
211275596342
350790473081
16582992653
21916871121
89704291241
21372221
144102048
350606299879
71970761936
13239567074
1035563
92112303874
23744711292
102956739
11191681
2409626320
297846061653
70516836643
11273688395
30212358968
417046788767
155043169
264158388263
3645707259
19370976019
21880811903
856269465
250619266271
750108420608
7390633083
101650467492
391381239
23748861750
34742224322
153224321715
1183179339
13235411528
17532376455
27366657560
53544174121
25557505811
159373725543
3584425666
19399612658
225234320576
300387411036
3194170055
19503280393
115580203692
8791685
51016585901
216562013839
2409354926
9712430852
144282686
287832779383
86264976
10114484095
278667353910
36713556
175783927499
96499188640
144218083
691248017289
263503957
3647842122
3571446501
10367646527
153922678
4242414432
1260402445
85533721
39941873230
20736965
13240926028
17851493168
56420016
749216889158
573370823
10367660420
16521219819
6864310504
178531217192
13243717617
10503032946
29946774475
2131947761
856249319
9716910911
44725834
2325311931
46521659902
359823953831
20826201162
33468050741
28800154573
33368368339
797006626169
10503006625
326358138
92047905109
39941733664
64338292320
17794469126
3302931855
51989421153
275971789246
2033523393
22319285686
22059976640
21392443648
1183461585
1685084273
22319236286
30633292041
442069
62384875183
91095923837
527363885
23212675996
79299085
5805594326
102892434
189389317523
430526363
175822501338
136301470247
21986853102
153278730263
157212571614
35891633815
10256159533
21408526
34151353
856239017
270636947755
3645383044
8793157
25557268450
21284375
105241618527
5708096289
10108778354
3645401868
28553885352
774590912604
4451430235
38195507587
938985140
11339066
24197194654
153018679674
30631766037
10728152871
154123318
78094489924
5806446749
92549110
136363206656
17254226254
3374281070
346547406720
6863395584
282540388585
2500108576
10453073320
182136337241
121858744
38667300
178169176936
195335598187
4902844069
2324130030
23099828427
3194006620
81726456171
56419937
13877044226
10127083230
83418273106
194848146665
5091952
378101771
26099525
17005280920
546469753076
39033016635
359746500637
17128086710
234348151735
155154846
5673846913
5561754016
144310105
4876736729
409157083184
300335624532
247054085104
273856199013
10562477878
448054949
1511828920
2932044872
5748143080
21392790090
507362521569
287061088353
168770180670
20320841305
91077518
86240244
266655557
5708101483
28505432528
225436730375
178203459199
73747258778
4681583114
44732389
4385977120
92640413
176132801608
28548516244
5567128312
4450933046
52476670370
13245601726
527551028
20733620
84351891701
90257058826
21888820547
300226514307
25557736496
213357047152
176134814571
2290915037
6222072737
19504004626
13812671928
97002175
10084809173
286741346807
80327318957
2154534092
4241986983
263782832
3582970362
62543189007
36986806504
45572925514
1579503358
5561784537
231389933453
144553556
22060985684
6620448054
124539986160
122084800
24851699393
130993807735
347023915600
13239460081
154139319
1229575526
2186888164
176154136654
3690947402
66626239
1732057
2320487711
144471380
153016699531
10879050492
56419974
560002554
29178833875
92046587157
168770185408
10649691346
23624255280
32290567356
16414682003
1231137745
13461496
168846447966
518696376713
4905463485
9986671908
265365685
5587917913
8858137425
28498062659
21937043480
6222384314
2341587270
375997213508
210450962121
17883735727
245575509064
136327627807
10539309383
294462403
247054085099
5561768348
10087838176
3444613571
225570988216
17171480908
36402559112
1289457330
19504816486
123428473762
29953467598
191281778026
211195825528
2576760780
183613429042
2932065101
128170117187
332192841502
430529076
21941812021
461499780
92081714881
220275889
175782461117
80327334
286063217997
64955454782
1685032040
386867343659
30633348072
96499312171
174865473644
1184464975
141316498045
32420571051
4236289695
169094138453
392245305
5569374840
28008868660
1230853273
7380450220
250621954180
92314416730
194853909892
155265531
18849325675
66620108
86171103177
10562404020
1276823710
1146097248
375996896338
2449472774
326309519
4681581680
131856995220
154061543
230892757902
360781885735
16864536
148525996148
10880799659
231222792845
102898158
39950783806
505281132740
230352752431
349527821901
287061032248
13383415342
19503995704
23749075891
13244949551
7746281
21392443646
34206421455
211377924824
282474413111
85511322
17908968426
96194227
212559113511
1416834653
10114501738
30712399121
144076864
28724585414
30712970273
144945405
6863837954
389383516
750106037963
28580622004
18849068317
10469368163
2958824822
85704263
191778618346
50780300713
153161601939
3110712685
749217937735
752236753898
32351072376
20032846306
557931608946
96948746241
17006705231
4271764506
226027957329
273480523663
19365397680
10503049476
172676889354
15936149
155163339
5561754127
21457564373
45459797864
10503006904
6863480427
50540873424
2103865476
89903185518
213364581791
4451164029
145948640853
11273920040
19534861585
86692793398
50892652368
545611846920
32199290081
2325232502
55663889
238333599
4242312770
273822029556
178730581382
28550587297
262333189586
19647824488
92176190917
28796447758
262420617662
175795665534
153704982
66640505
209234566726
85537578
33372806311
261774324495
174725007667
1133923065
35994000280
71973048233
20299076039
114163446615
2195620540
1377075774
29951786109
34788896
19505086232
175885564159
191937417435
27355939436
4907482662
10084714728
2932120859
148930483834
96500862920
314304857615
18113083528
8861651507
39371231233
9684145503
39376535277
1886037104
261660557684
274665433955
80677688855
18830403845
1230550278
2172430793
155300177
5567821862
10085703798
91345224
92157878884
248497269952
10367674218
5640533814
74096842
13224049764
16521141415
13237021095
59503077939
221140784540
96915341331
556677254423
22083397829
18845599089
188393168892
3536052413
136347641775
209235573954
225436730378
731247138
73550093125
247054242286
3648089974
80224366489
10515452784
144983363
226028017265
154090249
3678372894
19632786291
92373173
17171187111
9985186832
4242490493
282474499887
278666194558
346823938414
275187622419
133431159416
291785508
36874484286
7369603359
430515508
11339237
80825058619
24851241483
6864521059
34287275371
3647543096
191938420820
226171395414
79261239
2022789902
181590185386
232020645084
284782634697
38480855894
28081883935
17354530825
311870883858
556976562
261305138692
17852227750
1822738438
18833446950
2928093312
35900392
34208166937
21039668831
291272655
167694918360
144572706
10214954
527532329
34455336479
10027160571
4905262851
54559233509
17354542798
325015510338
28087578539
18826597675
2448270474
27366696434
191400006918
11191698
174736364772
209998159698
48207340271
151864005
104791355583
19502718366
22063150947
430510187
174866247816
358972201156
574472905
3302248812
31481063250
447534061
178180577265
16583994908
17354231049
78182040320
5106777403
21038586057
14664872632
257836153082
24800879365
263475277
184094989042
20142086599
28800428347
1130910955
350668712100
13235426128
3312924111
175806328917
10559851268
67384548100
5713738849
332174583233
180809933484
25205392658
159468724003
92003311000
19535055351
226027702537
6183521612
34194231760
3647904266
270702687555
73749727551
174790102632
79459577
301431470655
1416513428
1133732648
13722940362
155439543
1578913394
247051559993
3194174219
56309848
6662662000
5561767132
326339494
6863837099
2022785860
228819470737
300385139439
121753692
46522375153
136317712373
178641991305
28542378352
3655894977
359747673486
20216278189
2315277974
1188233255
7793352550
560103347
10578277304
300384958131
103005024
269082167
155584114616
85536924
13877055697
291557824
10367641069
176434007
10458239992
21292300
49501516145
73456834284
10632688101
275422444032
17006120039
34862936356
80323592114
66778681
19144588998
34291280308
168845153483
279785666512
17354501312
28962144917
43735709544
80363649456
773966668325
183302169112
275001559104
92028193745
92407527
6863708659
36406097001
323998531258
350772318986
9717353880
1659706239
183302170152
107092444553
13383296290
13481362852
116772323445
92146866804
61388818723
222025093739
225639103269
80817194
1130878892
175213258658
178312982175
13802129022
20307701536
284860265338
145079489886
1184502894
91052610
4702839599
394192180
169023635102
263606081
19535387539
38649783
27367076349
79377620
77442700719
1378379989
3110425335
2448173588
17354131956
34788846
3444319785
85539170
21387428735
104791671148
1721114
264915129
10561741503
10367652100
178270371234
14065721047
22071496312
145215421079
13606112183
35872137125
169321752434
32988023165
46521012695
21137987
11186715
25896435960
265275676
357768720543
395524676
18826661911
21915444201
18834766011
10253289441
4236304772
16521937454
228109547554
311951336483
198556139434
16521337241
20736660
191792090955
2961141689
349144923169
211275530598
34865029336
270632194476
300903910
10576652432
131858974122
94641844739
6222730161
20733597
225533851813
34859801936
290990953
169171663307
2728006218
10625319106
19399612656
331591680039
152391281415
20737140
183160564468
247055406501
33174009019
7373375857
85700606
144118796
28537690022
560153118837
54606531268
210609313316
102895730
23784701268
309557900
24272603259
204356837112
21393128839
155163043
461501579
938916804
178179361977
175887305333
4
103397776
14165046944
1139367763
2003890150
4254230538
442123
34200780555
67392687695
5567134343
176135722
211277829794
5418677745
265019810
153754001
1721086
13245601725
3094292514
23782994876
211276702803
80681110378
4284917312
86263196
1530838932
179704100855
2632133887
74460886427
14755875620
285379514964
447633635
36965622657
162571286223
5806034971
27363833599
2254843668
6182757534
376881957
50777952978
10632563077
282541901128
102978416
190569367539
10367690821
2061226774
73746711450
23624246198
28542619517
10084805949
121825053
153348149644
21575989
252955338
40814019864
1538642254
4242079833
2195200016
114067670673
459588284235
27356360353
263749433
97484088346
291670456
27366582439
175805856460
16364376
749693486809
10114257338
304559036
10913200593
172929222414
1711430
19502038445
799517737689
19965395698
39670244844
92086281817
1579579753
34742804433
71877428953
10511958888
684998492550
2315177795
10367694235
18130453237
15536753082
104792130854
3164116869
30633292050
21972192191
856241832
378662844232
346547386105
5780660276
55055928693
1034694
73008601005
8664488996
32976022669
61377455019
140989134180
104791571897
35801645
184091406641
19208171263
3647543100
52214998717
299138969058
122094481
392395793
1134128853
17360121916
1230888794
183433590386
91066731
6222466965
1403351
447683107
28532545147
126269148966
50766856459
159419869139
5567134345
6183288245
489881962372
3648203699
93718582299
17374102783
11274706906
328740858
273821983887
28761154826
27363649820
25537786591
294462922
709013844488
11185607
140409100
19399814741
64034559
31981059
281430923907
5780202949
210002588436
207766162606
276447641498
32192053839
102
30633381422
282474264625
2556544779
2171763487
485685888016
5774569835
275187692511
114044707519
3008431001
144098961
225639103273
10539023042
3590546662
217709259649
244773012553
10625451938
729301459527
6178394976
5561818810
4680396642
17781433193
91053182
226027684122
75623348742
21457559910
300387578418
346552897219
16667739182
4242380263
550835963502
17354352207
81673209669
146476665426
10105534772
17783869375
21908057793
3194170537
10626148297
13243937830
27362890213
26100244
16316536
32006791618
7375635588
260833485049
5708090097
196861993516
209469813251
183599630063
14666234675
28560783502
82403557445
141316610730
2154663890
10103011410
4451070320
52468462082
18826813231
3074807051
43741489169
126147460593
11273757127
159471822663
35813526
314298549225
6320607015
220770888933
183231421610
36053854657
36342876446
34200821389
5561785361
25297388898
749215012921
291102205
131236518878
10552490765
56419775
20087296944
92155369893
13234810335
9716831451
273856189953
183160624258
30463034
32675118783
144335030
3678272992
153161014993
4451219516
19365265034
21956531493
19472910855
1799789851
309501971443
23749079147
226026743786
753443188647
21408657755
6338939
66621494
178179304406
61196707988
20320733686
99362150141
80287608091
3678230986
21991303927
715081467471
19503508745
54550005005
10369077454
265052075
7749265288
273486757647
141895214648
212051850836
461635293982
349510349269
1659610747
20217541223
144118724
10367685091
183294107534
182136365027
43743799388
168770121737
30210279075
5673701364
24851142416
65946691756
757662823803
91149296
4245044251
92091724030
231241326045
26617653
210007728320
1377129936
91066571
1511306318
2832893653
1969232653
6263519698
10367666277
66778660
9983644993
282474454099
35801618
123254391
17008230663
14059131
207766164072
20308029181
20850083
121803190
148229305527
1639542763
2027976
85540199
18836464950
10633755730
17018815080
3418531200
527527330
2728045275
349190168733
102898087
9378973
52130032927
179698456829
5106810956
45456646732
641389196119
34195502375
2369922906
461501714
226027672715
183178377510
147151548
85671862
247051597509
1289431174
17005441410
137042833970
62844604484
5070895522
29955372490
205696653206
36342312178
82150425826
8858314369
86131422
2592559438
19139158122
2932062319
278667473375
346309314411
3194098321
753443188644
52215086613
2339132111
2374449173
39370937026
92395587
158759177347
45457869952
221804807188
79299645
20309941097
176153116826
21038586793
2319156096
5745638294
155372068
16582752131
144575078
331535203383
380723727412
191915294754
350543661669
4451168735
92088868833
159662116737
19499758794
309693434971
195287714236
183161762658
175787112930
17277001551
91176182
52214858218
228796929277
6259697175
15585567603
236072752534
1377263122
28795643802
5771813277
80215490270
14755110793
144097565
21932549160
86692804645
21826864548
81756710
1512523908
28530625287
5768078722
27364548965
33175867743
194848191734
2472181977
34851702302
78181616154
3647543098
3647549846
20741519
230342664385
547950446878
938799749
287824545967
309034554293
17007831364
78148030070
21962910375
179170241697
102983257510
430505218
442167
391443233
24270689585
24851411283
205826949761
121804228
16328192
52332351702
61385297995
10002939756
41482107445
4236194254
54549378453
144564413
27367167171
53769216839
28559368431
86240214
19138801089
62382153418
35801218
29944410700
144266347
1229242289
813863542
287061023716
152920560797
291561452
247338399743
169321841205
247058640337
2023551980
19882051226
9177208320
21457750577
96221622519
157006876618
1803401555
6321713919
52469688499
46525059707
183487060388
19269217220
54189842364
57453809096
92058727906
11630476547
78148161894
10068514758
5619917291
4664696559
55705012
9990477142
64725300203
5594800415
2003778523
24851670820
1230494845
23782862576
5570267262
91054077
461516209
842077238
558993449178
30633485214
28721948342
16521444901
741371837
195331138991
3418829
753370434922
263445438
19504823006
3531069081
4647384149
391505540
6321661914
2141620698
6308455
10367640793
1183615028
153173686833
226027684120
294974987002
71843173817
7380444831
46523734564
155201752
176652803
39369358679
6663073412
25639125915
92035061455
4242029225
276646224669
13782447096
24097817955
58087615273
18827046507
291122155821
10341885149
36772041
222054979210
4881992029
4203859753
10522071352
155220780
226169131556
6986891520
27362261107
265442438
5567334965
14755094951
155166042
17006719685
938932047
9716062769
4702029961
1892009817
189255585844
5751635610
34835031723
453719657
1572704057
21392790092
178295363475
176128815
19536769117
1684932823
5576990996
284663511244
232133497503
75623756066
212844978646
265150503
136733850125
35882268026
3656036845
32185535554
64022175
13722940419
6869567585
139864658170
20047268
34849431853
144852921
133107412976
13239424484
3071695615
13243744551
1885479174
21202319
6863868677
25806959956
3192095209
96915406617
3584881857
21988442481
80892937
350577944244
559932143
715083935309
123090532630
17851695119
6620378761
138030076596
163360236087
23076034914
173679468625
10503693618
2024916268
294975034875
219515927131
32576206509
23859645177
7367505086
17376204024
32028897210
273822066100
15536786299
188734690377
75623793731
13784078123
85704015
3645383164
5106777856
319970682
5561769674
52214046544
9986724967
294469976
1821722360
346210135701
6322091209
6222428285
326364540
18851974255
10038174014
207761885057
453327493
92131698171
21457866160
5561783678
11636532549
31975694
350682986771
82164603692
13239424243
273822044332
10559991072
3302129924
24851429528
210515998344
17171446718
104790909292
139251713
5567950414
11274025326
28538499099
21284324
10111273835
378445527
5832749257
6261106469
28532193150
46521273055
64021784
152428557309
206702238651
19492614350
169323883327
225234320574
11277849065
7365934314
104791671150
440364946
189426532670
264970664
153189125953
753380884028
1711472
1231054185
10563196405
17281188935
10096759455
311990321724
157004854556
6260138988
10088142400
27365320972
208981171308
22807847518
233504682581
247452117360
226169189158
10522031357
175796625433
1685092590
753442035768
557571235225
231748389501
32004275180
559942953
715152661561
18117481035
284663590042
17008641771
77444587903
154626182938
12182
30720028424
160382612289
247052923005
21271955
1137449623
30721615473
66639224
372930808216
9177465899
6864699977
550703507
16521946322
2059303897
10503051802
28532723061
38490854165
28087075284
1697104521
27358685393
1716105
24851737429
105776513971
22459237708
21936890241
216840516530
102953566
34211073173
856269204
311870612110
115752832235
10367709377
5454469
1230960209
2448218583
34193965717
17909185342
64785875
35891211440
10621286692
33179384780
44794312
31975705
21392422
13224301541
39376673013
1364614824
1885491377
4203731633
52914358711
263822796
175283580847
19368251108
226026661977
4451370258
66639678
3329942820
350609402152
4242390639
18826859259
10060025015
151732180
9981018041
175838479717
70609717067
144174085
133429804203
1538936376
67377610918
549323725
71843022953
32029005019
16569243073
311862602063
1374416
32353466260
154338353587
9712237556
34194347155
45437925876
328746005
346552897216
8858316062
123083900
250621784755
10367705336
3647911408
152920050267
8859346869
67378949002
153943724
3312971175
19502311185
24745199054
10367601012
5561768315
23802728346
3302785445
325768621796
219134779015
66623417
263783797
226188805825
176649428
75374266
70209740696
27364079798
75623983813
82170689655
176077564469
152917321496
52214127071
2961703638
213359523082
169171610896
144130842
17908615040
157597188242
527531914
28533069972
123200834324
19368392636
183200544074
121777418
821692680630
31956498
19940592060
9989494972
153526488316
101204321785
5804425631
10586950908
663676060882
2832890966
72042028763
3647828287
447634630
346548582825
2058818796
2931663723
8858262894
374648022
32409839910
145052287879
795840760731
359825842411
359743326503
54540360155
18833152660
55713384
55197918010
572241129
10367643921
5567629604
61386987557
19505085999
325550099149
175836043684
102955899
5565198843
21949629145
284908743818
1579459503
231748311699
7825570822
856549110
1128085523
28748044510
9716920249
514267268
1403429
381118421403
183160563536
104790402265
42830072120
19946406015
183161700155
715669086542
32188695946
1638729503
2499776201
30718442368
50518755
159663186078
284525786239
122048837
206922238327
5764096122
10102338466
188734488441
19274632743
70609779860
23783108914
4695669695
19504384614
52215554826
19510253043
82166703579
195979185884
36966545110
162103022428
20309067603
61376034207
159559396632
17171532108
16265539
176122672280
9379391
27367056737
290007160822
993094188
27365381056
13863200608
182038271006
9984615807
263794461
21284377
3656038320
1579711809
222079740833
378107657
121776215
114060283340
206820881027
10621295981
2447732138
29952599619
378291970
2315085326
210000188597
346548496954
3081664382
45609071139
10503006111
17005747684
375996998774
5708171304
40708458149
13239792885
30492767
99676571105
52216491179
61384859056
176135828963
2449579046
173666415855
87028804563
1579462308
225507811062
4468957714
11277129003
32350422589
153780089
6863703567
3194173412
91136442
144760429
7370495947
86694081098
86101665
102955886
225350648710
21921427770
233938269508
442291
8901939
217541768934
1705990039
273822034581
16665973746
52214125028
80330263662
3194173108
192272793817
3312622735
121860078
225330619754
92061275292
1579504571
7483369888
6184447951
9762291885
71885236875
29955052058
66621470
126890318384
18830102557
7370849658
248821914714
552080020489
273859223481
2508929123
559943662
38987318256
3648207446
19504567197
168844126269
378291974
138253850139
2341628173
28532723060
753441947952
346551844579
83417951543
144564952
263759398
129877984786
17852172638
10084811186
3381784834
10026974820
10214970
20311025668
17908392688
22883251453
157006930498
749217690412
20142109802
149064660414
175789408863
34286788960
191128082598
360228733972
16457662251
17851624342
1920050725
34204065005
17851908304
169023418969
33151871554
18838877568
6184116828
25426
350644950438
24205441537
85539066
121956321
6066508623
49694338047
102893237721
3648162410
46521334662
236478069051
250621698440
28551362775
27365190523
1711420
312025965109
225928143700
24197201039
3580835260
15580650830
154329846726
10367641297
226180186297
13239273748
34304528620
69205035313
6864168009
34194392553
15536556942
21988829964
2325545172
494794266
102895231
21889296357
14665114849
6222428567
105400983356
276651921851
178729481602
155130148881
265378412
3419617
6022789479
231476099136
1684930075
19503326640
264459233613
2931601370
1693702
3194170056
13607722142
24207701943
5778879956
150981887208
34200128592
16457562668
183354141831
2832892216
29943116670
8858135896
1572517825
2033522908
28557953198
124525223274
347811162
169326887853
151058771707
153924317761
159673088868
263445386
41534942128
350609402157
275185472504
3113954459
33175725990
31466089734
3008418785
263850928
1231093244
10367719128
39681082287
153703207
263741480
91994965228
23624705577
153981684
91057018
4236229351
144943759944
127216068909
377052298
115842282273
203865389910
1897875492
5708100127
18833943960
24851469761
27366667628
1131125681
13243207388
80280602885
1375614260
17359917091
234224948283
25204473688
34345983524
34848588712
276451413252
175790035392
1129108003
5561754106
1377618118
19374349575
265359162690
49088604622
2172355102
52603822540
3194173106
3447369986
27146418
10503007257
242366581170
38652107
18148914089
30211382006
188483017704
18831711489
176136843095
35970780540
182136312350
3645324369
155162880
1579782798
19400030730
91132596
102952269
154435648523
13240191711
85510709
28795198510
10511957310
319978628
377030280
91066377
3414422201
4254203901
28712661393
4245055214
122094792
17254232651
32025608281
9980198714
3647927373
159685698070
4242473910
19376729765
61447409947
53227007560
210002481123
162095879379
2022673147
174736731651
348826280084
2154534068
74768305048
272560086209
150689729263
373223678858
61382420772
1230505753
1135254825
15586038174
202272214504
19189369935
34286678676
49248745200
21214324
10206521191
28538204111
92394436
1136221893
140362969
204370652289
5804459841
3656052782
17781947121
132201184
278589298196
841925571
36025105
17927563211
442185
5626857175
70529183108
286662441258
196038355849
193345580587
230768321163
280955775037
1894264812
175791058753
19368951841
62164095
2325402733
94773213344
574694806
3655894980
10503637170
104792112133
136342344106
4234581460
527526914
144883989
1184579376
1880065505
558993702183
86239965
3302253047
145436647
939309050
284515514151
144944577247
66621993
10207235302
124763536091
184206182062
87026420532
20216511308
9373283
7483470832
359746513516
311951634311
17278151724
202055336708
191788226838
273505022948
4695657275
1375488626
21935609801
16668676569
19504505386
91155639
1712229
61192643090
21430418
78241758724
207762927365
20218996694
2019872146
17354294984
36963780865
46543009689
85537019
1083827
3444905517
34254028194
67385462208
11340670
1891541072
20736591
169336911650
1131207249
31961078
749216777018
298088660416
21984734513
28076896122
856273137
11274735178
30718589784
75623837522
153027485560
10475586438
8858305798
5089195
247052923002
19504716148
22831827048
5708688183
275097495965
2535835082
10104278700
35907500
148947704149
4235965096
136136744549
368466589331
10367687863
3655699128
8859346870
6222434100
324542331435
423843563976
350235488917
1230526151
204160898718
121955890
140350033
294939155684
279782187618
10215045
273485118994
1377412714
4235391772
133888605076
25205105858
21408535
447649667
6264122531
168770174680
86186936936
205191344759
19138459484
276447737390
1229951312
749216351106
10367666364
939014862
32350004813
4674077537
6263829398
4236229750
5804212126
33069915358
10729584581
144778022791
27362453992
234705739462
91150568
17781838824
95489450942
31980300
153929583936
281670427019
45455239792
84352907689
2171765204
117350554433
291541871
3110712245
1145849813
442246
38986110929
2311250803
190865933032
11273914625
250598591135
32003843657
423906067667
11186197
9379826
54190391309
856259117
1130932553
264973905
28708519648
18854518535
123276063242
4241910839
752178490311
28531614139
148025660262
6864389316
16521922680
10469146702
311862662600
68616032923
34378007215
122115103
61195016276
264269151
264459661644
78180372106
633246350
20320721522
27366343917
102892444
17873087902
4754883866
8858316109
1892632244
148016504243
6866027195
157203401905
2722565632
170242730349
4907146653
162119389986
3448744653
181800115881
291941861
573082758
14666446849
263527138
1994861659
21986848811
49689276173
136341506467
263782715
81821302042
183354141832
206701797457
320100089444
78148175381
749052741339
96915507302
290350147225
6863642139
102983566293
20744602
183409167545
17005654643
153922629
141867380281
80226600035
349497291236
92177910921
10369027529
143876385789
155619201497
80295951
157004840329
10624316674
30738397167
348832287428
176128774
1970137688
163361305937
35891554199
226026289863
188371356959
309502028931
24273990861
32974950193
14161519819
3194170192
749216612973
376470581839
5412067846
21305997
346547385054
131858575723
28093781590
10367640282
16315407
1511305326
2325129537
178161709973
19504430435
16457554211
29942867818
749217233589
19065079356
29179009063
175799736837
375532102846
179816245227
3110765452
29942093653
752129830123
20381448643
169241861318
3645439033
216840898694
144502778
13445510572
19504178286
2255666856
6339411
91176168
225310597901
183188198384
311936409579
81817161549
4272269054
10587669665
10503047786
1994426102
8858264565
173587835416
28088673345
47722215561
19504659054
1711478
39371418063
4271358350
176125436
3194207305
72046108027
169592426766
17851493169
121960489
26110331467
13239445146
24786184498
21550979
204387104242
105023396825
275097495961
26103408
153776474
231995223968
1230910528
290055966176
84352043380
320138659
92109895829
28531253007
148041913838
6259839299
70536425761
202198729260
172655824089
144309944
749217853942
155594982296
61381863755
176404839388
39790811723
226028189686
225938175612
13606451411
6176620901
102894273233
319980990
1138692973
28715136441
19500495494
123265946880
10367641302
3194168190
205425429799
5639913651
81624506
10032060769
25557197569
14388
86197821897
21888814584
1184581202
34789111
10214959
158559628852
27366647645
45445068843
21568422
528537209
144789494793
19301010188
6261917408
21116068
24851736525
247449929499
20216489135
129600534231
153024522006
194848122186
27367189791
10557428001
194855045171
1712236
41523442527
16457446776
44793193
27362367900
21038579216
150595930634
13239395271
10089022764
300335906015
378199318
175787726582
411442964020
37841207259
16522370192
2931556574
52213586151
10367640473
64017452
206121366146
282724852946
13608131659
4699258535
17009666895
6354496407
175787244298
4262653231
21978689023
22710335596
2264561126
92090655742
4236333079
7825571951
10083937146
122515775436
143101695557
560048653
2341598007
1131318115
5418682479
61374984240
64063517
1231137442
80084953
28555093579
264458882866
271240841255
466365904
153722240762
272325039761
37840581490
34209404351
21285495
225256401017
5569317778
123112996171
2059487415
21885502034
44793355
17782295749
3647700049
42488238227
10880551843
157005859451
180231275007
139301328344
206943342050
795839554086
82402461337
13723306298
10367640202
41499871240
182372887774
31980693
19369886316
145199247
10367646529
30474129
19373639041
10216079
54548731718
1420432997
178295283499
22321883816
50777252630
46521545615
24890277115
52214760401
23859822166
1684822511
21038631700
2205773930
3647540716
19941378849
24889657792
1231006665
53227072854
93738542028
574207474
13240088359
6260161084
30734670045
424112008734
44794137
510962243
10735904936
3448210698
1132564259
155677315426
272560392455
1135621119
221660208008
9712365304
411962924975
275117736289
2324863674
311870612109
50511174
12066811
299150679211
350748641111
494816188
24205152701
226044290768
300335627830
50777952951
22884637232
23783568935
32028362637
132264313
1891437887
86314896
18838880522
554784626737
1659095084
10723576842
144270476
20142952552
61749096567
2846895999
195224668258
85542804
20309526895
21042427035
1710884
939080304
93718268076
17006037423
6177167425
1888341792
23114083834
86243825
176134813534
82150405562
5567168657
729277876898
16458011714
1660374148
3656082026
144935864
271635936564
10367685027
262422075658
86178297518
174985650050
21214368
74088911
22993578
168770171704
17005331235
263784080
139757231017
13245259510
45461408395
5673598671
144274505
21307875
155823384139
121823347
30633348071
211197157036
4907427042
10461426136
300224137774
3678262713
3703783433
236689036902
144270469
6222149626
34205089454
21457556152
176120657512
92088589666
153905877685
23790315323
46524431955
157225818
226028217428
24755493750
25228740139
72034431945
10632682532
10367671957
42831127353
144756699891
27365427759
176132796374
19504200494
266836900
641389895880
34286223842
30402953403
280290240197
22098305815
1684828767
20294
11339542
86171151115
132162411
14107941
153734373
10323447287
78094765489
18827046464
12751727788
10455184286
19508479540
1886313858
1822741675
70525102744
182136329949
38991065428
16521444899
329973407
1229320682
20095113163
226028217421
261677731462
27363695322
2472071285
21987062774
5578752424
15589375415
20310519971
36062469467
147047275642
3189429774
10632887748
230331654540
180230680139
247051567792
276844393069
564190055046
18830231427
10367652099
34195074435
205789955
13789723058
6183873519
375997176444
261661804141
183224300727
123384728012
6320703560
17274740619
54697432933
6306004
752176873363
2098209502
733783596187
9987256842
143702487
1140153619
1994392624
376502897838
20306323030
123090232
5567043389
61628789144
66620091
86694075466
6263160620
13235411403
159559492101
10455178992
34378003262
114076138884
266836898
91074333
10216076
10038484802
10454901671
527348069
178180992527
5566759510
153166676044
6865583513
191990787878
169326886459
25297309869
184256554835
3536052392
1230105423
1658955819
43744382483
169323857023
153943699
2932057319
11720
447604192
232941217366
16457448739
300552096959
442070
447592589
27356370545
373226300037
294505563
154948939
13862519148
856348453
5561818812
19946483330
19460235860
144200228
211275315172
174724680789
1713206026
24155893595
154093710924
70609571999
11339506
91133061
50767453144
4203757677
210774997401
5567295102
270706150607
2061602530
144590540
102956714
101661662650
216869117860
123208499
795840691230
55676168
58100317477
155157561
129697343717
34143675
1230996564
527527327
263794463
21296948
3645443584
8858322822
54550077773
656380311899
33179470284
281670427043
332723929482
96500285986
24197311356
67374510238
93718268077
19314031857
10216024
2932064429
38724727773
715081071871
35811006
287658329682
291336903
219468528
21736464251
1579704115
2322341540
375997349830
179045765741
133428009226
29179009062
12623085
85536874
36992838744
2357094727
19535091875
5594469198
358293477948
10503006626
159827196663
121723120
153340141981
27363006823
28576185944
98253905072
194845327658
175804908467
1510596
1579462345
360097418263
151945226
52215086616
20090196236
232450159598
263535949
225617013044
359877719205
23075951787
153940603
96915689882
1994258777
33175943839
1715246892
30633297824
304137964
204127154063
21916105447
11630491354
52475509389
32032456999
19370065408
8016104051
24272921139
1685002366
3459557733
64058007
2339150732
2325127869
183161890558
1132030769
61308287296
1886958919
300551835758
6103799285
80296022
1416661603
276318570864
741487927
25559698817
28531614023
7798811055
856281216
479359402800
122026398
34291327079
10382292182
2333359344
1230171718
52215365135
749755814619
13243814271
263759386
184236589082
206701882250
153959342948
61371336582
247056435834
1715603763
216840125427
22320209166
3095265787
20736726
174885503846
54550551792
328055479018
29956194548
80028431
23749134953
28532627742
5919314643
32346068917
50766198030
12052013
18832360301
6222148281
560632813887
67389648278
28770965124
34317046932
3649640144
21179728
36050302486
19499371760
1230018155
114055737116
10529415431
16435294847
1573345799
17426345035
604156023774
311861212574
117358686686
19966270048
289997069515
376512958234
30721825377
91191600
11339085
168307005308
34116015696
41498352460
32424724331
93718605047
3648205382
19534588042
144776435069
42494691817
263498053
131859478827
856264536
5750905892
91182647
71848252765
85509597
10625454408
376470464713
91082990395
13862206196
35810819
13245061826
86191572719
54191203425
10367664178
466358072
3008503798
144484682
266830010
247837742084
10452258276
154148985
10488540394
3583076877
33411651955
20225068552
67382015196
225932148187
123197927348
9991760133
1684932825
276448822196
19876456161
168789918914
255661722411
14113068
66604842
52216219271
210002396133
16521903722
5675061181
549195530
155548483270
72051601751
1897717432
261774338210
351512255627
2312128563
19946428927
2162788243
28073455847
284515514152
144836079
23383438288
28711891500
22198749191
21979067666
3645383168
6183858090
4702869453
43738288004
6177046909
79265462
96282279
72042966549
10060030704
7375401837
175788869795
17359736135
5561768464
34253532002
9804374344
181566635452
3194100599
36973133419
300552072448
5561837857
28546586736
163606725640
121780053
27366391324
191302954645
7898658743
11339729
501734338366
46519475340
556118757
32003848558
17254162109
136395160527
35872405191
169321844289
226040286178
559080495273
291401577180
42478272819
75620880622
80558153764
2631874746
157006876612
8663738911
1659088741
11630355650
197300380072
234241434866
1894249338
28711461951
28961029190
10115560098
2931549131
91131345
172920443276
82187868702
84351784146
727974430412
67394893449
300385303206
56419604
16669144270
52913626142
5352453794
244805222546
31961669
10084779760
20225492667
10368978739
346549809603
23749275318
211192428903
3309916854
91175704
36992658368
100774258225
74030808
17009718665
28572753108
145883272616
144286756
28535352556
91350506
9990796547
22488737815
275185472502
159833926880
169325885240
144882396
223616675434
2592638874
13891636862
265350787
239494569155
314298549221
1495089272
1377509282
284896341107
4245128398
17852008117
1684836781
10626368011
16569025316
144935867
29950418351
1572704055
36050366438
78094704692
730689795571
5567025953
389378322
155596615812
24196881612
10383092259
37522851451
3655698812
55914468
349043348107
276743747601
1659583401
373578576842
211278902065
17005646929
7374844092
92055575261
19504716155
5674071756
20302537829
1128625127
430513505
19368839093
314304941850
102894736219
389363321
55666010
34825935
731907494089
5582235576
33369372445
557690988165
183160544150
1512383789
669502023121
528888065
79260290
70550886666
45463300210
7367056172
85656066
13726209491
21986807021
1364420073
175802041450
4242796833
85518569
104195685237
291878317
27367271296
9177095725
155567105315
346552947912
3647842128
49017329946
666679428436
2033522838
1137442293
19168373663
10517798195
197292272368
153974739
144171966111
13586
24274441062
10503593741
218174976181
44731904
221141716235
3678181501
34200787486
226027686348
45456948037
17281088178
1375872820
10735380049
96916399652
21375658
1135337679
226081513452
32020660095
34253532171
4451168712
560622136767
13400878221
225606995306
291949443
206653663191
182457271889
32198300937
153035055518
5749600284
2471706781
86260881
1659515675
77113465816
80359641799
298079620237
211
527369747
24172699505
28714917444
80296682
209234552348
45456341371
16521910167
3302930798
34246685849
377030270
1891952166
10625458098
43745762422
155666129843
10553428190
8215208915
4907144912
5561837859
31481169132
192271769583
52576064835
3645383176
16391954
263503956
225984278069
12051470
102898159
11274118559
183590496079
77436735651
27365513064
6440736
85556236
19138600167
168846366214
1416713984
2510236336
28573206945
28507779860
36037302255
278589329611
84351000628
64034557
230884486074
4242382828
10367667400
114090588284
258981380775
27366263301
290992525
24196979013
121608156
257495266603
127974176046
80091839
311870747079
34143213
121804227
3448290628
24889324115
15536709700
1349477792
13227340690
2341750472
70549825537
34202977799
3260114684
4235939820
4645999751
279782305451
1146243260
175882155838
19535537453
291093527
9379042
21936987222
20739366
42829394696
442290
28572163708
3194167602
21545685407
7741373
173784957840
389452170
21990144222
30212343268
8502693806
178295307456
286659960374
251825475996
447673328
102892250
39948201474
34194262751
153298768338
527527594
359745359868
41497731922
332683427200
1579711805
2311257932
20736916
32253338772
114171655891
168770271983
716298015834
2592688390
68669578459
39944326979
1132150845
139105965
17
262420864716
33179992623
5561768460
350580956537
263781290
22063004230
236502364369
225533851809
22324050278
17598937597
144193245
261774112410
70599454064
10880336238
24851147339
4451159121
13245091304
3654949126
6265225608
29562200733
20225296385
226027551973
27365320970
27366215471
19368162106
3584994122
92429972
80326431483
133465867422
263285029823
61859770819
77441870790
182136337240
294974962386
38604159173
1378365803
714394002957
28542954204
21038615097
79300654
49686121391
124330977828
179802542197
156212067490
9177238590
162100981833
77443609158
714515486894
67250443977
215178404070
31479323438
20320747259
19504640958
21739077945
28084592488
21937549960
37564153503
52322644881
5569409892
260488870615
11277174048
14665683014
749217281421
5768102846
10191905834
91067917
34854764051
28947213648
114021139078
230399825277
272480270499
291561456
25334112988
3302182130
5752152106
9681720726
100522040
9982040706
4914986237
133017672621
10040947021
1130999539
324722157947
485509646029
527527079
271393980868
247054309621
4450776993
47720780284
169241834171
152887298623
122242382
284860265336
31961043
3647543065
2832872901
13244274602
129536821680
294507794
5561783675
19288233354
10215992
990666275
38979158152
121770263
2448138704
34204402398
225672113424
2449724077
83419621087
373887491637
172579966953
105034854626
5807002458
178713826286
22874160750
7792173537
3645845356
326309497
233253151
19534931990
86184988205
24730114666
192271532845
10039642882
376470395353
312028205661
211440383309
287863621820
80379997888
80360667784
27369079091
612072456858
143921629853
27366848370
3189435898
174728329880
1579670883
1880048889
21984970737
52215490169
27148343
559102709470
1132587602
35970032861
284860572021
527523816
3194174221
34848630181
16667505424
121822597
1129052319
83418755006
527532687
273486108116
1512989237
157006884047
153801450
24851469759
121826146
210002540791
74733587323
22083371317
153735369
192309012431
175161475991
6222237807
3302963404
325552842412
150819481335
1129026546
3092863632
20306589859
188736067328
28569483834
328725275
6864472053
449978427305
300243988154
43732031998
374225132147
27363126638
4695739269
219432138
13224035951
36395840001
3194177382
90532423991
19311694321
714719051540
34793744
6864409327
1659513787
323674362927
226027684134
22062978364
14313639474
3531752252
11276615159
556799585
6222292353
211990141506
144271846
3192661925
211696938384
56419605
16457448484
7374736310
3424181307
1885558220
216977025865
4203730293
178180761098
68476497346
129600504383
39370003399
27366930807
49685496148
13245699743
4091947825
31479233154
210526197005
1579832655
134257359298
247055359321
752241825815
84353714976
268115290785
19138662113
22319517255
13802624788
138032333142
349132107019
155374713
15192052985
27364718496
205425239058
183160548911
2243916040
176654003
21038587751
2503187819
52216490918
1416512017
32253364203
194845614747
1579721226
236090311760
154528909318
556672963380
50511503
1706129237
548778048
28551019781
304559368
6863566681
1684834217
19372667286
273821983698
559016748944
36962145388
3302129925
5640416928
352049537664
8502713155
182146429129
4245614500
148018559913
9984905159
83420140797
39369534778
10503045655
139073891
2333410306
3194121459
5780302185
114068085277
226027587487
215958562891
263708576
10215084
17005654683
175787647968
227295666012
123280796
5636883793
262420794420
184094847262
6320072763
20222002902
190743930271
4242387567
6259659762
153735306
19504796007
19273224184
52215086618
3531492943
161273016793
8901826
44010234045
13237056903
20225671093
35814158
5561785364
17006825851
273486092975
13245637767
225507811021
3302785651
257700815161
144103197
86190507591
376470227600
261660616470
11275187622
32973475314
1135267068
731150816
10114251548
841837712
442129
7748755052
8502725147
70528904102
191149929532
123027214835
24273649623
1137099110
644897757328
56309847
3194006630
5764842057
225639103268
28710377192
21737346193
231227532352
9711941698
16521780383
5567572265
822588343699
21038631701
15672949143
6864797132
183590247621
11277284156
39377293100
148415948771
90956584210
10084810765
1685019870
141625841728
494917555
375996998779
194877674845
183590448394
24851164275
3194206844
1869086661
349246198731
35882013712
32343487886
34154776
16316756
7793972948
21739228376
753446560846
18829052794
133430424629
311870837445
168767977551
7603491426
153922545
1920050685
247049576854
196
56
1230704273
225984278109
11339369
1645292603
91180439
191933391436
260833545601
197168338811
3097652773
178748979996
3704985080
11186801
3078626774
13461500
21549937
20581673102
132833223198
758568321854
11277197152
168770143215
70519739334
225677122287
182136368649
32971764777
961026132
179798916056
45458600845
4451070323
228431740657
250318595642
19288249366
226027303325
154444688605
21575987
212559018734
92618401
1134959420
27363423758
25341745158
1130669669
34211275869
34197614114
19141670277
42478925484
159654967177
10114267614
247054007003
2324940057
96500407721
80286299888
198292479794
5587941286
19138662139
346015909090
210002361782
328834510
24960356742
284658021722
55712014
1184560827
2932057311
10266582255
178232675882
350549693009
3648203940
52215313478
20736893
5567552982
2471798097
20220611981
92573468
17657289997
153760910
787087481
144760472767
80091590
28566373112
34377931607
3655074984
5764412428
7256859811
21986889743
104791499782
13488208226
42829330419
2505273692
17794350813
176128779
19369872297
8901736
91147528
9716326651
32973033737
207844646974
10577602991
66624431
247056435838
18833269285
196875575289
10038380926
3702386017
236562575865
61196059097
29947186505
34150361
730707472142
2206365168
121753550
273552846431
749217281410
71843614292
1660031600
856346725
10624318249
121778697997
34286997379
377030277
21458294703
153995815684
217880665
105744010255
176130755837
155372069
265124504
46521364415
5561783674
71878119738
10093111825
17354445257
61389869555
226044290770
12191295026
21932775014
27366897783
20220629647
71982870029
33175539813
424080656384
61368812162
211275366639
1088978
173631339399
3465867818
19535091877
54604971747
20589
32354578613
38161313224
2019734319
9981775344
261212679443
24273538800
21987002664
74467721782
157006917093
136345440798
75623902563
23730415382
143921517042
156482985
175786976505
2370244068
79125491
21737182341
50614004798
211194588337
7369256923
249160094627
162567205270
20146475585
9984237486
263537243
261662866772
174871026148
491889062537
53219401661
21888887375
10216043
10511997121
57453617413
17874092296
10367672354
20340233635
148368886410
18826600425
21957020142
34862724593
38195956414
17781838826
28530881106
178180896831
558987687460
226026659051
731948983458
71884630848
3665699693
3647828290
2033527658
227809137
123266201
17355918126
19964966224
121804234
225570988211
157009018138
8901651
17794502743
36984561586
95489358387
557097680544
39376673015
16668006863
42842403190
32347289060
18826800947
6321690900
6317369716
771324688608
104791450691
21403905755
190576853659
2958493875
288007851431
54550776571
153769211
5673586770
38662646
548986772
16521725875
350661424552
182615765576
172956370220
143093655244
260487408243
188734798158
168770164755
28532755008
10123386434
27356972547
463489611
192272701015
3302931037
10587845324
37292491390
45463562926
122030403
12707153653
17699782021
21457528042
180906702607
27147874
14667909
10084833041
35885895939
25420131473
96025990
194171005863
61859427842
2324871538
284782269615
194170972725
2832888945
531199002496
54549904200
10632579428
2932117096
3194151742
17006138791
6221989964
10024909203
307506372137
169425483873
4253793030
104791627994
1289404004
20058472
455059730243
53227020299
10451152511
81788841483
225222265101
133427173481
29950797578
86694010598
20298962292
30633142820
151918121
2194141496
294469720
528582008
2051357444
2478948597
6262391562
121770156
176444497
271516314556
168770179357
230403827760
3448057184
155056304
173289949226
6865478881
350790473083
10367641449
21998879903
104792130852
19332126130
13090628583
937859823
93005245
6318449301
18543270523
10027002969
1822734929
59503077938
17171372342
21920157274
10084805948
284860637480
1711378
64021934
87012115212
10087125703
12750464581
19168147787
30633098676
174876764050
16568729770
28728748763
175806580612
34199777417
374899952706
155412328
10625468690
20381736911
21986827669
4451038308
3194100105
3647919441
6177044834
6222018608
11274976307
24745550423
175213550085
3302189601
56327967
378459329
32037413071
24851859577
50766074480
206702304568
22709260606
11058258632
1510407130
291392440
153939482
19509656916
45440050892
27364610237
5070983135
1685686804
311991418921
3302445166
573115987
6863671448
148085067432
3656084033
311862619314
27365439599
92153659879
389385558
155305281
23860209886
81789851734
13235415749
19491061568
7390634785
5623730686
1806848187
183590496758
136552851483
1230951977
752236975583
1190868389
298400860064
370538328
21387318
46521709461
183354188405
28008848813
3194073035
264080465
4902974623
47897324331
388081097270
323359188793
261662567429
2447817985
230699459667
136720687038
17006633290
102983566292
3678272993
154550157643
158143443952
352794431913
3664518923
4878270216
545102472543
183161887256
20307844937
10203153141
45469889329
96002556
93729007635
17872764448
24205944688
36983866844
20655053960
1684863610
273856199018
140078099294
127740165098
176140094
34194400131
21943128625
376470434559
33468499943
346548733271
178734075544
153733965
225898135869
21389237
6328959230
1231137746
27365677442
104212575824
16880576
169023645442
1511869306
16569099843
4907301945
275185416435
15967148187
21283786
211197472109
291501048
11339291
183627921003
10367665772
39648483571
756996568
226026743904
172575850620
26711287770
291562519
176444690
799906754546
263527211
24113065396
294975023066
183161700143
28800546644
12896616926
153984334
38195890588
203776556558
175917740119
61889827123
18830310354
749216777015
267031216
1994641809
2325352773
311597849869
556626713
284513474330
121762093
376815078
168677368078
373578770549
442347
7256952129
175930802349
45466995702
5607122267
247056505863
559685284172
11078744086
20737002
884105
4242522077
527527591
562316573
181543182466
4459030629
271227860041
9683038325
13235001996
350596235026
808489911
33173289779
3194205794
311851154382
148041913839
5567295105
25557435561
225332625652
20388046893
32343328225
93748067309
91066627
291529768
2325230987
28076713799
32242672503
507358019159
28009015763
232076217382
78179018003
21307764
41313724510
1538938041
52047950265
26622873986
63126537230
527517051
438426
39676437956
55720709
10031074479
279782395530
453255624
19504659058
1129318351
264788965026
183160549451
102892136
113
6785269640
373204359139
430537042
10625471948
359746500634
143090446870
136367190380
377836604285
5804427539
27364648584
134781447804
439999240214
102983257512
44000460154
23621127526
21936743928
375582643
174737101795
3536109139
37546618415
211172265953
44787785
10453073319
2432417639
1684881825
2019796307
5780777702
11274738134
54116646298
2315182674
230891836514
2374550001
13454084
1711480
17794062034
174260077852
1573404480
50873324332
201665831975
10451300740
6957030379
1894235259
114161292708
473989241378
311990275815
21372304
82402206338
169321686355
183169243055
311862578443
144955198346
157006896458
3312929863
18854026765
217902585
2186815507
153161564219
176128794
2118905567
28776467283
27366538521
10367664357
1886135973
19496465493
153734199
265298416
7604822970
21457556675
2448088342
144076310
31469479741
1579855762
157006933847
150566945185
34285787554
10367643671
86692797016
139719255511
373226324172
1140169035
10201119095
80508758861
129600595875
287692265496
175212943871
22320324045
247843270657
21457406542
97503334030
3189499442
1133929029
44794751
19281111699
3302930793
7367100437
1228721274
3447969758
230358762450
225960208184
13789098184
34203346586
3113953295
27366678872
36342732535
204367752762
93729052707
1364379070
169596544546
191912268071
96998753
10503686686
2728006892
558993210693
136427492880
21403887878
32664129881
10367666293
752178429077
28551329690
92035107329
81166361
24273400034
23749096600
17254163539
559015576985
226027709755
144786712082
22459126858
93718813480
79381476
80091824
394762204540
19946323784
376791611
55050537862
324739777101
262420864717
223834395830
70211922759
17354302078
29949326636
2058469462
28953874468
17006235207
16457554531
938762393
4676378249
463631080
286055952458
13244160394
9138922618
19535331269
144787498516
278549294773
856239015
13240112118
10793005511
275097309630
225350648714
38658611
52476067028
22718229828
178298975243
34866530901
23782933527
50872494035
261323437174
4262503225
856491508
14087251
1684859125
47136998807
52731099798
92371849
527348387
80328591
92054225134
35801204
403885484442
2315155691
3302959703
17254229642
5749588423
50295532869
103071402
148066257533
47779377779
2315422928
10094969533
30631800438
1129289487
10511924790
11631817440
10102344297
169023550261
35801185
5640924002
114072013380
1802856498
18826957116
80027801
226180251717
259004776805
1416517564
27365316032
6959033625
299204904282
226445943214
27362203580
79279363
144445288
21372302
180811726345
216840685324
8861614619
4213635386
21737882797
162097963232
23744833664
145942681874
42480808371
19964829020
82156715419
1512737779
10032062574
6323252587
291656301
4236195282
16522421423
71881002744
169241720481
7376220059
1970138906
10503573605
45090857
22513528248
148007327193
35872073408
1375374317
17008804206
2432463258
30743507592
226027516180
4902949037
85537137
27366890332
227267386130
24198044259
52475768073
23749194070
19965548513
56419642
153458069975
18827800061
2982128563
10559786684
163610600151
1806806424
127987352252
196869094587
204101792070
28710199065
5777771877
19497087689
4676401521
1803096616
10503051799
3194006623
28561875907
17005541502
225460750291
17873190719
96500776494
4259966569
194848187756
188787942343
144288789
91066407
52468405644
174162040498
204451499001
6318378894
271497918866
31483810961
1300191829
3665337251
191960636811
3668605786
559016597103
2195534343
80055728
27362224713
10632684968
23753147421
211275472933
3654949127
96767982947
559943625
749217758937
24272636015
92636774
182564466120
86692809920
56419963
45861001064
5713723042
91
294974948612
360208894831
1684989776
4203931504
288511884171
247054088754
21818069293
30711370757
19269078703
184091372186
27365984826
84976385590
289993040021
48207360027
153148474991
35801222
21393406
226026659050
233920057908
17354345847
27366667627
276448851106
226026762308
11273745905
159386806304
85291618678
20089995950
559942781
4902584133
14256588
24851122366
16611309144
21889054121
80317040
1128288392
247449929498
24851672594
1183533814
217828094
1291259035
714668271465
20736971
2317448700
1684985101
34788913
66621996
14256613
376652608364
47236707686
12896501547
136389785974
32777529082
749217690395
85713722
78203816064
256446524505
157006884052
178296374513
85515095
67385026609
27367968574
89706212313
17794001881
197284156798
27366064616
96916974494
92416946
5561768317
6864204652
376038712390
211277882015
10518549266
289986776758
1255987870
5567107524
21922518152
23042534
103071367
22127911350
4242009171
24273453432
19504399326
1135333682
470260267
169
159641849856
218362955377
35807531
3448198143
61307261558
190576423316
153985820
92405905
43739203620
19504796266
29948837315
10038022360
82165605126
46521454902
209234566723
51866874595
9712355710
3194167736
299140173417
182136378355
2603733799
188734748006
30462172
86198029016
378446990
5776268841
18828519672
1691672
15969127611
176653778
176136866004
4914919817
226326142883
178269087761
839758265
5641418544
168770121736
21458198330
263547705
299150679212
2341792684
3647822152
9989170479
91516356460
4902853901
4451219515
5561702106
78181774462
4242380264
93718180092
6864504701
265112829
29956815210
211697467873
19399484686
79265160
22872160348
2154534111
25540704765
172904322650
198551309382
80261435188
80363421073
36017014
4450787333
183302170155
21392760529
635401624734
14113
70518844768
66622004
741431299
10455675687
1376504122
284860668050
3121617872
2673086245
176073562583
13802192551
461318622
4695652298
163975904681
178294777811
263783792
20218886236
10088441737
104791355585
312709734576
43742126803
16457644203
374299537079
1130581009
250619266270
587150949881
47833157103
121825876
157005873939
15967135459
24488456634
114044366926
34825921
19504140111
82155457999
1970142205
2314851344
27365335618
10665522602
34788768
78094727339
4665608528
145088100822
1136471516
19616399371
78150226909
19092341488
4254260197
225639103275
183161700148
182146447100
225281531371
2022640690
2472240561
226027686345
10048287865
1937436579
230315600071
754252337231
144762371728
359742245374
195224467452
291128992
20737004
282474128876
10880945174
752271665084
2257863817
5674614573
326311057
3194171368
32534048505
886137
6985920166
294506612
68789130103
856281230
155152894
5561697752
37564297303
28808189482
1080546
527386915
151929026
2324151440
1289410860
231225520341
191281778030
208812150808
75623088326
226180172073
144970847
155593784287
6401905756
17354551410
16665964834
121776306
80900341
276646254245
183227351719
507050474385
6222340961
59504105172
3656036542
142429384501
714667696888
2060893040
8502683555
14667053205
85537577
21412981
52195584024
20736935
102893269416
13244301593
23459593
1135310278
9714060657
1690129
35900908
856325975
122084675
225960208186
2030763945
144269811
91350099
121802706
18826813880
13224017520
204129518475
17006235184
21939853192
210002433090
1639706697
46521272776
2033522820
21458152216
5452445
5561892287
311951466143
731221939
22872358586
39946601487
2311919615
144575295
9711885139
19088511658
1684877510
731211460
6864813082
208809278070
67378117392
38204888772
553013518815
10588180009
556740476299
35801667
2058778926
85518990987
3447374254
1136711401
10093893209
92037662477
3702015939
1231054942
205696753579
2333732456
10049329960
19366343681
10109093138
32444134655
9177207721
122049231
26099521
85675060707
31482127748
175837241715
187998071177
3074991573
1511487428
447970602
3419512
3582318214
85719990
2291384029
28533770862
311204297818
13235397966
350533482148
168768033665
235433904929
32027121455
17005657941
290331655541
4913282002
24272149335
28704404821
226027530568
28939987763
559017090193
2471815636
23624317800
346548548972
6221989963
1183528807
283708798580
558932518074
6662890112
6222202563
32191761032
78148030073
183227351718
50873701549
164169674833
79335841
121824681
61094118425
4991766050
142537821738
183590345471
153288911883
204494956375
10879928076
10452305455
34741441572
273481702493
25557441959
11682305
91149295
50140092
104795611056
56419802
10897959822
4242157360
19966424740
144757752
28077281107
285238229217
3459773945
34279722413
33466950137
191900185231
263655916
20143041649
216309396
247057125103
53410515223
5418714276
8858187393
8792961
326353407
22555185093
101645639078
14755379046
100217248
91144467
41341819137
175906209645
11339394
3120135345
195363527016
195052244452
10367671358
3654974852
383388027328
32007563700
38662008
263520399
2325227430
820189187820
273732812562
36963323257
2590133601
28546793969
170191684082
92004689236
248074510560
62634268570
19535494941
28535937506
1375591102
1375613544
1994793034
278587180884
265639635884
10220572
5643227575
153795056
3313375116
22738878487
17274516247
4254080917
25730151731
38644075
10367640334
264266909
28803161058
10503573682
22459135006
264459269757
21392866740
8215212322
340928734181
9988891183
181921926593
80295007
18832756556
136320268799
1137444208
21408529
263445331
91995401453
346545327728
19184298622
332681404045
67374482944
2472069754
249191285868
132142032
3302930791
157591228196
1701812087
42479392074
191149947724
1010207175
33215600605
28734442281
2982079104
91350100
731948058073
122084669
1416768162
23749169321
226027224452
11732061701
10096748759
560876324444
2472110574
2264649745
27363423756
28534232883
258747467363
527527091
10214938
190584416303
441334
79812012043
20306878550
176130710288
3654917489
549051219
10367673359
3302931848
16123969
17363056197
153797323
215201286455
85535250
182564456239
1183200110
299102042216
35872577569
157004841971
226069356624
28709905351
28799995993
294507532
560535586737
66604841
183487053421
174862941792
20485988959
87028506567
225570988232
173650674617
45463479445
28530890705
72195016554
212561381978
38195622350
10367713673
430505507
19273197587
1130933901
213357313213
182437100545
97371941388
169321718189
46546396799
102893299825
71970852930
34860664032
19269032397
21939873295
349462796570
300748330
21965073550
378390850
21482128136
92073763944
155155619
1572876651
112978450826
82404060655
7824092315
28578931449
275690681806
1887070966
940046040
2255716446
5106776807
6222262147
128133728229
77
276965885848
19491919685
91131342
67412257572
38656973
841888409
155686374190
191979751358
4450777190
344437928172
1579752625
1377377755
208983291384
10085702301
13245045525
38659230
749216740368
9976881193
35872866766
17280883299
5607186622
10511999357
68670242431
3645434122
394444272211
13235590097
19534954317
1572485626
82157174148
715079636334
716253331581
28761161388
32346162252
170928162007
360096529461
52168035121
20226896073
91182626
225428721146
159634126361
260833460168
4091836125
162080184876
34340876943
175805794560
225272483938
10101524729
264459067878
114178212730
13726629770
176648433
327175868819
183351099175
1230019147
30727720774
102951851
18827172724
182564390243
346548649996
24196811531
325195557458
13245065031
22111623926
270551857417
312708995648
556764636303
153974664
287028691998
83444440123
106312394490
17908506964
28530106302
206799481122
311951183582
264084469
10634037830
21987194023
6620441907
80280891337
247050088637
10093284226
25298442011
264809264
5569484129
1994408850
30723153840
196890962553
231248509025
174013929080
10281253969
1416715737
96501604935
20967742
2311244200
7794007003
52992309443
21457743138
91169228
191253594054
20216616980
2195620539
1885655548
28747528838
226171458479
32985810677
548793888
21932095119
10454435288
16458040896
10382093321
152920171831
21219864
2154151215
42810598202
3194174444
68354346527
126624945691
18837362748
17359435858
22060858311
172716337263
1578835062
28954771531
148040899557
32436831699
3656074920
56419663
31446666888
430531174
225981269701
28954976323
3645706517
103068674
38654536
1684792348
6320340041
169321692778
54548775156
6866096873
28577490836
86268593
46521136471
46524157354
28534408957
188394381369
10898254830
125958229
13242530174
19288024660
2370755091
10204074621
430538477
228033464422
196880689531
5636450366
83467990203
9984808895
1659635025
28547488746
169325885239
494926207
114152588597
247051694029
3310107969
29944947642
123083901
527519498
29179514601
21919324853
2832893128
17354302079
556759667
5986856433
332161148260
20310926931
21946380335
21937653293
376482635382
85516719
2986774542
136358998324
10215086
144471375
5777224364
1684989640
35892087002
20737085
178348764621
144776210
31956500
309502029042
1009193718
13237144216
96583293024
75623507914
324351204290
24745063443
29953619940
21393225815
123289746
10632614506
143096498736
8652100409
20736913
22515310636
4695709714
86240211
153048458317
43741777991
21392010290
154408359972
28797608258
38667264
14663606
19497973019
4385846227
3645443087
157006917098
741429981
10367703785
32413137525
28721959855
45464600032
34859130854
6863689520
714666511229
3900085683
70609496723
448079775
8793019
266553126904
36967534281
5333501975
447669228
448085745
66618600
9983300631
2472195541
51866884310
34195027727
282474454103
6958095183
13789984390
10517873230
41347413725
19288249365
3645427560
27362123536
17280614395
28712304404
55056041667
62000104961
19274574646
804575034
80363281600
1944957160
19269166878
21271987
1130878895
13260019614
156146439520
19313089632
5106895683
2022640520
3678231892
1684833038
176135719
30476588
6183287759
463542484
4235891003
96763149115
18545237354
36992283658
128559132356
263274849934
156228674849
3192525115
28558459437
39
11277125267
749217324296
23783128410
153280748246
4680399985
181554383576
45454034472
59504039109
206892643227
4242598700
326360874
81851644916
123206840947
176126258
284515513459
5454470
32675819561
144553557
144590592
9712365308
154090452
355011177103
34194232081
153161601945
6938620145
155086352805
5674562941
20736661
1572694368
27367075595
106137594770
32031905023
8858215324
62613572826
226026675197
22116142896
227147106921
3087873311
1970135607
34200787463
378098829
21400968
10383024624
46520237304
96624466372
22458782004
92100018152
263752539
225984278070
43734907745
6869472683
8858137424
73748533044
23113264281
250621754048
80089963
66624908
23532842
24323490520
375997482337
1420325778
3194170196
19640937985
20320725343
10367665992
3194099859
266550597
247338218478
34790435086
430541700
156759360786
5567347860
230437883534
42831746950
151919107
330378193497
19491690679
10114469070
32199645231
125936816
275001575520
1970141410
189383883896
1131330846
92528133178
646169607
23744662497
64028889
225350648712
19274257500
10852589932
20737120
96500823067
10449713392
731949036399
7370539315
11346460
19399543531
714567681186
28568902337
19534536728
10625407295
1134924676
716167471648
282474361545
56419579
153032241102
1639547995
10367690425
11274184900
4680282697
183162893981
64021880
11273704541
300385272645
21284284
749172877189
4459433739
176125294
91217276
30726072069
558993159062
26081713
159637174127
463297382468
249676113337
12707111680
28567881660
27366657561
448021473
9988983169
2590158108
153680647968
4458920495
34143214
11275698417
183160544157
558993357318
4460097251
556816924
272560122345
250265889686
28530346134
1711379
527366117
36986674112
175808450207
23749096596
13239375261
10517874157
1684920667
20744603
18827040011
1132552428
181539029360
6784981842
188734481287
183360292455
346548563800
57577985064
18834072568
5768619257
114092221293
55673637
264973865
140541045
86252345076
378299281
22285597
17904178326
5562087104
96500407724
8663818282
2172353383
19504716152
15536732690
11274054128
326706506
211195885263
54550419012
111229336482
769647527905
4245610846
32413557981
151099738249
73021801751
558993640073
299138981983
6183373632
136566469706
5561790610
1713318788
169241842897
9712355708
159373605883
13235411536
13234920562
10367713977
49686321664
19269169554
5919075590
144335029
10068568554
28552886438
77436999321
4915275826
1275526615
78148150511
36990318639
10649673163
83444189439
3302426586
16457968282
2050933396
1706133393
311861379323
749817090080
2003852331
144190506
173225303655
153703482
195373241397
206703085742
18833732455
16522424850
17354542797
42492763526
10107344060
210002522128
1138127566
27366930811
211277868395
73748807599
10084759924
348038065007
49978101542
132139671
50300243991
2131755861
144479371
19940162997
6222400084
104791499785
560006625
373220204176
856349035
14161756929
91066659
153974089
65944608425
21412019
22321883629
209227270874
856549070
9381009
3656082370
4385839760
287028875463
492245107269
102952262
16328343
6325134519
28549364995
264459228423
3168315861
38195610727
92040069683
34203792916
28541605596
92403884
4647274012
34193199393
204359304951
11186432
3194174222
114093893338
275433996819
28802708763
24851633533
23749069550
70338805825
12707121523
225539866572
182232547677
448062387
225984278111
10215873
18890132103
1376368801
38195926463
132232271
16458010708
564401946732
35872531885
4242400655
153268579685
13857963350
358363251635
10633962506
75497757722
300552082904
34341046531
138754214
34198026733
1129782407
157427377391
3168261152
1573345800
45566051510
1377848358
841886778
329717860
22071388652
16583166326
36386800521
10632708301
198551848238
346547425946
124524954141
20070624
24851123964
3201537612
91350864
44180949258
152690213060
5713685962
123081707
373215869418
2022829760
20738217
225639103274
3194099857
17278454918
22319502065
1935743932
3647555358
206792728959
1887812338
121863306
763273545188
43735317897
273553120138
44730611
9711923775
206796628090
31481119533
263445198
205366775834
13791239670
163361004701
2932057159
194845646583
32003815919
10093514783
272639222952
34790060027
41532990572
144289326
144769492357
182136337238
68118500159
56419932
20051578
299138916676
28796263101
284381681872
34204480128
144756313875
13244774635
1711475
178731271901
2931717625
31985398
10367666282
55472151271
91135298
5606451211
2958224402
24851571712
61374895083
449288621567
16522045828
824034566427
14581604003
7390477411
714561371996
248704249420
2332504839
92176087725
22324271147
20141942898
4459587993
3655075042
42481061675
228460025242
17007188836
225310597898
231238479588
79393456
91066575
225662109081
59962035117
3074846815
2728053910
509385735580
169171575528
5567134341
2325257199
1888325845
3531070908
19965996972
6317167160
5639800469
21098590135
13223570022
92057420379
33390263643
5225323840
36388138464
86694211461
654186353047
1994368859
8901475
1931204837
191919311797
153754598
42493215374
312709185774
13239535891
91182641
48535962694
21375454
13236735760
5638476000
6265525129
16521949766
5567217895
33332815765
38977127435
129100857606
181929338492
104792344440
386257588989
4385852951
197289033413
282474383843
3515228047
226027550285
28965828414
271619879158
430538227
87976653382
559965424
359744346205
30633253781
1009868846
121955891
19535210228
10503047177
15404886262
263850933
4649995168
12418170921
9979463284
324421270979
122094687
153051544234
346554986217
5708693950
6322694022
758375442187
23784333757
23978209057
32352318591
1821649000
136739273440
41500077019
225376675031
3647660286
1697094924
1229861797
38477893557
225294578769
45457709445
2932120023
30741991746
3448693207
37238274030
378199728
154736860318
294974857660
80670241572
121822502
70530422882
123081706
61196632252
24851427916
176130755826
80362349452
21888576745
10204115058
10036349939
10368491640
12159
3645439030
80364426951
10334414390
285801803205
19966181885
19169833728
30718203214
21889266506
11340061
10879549752
102893244765
2448604790
14660330011
10367659704
36985803756
753410677885
1376821390
32014861
3194171209
85518721
7793360617
758564914896
85515611
85518141
558993450158
10367664365
1684836782
164705654143
1579858929
2325212511
157006917090
23859856990
79349951
178164880874
13227701165
299149663418
225898135868
134364816755
19399744279
3194205848
19504640953
17010712525
3194171372
11277778329
1572951768
287234699058
183229367366
1376288406
79278081
104829755120
5918363138
66626717
2471801858
291856853929
225256401016
92041026902
31961071
10625477316
21987059003
35914260
11630491356
263449008
47542878151
7603410186
39946675173
217989397715
64016551
1131040863
16329995
32024489415
273480536559
5638384080
1684791957
82164673541
191907209741
89704484633
231776520558
387738675090
28571194025
2509904485
83475002335
35892803536
193605942598
263850934
430538032
749218011665
152865893732
775675221381
6221995214
155298098
226027589271
1970142204
1289439586
266789938
175799057339
1376836878
10625460703
6339285
16521903081
11339816
17171390820
376626999
2319211683
1139558995
1376076740
856355592
21533865
278519403506
21225331
93517888746
11273833413
157667430056
6177876829
28547852008
556371768537
17872983807
447833942
359746578371
350744582682
548374936110
151059168655
32342901024
527747213
178521083501
2471687462
38984618388
10132859529
123081941
10503574915
28561923095
1713006767
5561728764
10626761432
178120726031
3645383080
17783869374
34124615229
182816493234
2194069620
559868546
263445204
21532186
140298481
144616043
19088705316
560655197266
13227660838
19308203163
209772324188
2033520951
10511959217
50511019
10116349691
41532176849
11186267
153261447722
210002228745
17781929939
70537189657
68669716994
19273167432
21986890615
10027160572
11339503
641345528730
184091418333
263863366
144961638029
1146097339
10031216570
74096574
178296244992
234978660836
1128966884
157006930493
17781913385
3656081712
96915341329
200802245332
13243696435
247051597508
2022642053
1557092528
2050889081
21437724
17005738899
86098710
40946123053
28579132051
138253806878
16666943483
273672151825
35819598812
35453646318
85533549
247053001290
176433514799
85531701
17278257959
1135621122
20736728
556521760
211724391128
263614156
21986820150
749218011653
34290755684
22320982
3302248817
346549809609
2449629690
278573698483
32342160718
144468737
75623793733
3655994401
290995668638
231143031414
46521803072
1081041
1557065477
10088768479
1079626
66621471
40273654136
6864774776
183161734779
182136261585
34866090281
168844120585
225507811645
6317512245
91998149910
376660949312
44730750
2022777841
28548551003
21876657351
300335624531
21392795014
80363441023
247449710426
21389244
272215330891
328405485121
153306819415
28707368768
21375643
18828634982
6222596930
10503052522
10206821212
1187729296
19946323785
6184471492
3583854773
8530686342
36335747422
265109928
67383478854
91127389915
291289043
1578567731
350676836467
34835418607
10101803588
17361260959
175797909033
10114267617
2449721424
300552122968
1289279364
10037358510
8663823659
12096276
3704289452
144777143488
35801655
300335661626
16521805766
3655067113
326311338
83416752368
10367667409
175831339659
10367672078
14799940003
213725027183
145088135138
3194171369
61389228480
2472096692
226027609335
1510220185
66662125
191922327420
4242408845
291825213
50777701358
10214942
24851859579
15972556243
40159863710
24851454433
91069660
4385877109
12998666464
75623577493
332720685665
411978004039
1377129934
32010287
3078673759
737598573900
1376076741
183302173601
61378387269
22127934831
16521648289
73751816511
3194206505
169023680829
9985812018
596706379904
463610242
93518488205
52214892496
230972379633
67250290215
114046139184
29945604069
35886680928
23980004285
54548514571
28086945572
80279111620
226209081336
17008454521
29530268734
52469646835
32023566559
278587030236
233213747113
1538763383
311951318744
223816718390
21986787378
123092013
1712234
1229292488
549494843
168846474421
19966377804
21938181094
376878650
731948639497
32345022751
6318718082
9712888423
510648871
557106678610
121822504
9984579794
136326490006
144290472
279782447879
182425050965
47906405646
105127123723
28730739482
178168745477
85663523
231389933459
226026661930
19138408663
1711393
13239394726
34194229580
225960208177
148654383
708621939804
36050693694
35882091023
32354122234
749220183473
174858685751
279782312828
1128692838
373220281647
1135882466
191935398728
34903211437
45574139415
19399591970
1130911955
344973573177
80028505
38991057797
328191853601
10367672081
93718718247
10215861
2019835267
169323883332
1638743996
264459632868
1229555141
31482158921
105126720435
114063913649
182564448421
3584919569
238080869878
226028217422
35872736526
753442124835
46217630515
4385851390
13239909977
10112032605
4263955979
3194174252
70337937921
6325249281
13341928790
24851172314
133014209897
281670461322
176153116845
741560658
66657376
1579462343
13605579014
198552431991
10383230837
1135337683
265120007
52214684598
181905004934
39690088385
23865976675
698132534
149052456851
28577756761
122084674
3008534753
1131388216
154135400
35444361295
175784157107
2787116121
19941370617
9717238350
4245148504
5594816367
114091129612
3647509007
79268048
176125399
5806482621
143087385525
174761550216
17277365594
85537022
183160544153
6863404071
153760846
261660650314
323674362928
10625357876
243899944810
273480688206
10522028701
97811984252
175819181325
20307774549
2311899852
10126822813
34121449872
264458974584
444653
245865685685
176125292
4450967248
10060015274
2154534135
85510457
29944330186
332250920481
1822720901
250621986567
19535599907
174726089607
42480357188
38662640
226571705477
30715970599
10503094766
87025212372
311870548939
19088399778
70609241971
3513943547
6866143758
178722199936
653072576614
359742304346
10108725042
203830180875
28776489035
237745375089
749217324297
19183378078
5640004454
35801654
3036471316
178348796012
273486324934
3645443088
19534420586
132216038
44731123
49294599645
9716293463
91030645
194845615592
96169659
18827039969
33179032743
10202254300
36975731334
271984658619
141875284223
54084494893
19535210226
2471736387
144397356
6262934678
1183456002
49118963191
31482552332
20737118
559943682
28799118900
2931764622
175840259066
741523894
157251627
206796674067
4451052231
205191339058
92126319438
560122937336
33686724936
12998632321
209227273198
183160626370
67383022007
11630347218
3193933823
262420794421
3645717242
80861624
253667772640
55712043
159658363631
175790015465
53
1129496892
38651451
1416662714
151828872
3194174251
17599506440
30718974248
22458730826
6263339060
52215333783
1128690793
1572558425
287061313777
46542135732
6222672934
140561881
212567631086
1230877380
7749098136
17007500453
11339223
96167102
176648647
1140153634
36387797526
247451031308
389359247
1377327251
28554575479
21994475731
346547438447
141314405838
350606299878
550843975
20051786
231996305767
153943397
4242158219
6177326664
173664539091
35892262367
272304894546
284663577378
247453333726
19504567193
27364281624
13881554976
296569228963
1701924962
140300846
148025660264
4385876968
33422086484
13464270
18834540722
23113688489
8858052307
29942085356
230892455557
41506487606
27364050089
1706049628
226027671121
3093622895
188734926369
4451112717
3647549871
174736164138
234597994518
9992846933
284829508007
70188190285
75623876985
92129223519
14092488
6222360942
1538986256
20759494249
332727154079
4649858446
33659351836
329014861
178180775950
123360883408
27362071163
57958745780
323271503742
177695630645
20801
3656037662
23744454674
35801670
206792714753
188767038592
1080706
151927862
157290715
104792351671
211275582040
75373392
6863381183
67380130128
18834781041
9380253
263780915
27363599368
309501963514
39689046726
169323855435
10117439803
30747364838
1891979516
27366489953
169171527068
328210829124
11339818
17257524327
225381700416
347805662
247056552882
2058494338
19268880164
66637558
90257058827
27365381053
135828604706
49091733769
23748988940
2449721423
50779725343
23922031890
32022968368
1691073
124905346952
182452235265
156146411959
508756991553
146956615
36050478595
168846517870
1885698329
527536468
4681576947
153962101
300705464917
19138586171
10511958890
21242888
20290825882
86197574044
447635228
176136843105
2059479298
35892204314
10084759658
2325194084
303425567
45457304456
17781420320
10503027246
121776293
144468649
41532204794
47
45455628509
28538423270
43746282149
159651890411
184218202806
13239424241
20064200
5640919923
190815595498
3582180813
91054141
17781995831
25529879982
80299194
263336999257
82402150955
5708702425
45458721445
1715445981
5919600695
24919
13245218063
726801761600
10193864728
92404460
179334853157
278587030234
281671690792
173167122852
1364626623
91169213
271252494871
18841298633
219472716
16521663387
91121680713
2960890395
20308740818
1187568612
59817120011
17873184960
81816129385
5567928017
4451164032
121753641
29942636215
53225224640
181929286785
23782901319
26341235664
183155259633
1873712807
144938451
139755468139
1712369155
21458151866
82165189736
144222848
939161528
1685673750
17005533601
173747377717
226192161705
14665337380
300385245988
5764417450
300337173703
51954037094
1375616125
27366848373
10367711844
154341385524
88441851966
34378000578
45466155991
19535331270
6222624647
9981528074
153947497
1572212597
6863728344
5566832592
96498967794
282580261877
25298796780
2058414508
75623776108
1685015740
9177197895
378461393
3532949408
18548260908
3655068266
22198811223
10216055
714372902325
19313106433
272573982200
2832946582
15589193624
461731907974
2592884220
32347881666
47254918557
80364083657
23859188839
641359968755
300335643789
373579085649
24851123954
80280983463
11186800
4459226795
96500407717
287060863707
173676748647
20222266607
153973142
378172125
6748789380
2097865035
2362511648
37564477839
3647828306
78182004403
4262776302
21508392890
78124650316
66621998
70204279266
27365859347
114171954475
10503049752
1579654304
23749067748
92573725
24851449028
61385502190
263784074
30731705013
391529848
34143888
157006917097
86102106
10044139212
153187118637
17851224507
27357018570
332324769998
20733606
4695650577
28537174323
50614361958
114075148889
714390356765
231227532348
211195735694
346548504687
3645439039
270738561725
183161734775
3194208622
159652490043
35900343
206
178209450344
10214985
2357126715
84352679668
155220190
3585674952
20737011
14653573340
1638702546
21042895559
4681581758
22059606035
225606995307
378199726
796411028
3447130584
751450687177
127697519822
299136213809
28801627741
176122672274
264458803050
10625328787
28084710345
558642531148
18827640781
13243803848
278587242726
79302253
20306323029
17873004267
24851185808
38603475633
39945631744
145454960
44730894
96500114197
21296096
41705938796
16521459834
217873548
1711448
10042326470
19504806623
311951417725
44794651
194845355617
17005441411
265124677
179344841695
93745981838
2310655549
45570911712
37539299033
5561754126
13246140901
13244155483
326360868
264918423
32290735409
263780911
266378339048
3656036544
311954430594
10624318250
10558908817
1140155390
25298839754
230403827773
174725030773
11630491357
9982636694
10256388676
17005400246
5089357
3194095525
61379170685
10560997896
157006942347
13244054839
2033528049
30730478522
155666244988
2341786513
1183533971
133015006677
159670194959
153974661
32195746243
157006891554
4680274863
28560655813
4702718171
205425253748
28537900530
21032635060
16521667841
28549423286
211194683422
28544763114
6323317726
10555967952
103120790
52347855852
157004841972
127039426295
176132796376
55690642
273485246241
198555643071
560009874
24197517968
3708982967
1416503928
70209904926
1721046
1684877509
8522289795
10561694500
560558961683
2019834647
25545743576
3093463669
200252844013
10632917491
17273385731
32192847584
423771710481
4235959445
21988704284
359742194511
17269472014
5675229706
266547376
194775485113
36332972578
175790058861
442035
1721128
34143498
556587089676
546913187427
10367640195
191901195566
441499749
181531985092
938828873
13558
67390222859
183590160167
5639878518
16521780858
52214737805
261315372047
183155022607
19946352089
34839795634
173200476863
1080548
13811857245
272241547062
197934920875
20146567797
209989116235
11277890621
24197457475
21937008259
5920079516
82166269400
102983257511
1579925688
511018437820
5765452573
284860814151
1892010730
153734206
21457558376
48207482240
4242473212
50507443
300335584895
556671717598
155594873174
36981840883
6865724559
13789089204
3645443574
4365817731
10507521563
202880409416
2957856507
10093773335
24851251118
13234948700
85536800
2060303307
749654278378
18832756557
30633311803
225507811643
75501945571
311861217638
50350470605
1970135781
378217126
79261241
2362079761
96780012055
78094759908
151821664
123274462
31482146472
175159394512
3194171366
300335787954
4695720897
10367687414
30748204373
61797727057
189169325730
320128381
8793016
27364568717
1887812933
151061985689
93751570442
22108417832
3075073936
31985324
175215799983
266836921
91066378
122097394
169023577070
53562973507
114183177122
15967457193
168850596762
1712190
189580040
21153047
10108997440
28757613396
307786500026
4236290822
249711770377
22355316024
10093813978
21372228
8793230
123004535419
13234948330
799537028036
729255160274
5598603062
121774287
1659568729
13245093400
6183545009
379603028852
300551955795
16857676820
30493008
1377139790
468145844
60089242576
3654916242
225332625644
210002361791
102892861434
2358254563
1892050143
121737361
10038186727
247451019179
23076089366
205344049570
104790851496
4285908417
10632724490
11274327989
19098477787
5570148194
16210898769
232102569240
287061191966
24745961914
34211270729
9711941701
230469980782
1461283652
23749114718
96629107293
221660207996
144534662
560001017
56414465
13240793775
6222656313
31481052899
27366911081
10632747023
10106323111
263445348
92654142
2195613297
121804309
3655919156
939014861
211278938095
20736951
6184104378
1639302828
21834880
312025977737
61192386768
10561649917
15536750439
144128077
23075910264
27365316033
50793515758
32341631921
104792798695
19502662101
102983522014
54606475104
144338568
27365453043
249730522138
10625459688
92690103
178180866956
34195126501
574702154
5569692883
13783173424
14750712544
491878839178
21392010287
3656082368
1994827965
11344175
5778681666
21457755833
175853652984
11276729023
1513221697
39942671690
560168793023
228105020487
325550127278
24851469762
41500379448
5561768276
192419872141
88405798940
226027686351
28727683330
5774801882
10633961075
13234872471
3110653517
153340141980
271789344
245043774317
278539655311
2471616879
160940596345
32574470287
3459410767
5561783637
856346736
154132547
9177238845
155555989826
10130821785
456267729798
1762911227
10039226136
27364151216
92454754
91066660
87601796728
133433054119
183294107527
7365958913
92143002575
10632689078
205191415318
2508766124
3312635937
102978449
56419930
8858321857
12896322986
13234948701
5805919553
23099724410
20320683743
133107949958
30712402548
104791499784
67898251
1129249519
1132442015
20738311
301402036340
59707979779
61377934311
21736394098
3374410960
92176647870
10093204105
66778682
325094229856
27365787778
20737055
2033523697
21284385
248491483144
149066702919
233938195174
325550334227
21457747330
274483168692
34841196155
56305626
278586990395
19373016882
144534487
19273167436
263794464
28716156617
145017219
6322538886
378879533935
29953619942
4242385255
91066596
175813005782
211277891716
5567821861
153973855
50981428119
32434498477
1088682
5804821620
11186268
275686927902
11550032539
103115452
21399568
346547386095
29951828453
36399858237
21214070
1375379822
3581229422
689453801119
2832852224
427332031973
358722935069
28081519301
300295685184
145121442983
28569927480
35882283158
155586092043
54549662996
300385010971
1131094709
80364215159
291803150
34117226238
4664685251
226026743902
21190683404
10367640194
80547997745
198351325584
3259816229
3645775087
13783187549
5418677832
157284903
28551131642
17793723350
938779252
50873575622
52215665436
28535940844
204059786178
86195366031
938982168
546488004543
104794615190
9177104355
2355654330
17781840300
51490066986
2722628502
30631561060
96941018532
144836078
153238331127
558989278923
5561893655
52214179796
24270683432
3302251068
44327628355
375997457620
19399607851
16328299
57453686277
376470358190
205366740054
81166345
24650259397
182136289916
29021946860
78094835755
16458025294
55705009
228136708506
5768662586
46553921050
9991563833
46521591592
14670951676
114176748516
288008600830
2449815867
1897863751
1416513959
23748874968
2471747656
19365293126
35810748
21987296766
176130755838
20321118683
5089833
24851736529
1131207248
27367491365
442110
1886917089
11190943
178730234451
176153116838
10367640193
1572692182
206701889146
13783445384
176652217
9984610821
104792344434
560257190250
104791526322
528925199
85539771
21458157075
52215566839
17005755525
41499203480
50872506355
4242473211
5452446
16457834730
168846304938
263542333
36405189976
124270324696
52469748781
33152262831
5580237550
350668712099
91057702
23790302134
10114586683
43741612650
452939307352
62143261
14216372795
55054743620
228497902181
231235965917
96188559077
121935495
273627738623
2195629487
153166676040
4385846249
4249964920
28795559660
3194171206
18541260982
24851123955
121776291
114053733757
9379243
9983836536
32972362128
26103412
178298772651
558948290552
39376325042
150693962172
91994233705
10558164330
1888289557
15581567119
275117549464
10114399549
722619552079
155678860121
39370417049
3072739364
19504567194
143094934462
447613846
10511921459
10085703358
9710310045
153970887
10635528262
19138644433
96038147
4680265213
527527573
210002588438
143876542101
1134955032
261774324496
19503370996
29954501430
82402614731
178098021493
157606737044
263743894
179546329178
144471166
11263346752
247453229144
19312474539
2674534081
1714851
17785973623
351985405123
30633487445
23859473311
3647543059
205425415700
6262391949
85534162
139072978
56419799
34853863726
181927151764
123265946881
494931307
55702309
7390471498
225381700477
23743272607
1229121906
8432749884
34788837
236561520043
54609490912
73747992400
80673552235
445074110320
4203733580
13235313431
260593674498
49685539804
102953546
18827706231
7378960657
43743810467
1994867180
1130868833
3381927615
21428753
9985341889
3678272982
2333621383
2471743579
320197947
17171480909
42478045318
5376225030
52304466136
1821719574
3647543099
466342833
559045835425
141316708874
226044290774
175786317245
279354749425
226027703928
207758682301
70609325068
36940970502
17872470660
225898135853
164924200779
2846964714
22484703598
10117029995
211275414181
32572060838
30633378867
21934244056
4254121048
14113322
175800658943
21392954124
24649598614
6222661107
34297938790
13245093436
358236357330
85510665
81821302051
37024869522
32350979416
31482058464
128158867
225281531370
86168582252
3651267575
265308328
10879106529
135180990054
2311897422
3447825266
2061186702
14135085132
21888981126
121954189
325550256521
4681577292
39943484482
10557082368
47866246018
344673001789
155153194
856245087
19314137818
20217389182
104792102080
21972192192
257477084175
28538204112
231110299843
174735580060
169665003847
10025771232
114034165226
263475209
10511924922
20736673
91066578
67890361
183590268475
9377657
155818700697
93131064899
153960477
4241962823
247447463665
290991313
55713562
139755896715
84352275000
121776240
608945467678
1188116482
324707007092
175841346129
421169510790
28504411908
183161720813
25559285682
34211024512
1994334590
136378136085
3194168193
168770135900
2325231282
314304941848
10367640931
355149283451
5106812062
23075874016
205425817849
27366599368
344849073584
92174536020
38195893738
66622493
50879777675
442334
218751520812
1572307817
10454418984
81762940
17005401404
1133017824
263822804
144273671
1572341784
5836528790
28009015762
22515538932
24758530310
17010308171
16521510547
359746458619
91516391330
28542034444
441338
228486099398
1376924667
527517029
2449415085
9712334673
5708097313
23099740626
32409400575
34853548702
10484473334
441213
78148138645
348813485940
144958722582
366315156306
184504129042
21507425895
19940787451
96654540
28655151055
282476611299
10538910224
3023425121
72042997505
327230302949
22817151886
10625483897
85537085
5637085413
10623304752
52214858224
32348758462
10102421083
211194656034
6864237284
247055350595
6222653348
10452486799
377030276
494897528
36966719735
52167723306
155598170270
1658962120
153777062
46521396279
1230505748
7483078635
159678560060
39376011858
2315425442
80363468944
120867047402
93043934
19964734475
102892261
30718827636
4385860859
139759129292
3194153044
16521907632
575992789821
1684878792
216840685323
6322787571
27364771025
753445289578
2960666125
7604681740
311870747078
104792148938
183590130069
16457966812
27365766810
9374712
183432360975
19504400742
19882840092
128204560344
92065249319
144281868
17010721902
14662076
16210854614
28557806049
124511726768
28089233629
5708107934
20826233540
211277891714
299150684287
159304793365
10367664369
16668961181
273485564573
28706772479
20558686
215949994546
13789098239
26105268020
430515339
7365783578
19288249472
1135008139
45439611692
131947994
23749170585
11274225616
91177323
42478993573
21987514192
12525299661
30722996099
4242490495
13709931516
159695967058
78204025553
27362511095
19942082743
1230456454
5638948011
192159111000
278665968175
85536798
2832844639
143095281435
2051164346
220004046004
30719266574
4236289696
136744502151
263445434
10194915608
144129358
32347024332
10517873038
10214987
82164127884
1706035738
371875036
275532672571
3194073806
86137532
7374416408
856264440
212567792179
7390465293
35970943891
2195360558
2319382338
3645401866
169330894069
5764975157
3463530735
276447667564
36967943402
263328630278
1132643432
2325353830
21310336
144776212
2932064431
10503094765
20297980491
87548010081
3312622739
282186570595
91182640
29973338003
1231976356
17377802301
16458008248
3419496
1945101906
19944642926
9983000850
180255577556
92416944
22620986
210002477660
221706702909
17599658738
1712847683
263506863
144076862
375997549382
211197157065
2324114546
153922702
27365655187
157212545067
4451070218
28549865674
6864169976
323372255126
3459830841
2022789901
29951336861
34197244846
22114029023
21284213
225533851824
45447747760
17005254957
1088826
38476835083
36980224779
92109380791
1289439531
291172224
18827869168
1892065343
250621993830
114296081017
188675677456
4271783194
28540375514
278586997247
176111647270
201084526255
24758677216
6871651143
4235966056
25013784437
73748179571
22322519465
326304846
32015313144
19141644533
1133017152
20307690780
10503169625
1130562630
4254135478
59503987439
5570725632
247453222017
230979227992
153520458970
17272072617
205191405266
10485249853
87268563034
17254163966
10104449960
105214880884
32354299904
145089734243
16521973135
174737392992
188682839854
1455303325
174855988433
261660424830
74467050738
7798688848
276448835401
226026752044
19169923211
6865508704
173579349928
18832940327
459630469269
250621698443
92002687600
5708658765
20321115681
21383001
2592606973
16521780411
1375591286
24197457476
11351681
319971127
183160545356
10453704697
474137495
159390848218
430529366
311862623622
56323637
80321096071
21394779323
12486856113
2958683112
2189133921
153974662
310613809
121804895
36859039597
156530279833
2846889468
66621103
7483531740
10038531578
3193868774
7603422138
8663818234
22111636992
247449710427
13244182933
3655369322
18834656924
38978377202
3381706626
45465659911
4245322139
4459248957
183224300722
27364359445
71847391866
284780666340
369395046738
123216521
346548733277
81757149
144717178
235142531095
10460658184
10454249652
81854653927
28846563805
48207369764
159642521153
3989635587
1132768837
47851210517
17034184409
30633285712
10636457900
104790782509
21988927464
80083423
271809828
1128359188
14670796681
92027971126
10037489455
55668427
31483819080
154922680205
3515019560
35687429595
5561865286
4680265410
137422405923
2341592240
15582209920
32344701992
1701900707
78166538212
19965548512
175787793267
328682495
160127742918
151931048
274167154126
1897118755
96104211
36748656
152491722050
50595513705
56419512
121762120
34377608498
85556514
1510794321
66621990
10511924923
191915294755
1183495963
46520521102
92174187584
21901351671
749217389252
85536927
346552922316
6866190543
93721264023
3447000336
2448129807
177695630653
4262795294
140298480
10503109940
176132796395
157670233438
49089230515
82153484592
6223575917
18831492643
16329672
16458037217
7516323932
194848185509
10367616207
37536919431
152488130788
249680602226
188736103431
55644188690
41533909170
53765762718
189875406922
1885880711
528704682
7603476420
19535128513
169207968197
80835883
1134980420
291938282
211194706301
52184076590
10106605091
151918118
9976847034
19535778489
28950100315
273627718669
230884486278
346548650007
2154534070
225332625647
21992932112
263539493
54539946069
191919320756
112360341156
32003891602
212130667111
155102267254
19504200496
151919108
2499955230
21888850838
3074780854
180797709577
6317730528
324118602370
17171420998
350596235020
507387176671
2257986054
300250880027
1378063929
32422569662
207761868761
231832785161
21980324940
8861622105
14014
50512248
6259357012
52469688497
175795989826
2033523309
56348175939
1132305300
17011896577
5908046538
169321750266
31481081839
50766355812
143921247444
156012529006
34292648045
86694075467
169514171208
66621076
1806413434
93516757997
52469688498
1129031517
1887835319
545715080303
15587169975
42490865919
346548733275
147982002615
29179846992
114161335703
7379076522
50540862117
188734725704
289856136580
558983246527
5561768271
23624487592
574490256
10214951
250040665407
80678239032
294592305
41506348563
18827172721
2324906669
1229232462
206820867372
19300310543
157396482422
29945700321
37536626604
122094921
532194258164
13385053922
153348149647
424086878808
114046909208
175833662576
247448569466
161988941168
210007800517
21243998
144944004296
233938224138
18540931100
291593385
58101337909
149066702918
27366263298
14581600378
8793447
34377619090
155528793106
144987433
31482506748
67379248685
18827681915
300224148605
228450509837
91144476
7376239388
49041688863
36051394048
1416742675
5595740393
31481142314
35893131594
225960229261
156141612974
2341682584
220024771501
13801826043
10503052855
168758824438
27363824073
373257341347
19098461445
22718502445
36994349887
557625065412
818753506
17006700768
91349767
92003570375
81062662004
157913022688
6265008032
11277246490
153895800
10005641266
205425131443
350523111556
4242490494
291102206
6183824248
269082166
6222292354
168946619365
86243839
15536753212
66640502
265149466
105123839113
311870818309
3074758529
10216011
57493503970
85537576
78147974004
330034874193
121771174
749220332014
346834735933
350479425338
144787065039
2319403988
309501776404
25559390151
51227721284
237518001990
168770167411
5806470421
168844044306
271789356
144163437
7755925
281672855738
71842596660
18853399926
1375475633
20321135678
1557064407
144764410544
10555412389
85539172
10100164513
272764904632
46521453106
15970896843
226028188026
175788457315
7374824726
376470247526
153549552654
18113751860
6618545020
123197979952
15536750758
30725885663
16328346
175855964459
178269174382
263445329
127740742478
10453364155
173987614299
17904162341
153806598
17909674655
3647504371
91149293
148078790449
15560777
20581715104
35872543662
232004880193
13445080055
10625466266
28712024917
24851172313
325550300691
132997423552
513959524641
5577404383
45441338325
332683486755
153018768780
144778564568
1131426064
398963927990
197916867999
9379261
226213460256
34293528729
11277317303
86263194
114039512948
30474125
15973264616
92147238400
2960916619
36986757598
183231425534
92440938
10307458976
49089509000
5674182620
291669404
20586753358
153734201
222464490689
275422477403
1712878026
3449216293
34377983933
64017434
2313271506
247451041227
78148021190
2325251452
133417903540
14265163279
203567244770
94632443867
27366373586
92163235405
122084668
123027214834
226180251714
18129960176
93512891688
1684985209
4451465428
226171392943
856348464
210002622775
3194206909
6866527188
34210975926
5709891560
1579787186
282544210924
2022642403
136107129975
3074523802
19509962933
236565759503
23744479301
16521558438
85535245
12192388150
10118462757
225570988228
34515113734
4681647338
509893558273
233938110636
175787713658
147043509450
24745126465
27365288547
11339876
350609402151
799631165924
175852573960
169926573494
30735210014
17599259819
3302422612
35891731326
175855675041
2245135067
21833279
273480668862
176128776
104791503233
92003453290
32976549686
121775135
749216959653
217828097
10075923916
32574651283
7366770265
154326797980
151920014
3699435941
264459037823
205425448584
376470400523
153025972650
46521720290
19399895606
154730132182
25545763827
2832927329
15536474877
4236189322
787522884200
144717428
91054075
66646736
300429883255
168770307702
326353534
28494122914
203956911415
148070524989
3414598201
247330407888
126666137319
19535446497
123256841
61196304040
19370329819
10084806616
309367966704
23859169895
10503024712
1081197
447634631
159658247697
161110847037
17783639375
1137442320
5708694821
24745126334
144282684
1185558545
24966877196
9711944890
13239411610
225222265082
21458151199
10367666286
28541298741
2154534078
195110416801
3669034662
732837954171
275187622425
4702642583
36712018
21392954123
263503952
31481209382
20089984603
218575347298
10853011184
93718813481
10632898904
1562010538
19373361959
294529356
20653473676
46524069511
1132027187
2172492006
52476030519
653059509223
226212195749
20733600
10555303895
125136963606
18829853491
85536796
282547687023
52215164421
19138662104
4905476481
693124064092
10632657499
28551590672
225460750288
17005546138
27356912813
777782837118
32441664887
4878303025
236496257773
17005547890
32018247664
22459124371
19504543381
2408919547
10367664361
226027303323
95570998
5088920
18772666820
795841826088
50875124052
263449050
376652608363
5418677831
35071137506
378447001
9711944914
5418714227
375997113396
348449230226
5570716589
266934629
4242462092
144553452
9991135645
175038346724
43744916606
156214063348
195331765729
641413410329
714597454172
5562250611
21999302453
66625750
3381234405
5567334964
154767123812
28547852187
10367666365
28564882814
3193953668
153459089142
2631812320
3074546015
741431569
4385995042
1403267
121775686
430489952
144147146
280915661294
225570988226
96196164179
43740702216
6959342083
179039602221
226027684129
5606491025
10367640234
94662447159
5609571956
2556828230
86176359972
121777412
573268344
10554660396
28577462530
12055417
6231350772
346552922321
64017368
2923643370
14161187035
8731219946
348038088832
24272650399
3448272490
389367148
4465476059
32352797661
96217972005
2961288347
19509540284
533080886972
22321789383
144783994267
3655636881
35973629319
176130755832
7742027
773959980373
155464631227
10121059262
16521783208
23621045825
260487408242
230709398932
398972552948
27363050068
30748506912
38273735622
169332897019
168563964752
3312929860
226044290788
4096508441
35900412
182564694560
114020184213
284860931038
231800778966
148025660263
1711368
230365790468
97291615229
3647549844
21392954128
31965807
382257895415
749763819
160941615233
3194177928
1996649
20045202
753367232858
294532048
33468447326
265146911
86263832
528052467
16364365
749216662432
294469735
155981283442
10557962885
92404455
24747426752
153993852
32582220880
2019871771
174735413584
182564405748
34194229579
350577944248
423841892604
36037035920
2333496959
53225409780
1403360
10367665780
83441258847
121763760
168518850421
5575935560
546327625984
136342505193
559001328912
85518136
20276940647
856213317
2931943001
66623943
527532279
271955916
52914399668
5637291198
1136074462
35907496
59504022880
5571190068
27367045967
19964698064
1289432289
543703592553
2432474337
231110222267
270686097537
560264183804
151951113
3665534005
83443688228
85697360
299164511967
35444346411
153537303826
143093368904
3194177923
82
154700074
557665090177
74088908
168946625568
28557713098
183033766363
442238
19510180756
10196536297
324420876252
72682058016
284656967232
175887974972
5418675605
246650203139
749843352638
528776450
102983824224
44947719901
176434120
144759181
20581712942
17359435154
641405790174
30725692698
70525860597
1762669260
3096265329
175788490916
175810552836
18543742856
24668851493
749217091948
938794789
271643097260
32204885298
271810044
80093493
1579686833
50778376835
447623605
153703486
18833661479
22172731392
102894346371
65798517702
1888321041
8858305056
176153116858
28799630553
183358264354
263741486
155599304053
27365286202
225898135867
291043872
10048767906
20705138926
271486985785
4277628660
19536021619
2333416812
81851644913
210007671557
1289403855
183162893983
18829184323
21430421
13789960191
92137879052
32003976949
12998531174
17781913387
176426828
808205153
19369711029
14665579625
27365432758
1231065237
336228646266
13234843854
749217536650
148018559911
86120050
2472175186
144509210
17872145769
29941181542
744503891827
28561121929
18756819787
527536428
50708368368
5636098095
14662547
91069663
4458944111
35801886
123091900
278587066901
3580659238
284658073547
217902584
685074525859
1684865918
28563481226
17006716262
144271751
14346797180
2059493523
13861894345
10267242122
20225491898
18544966873
1886734947
136407328025
4939781569
24270455918
91031986
12194518737
34252427159
47822127053
347847086
144937683820
262422024691
21372226
210002338539
70336225836
10638240134
231919109538
360232054153
28082691930
376773364
19946465361
15584988412
19373014723
191910265123
296776355551
3194171726
3008362418
351971953429
311957157316
153508353075
32185592993
53360089183
181828225471
31463836045
11192371
50779490507
346551844571
20973863
17354130561
11274373774
79290674
33179159625
250619294094
17354130564
22320363224
30731684961
3381976315
226044290782
265367929
263456243
2060017758
13242982987
21958593477
46518946433
38977425332
226169188388
10040669177
1187326085
71877861914
8858258321
3656068066
2400056812
4664701340
28536575707
92004492240
295354734
282474128887
6184595842
59738323213
114089656438
13805104029
39369878511
17280962821
264069968
19092338846
301320829530
19503220247
2448392792
12703020355
5594918483
143088963371
556761886910
81112043049
4459193357
34377950617
96246030815
153988854
214049456211
4664685203
328203220883
5780776006
226027957404
10367640476
31980118
104792102070
17794711302
210002207146
28709105767
39944103845
6176590157
162107165452
9712332253
38652099
307827048492
715081524674
3654910344
21393918571
24851132599
749220183472
32350468815
5594796885
725364788472
62185130
176139367
10084446006
1183569585
282583674546
13240627255
389357905
30738253950
577033572103
30741851599
3656037663
17785845859
29942990150
6339718
311870910957
22319728786
10632900655
15148428
144336624
194848139048
33179106382
311870664275
258851959871
10059972883
13789844426
3583048307
104792809485
265116434
155557210952
132208250
208987406309
16521999325
19966181886
2325184391
62184396
4676378450
19535210230
19300587687
10632624705
371872399
2787458212
198556190123
103071250
225514821002
128199019
20736999
153735219
205624556730
198332976595
144959752631
856350329
35973968030
247049608364
225677122288
19451800385
177695630695
39376896804
51866048477
842006141
183351115228
30213971755
291835454
1377352807
247843287677
300226173072
30721374427
6864573523
13608800533
211278915652
263445429
79377619
6864291878
8859350992
20310899282
3654892542
5674974207
8216656033
394194691
3580206666
689781877160
86694162541
28568940271
4902583957
27365439594
35692701068
230286579006
148035828637
19373159279
21457556044
36036944450
34194347187
7811
17850778060
202934855318
169321750263
141003222109
144534238
236479217993
6259675681
71842863138
12707153652
191775914424
17018052285
217829499
20056585
10558041138
64021773
172574387717
247447332671
299136773087
4680400001
139753707765
32014636
23621187008
174723036737
6663751884
1133949632
158101938776
102962982
153960672
1711321
282547653351
270577305446
85662812
223826725362
35801906
210002228925
144288790
21962321890
3645443487
3194174020
114085749501
278587030233
136531388101
6183166247
86274363
10084971184
11339270
144191035
41865519630
2059723198
79458913
33346853376
71964802968
176427138
4451038038
2472153905
566403166816
17364783659
265026082
6182883955
231234545418
121776203
20644722393
6263343390
27365687832
6265544178
528751419
21576191
6011114655
749217644201
6864813018
4236227296
14660216374
1188374603
258048367102
169926915216
143924204581
13244414889
159422355220
175798684380
300551933927
3194177497
150821282322
265027772
5471440746
442345
774073417464
273870390838
13235508082
46541724256
19144694292
222661236964
32981708931
42831539440
13245228353
10085715490
311870585921
34738146168
13240350232
153029991143
32349312692
174737013410
264060137
325768661553
31478483643
13347721471
856269464
2500927434
277984965893
27362425300
4537063880
311949662570
12901881312
825424650869
10367665991
247055338053
311951589225
175818033397
3251690435
24745857154
527522182
49092315816
557033598
1691569
3647660291
938762392
208982213071
4459173823
1684859399
18830048157
38195412659
20306582355
24745550784
1684798271
30214183455
326353524
114049145741
35882019073
4681572043
442061
59503051440
183161739106
737675806713
45460135158
10202169299
13722923645
16569084556
16521512571
4242396453
10625328375
2402931534
3645490460
1684834222
4091847117
209231429705
32019123268
46524010349
7367835342
5333369799
4536923782
7451697507
27366672711
1721037
183162900003
3374328490
225570988210
4459367298
16457968027
263330146402
37535802881
123261971
34194229578
20221727884
3302800639
5561730002
178269142219
231855916615
157006896468
226027384521
587134843730
2448088339
325550067631
31483805897
44739797
20736894
805256042
350709444772
10367694234
102892358
155220781
26081118
56419573
92580863
25950892677
30725265763
226101648515
19504816488
263626822
153763712
1579720605
157002836242
106885152968
55679458
263835620473
275072256088
1880053971
178731176954
2315425222
34845666543
204596593643
169171641660
10511921088
123136646807
349169266462
1130924862
13235425177
75374033
738883255234
28547803521
93718268074
35801649
151724593782
2154534069
556626712
9712292093
54972798750
39369829197
4646002379
14665730642
1721112
175212733616
8861653827
17354213192
247053001295
4241996157
1684886846
2587363613
5561762882
3571300872
10517851427
263463719
19314254642
749217133361
9989712948
287834460266
346905629491
159656335529
1375590690
172680056950
574630414
18836890794
10454249363
168946435221
6184857693
376520971634
24099433137
27365516911
59494499628
34861324166
5571574321
81813069691
265247849
11186605
53225231298
159386761512
247052923007
10266582659
93718269534
27360348014
639388183661
51117841102
9979859705
20321098409
102983601397
265126950
17852231163
20736967
30739017193
16522353365
20736672
191945446935
96915364772
31961673
176134822331
23743272608
265003217
55044729754
153988852
2339652437
81674243246
737448227675
70516116531
247050487406
75624794395
20198739811
144076950
6871837563
72238451293
30633552568
35811070
169323848114
225539866576
138133642939
232173963475
5779962886
28953744849
2325137624
558993210689
61384113870
75622062380
36388099530
6221995213
19946359543
36387686309
17782220118
30727266190
75740703784
153997186928
21372216
175214465188
1230315530
1416474829
5635836032
64017433
79719699
5638036859
27366672706
17354450875
139091467
21915878345
136380989411
153769111
1712226
222061120661
30716578743
2349452182
85537025
96499013721
78148093992
144835935
28933129203
169025698069
19369483583
4695737294
21457776275
153982468
2172426745
799517737699
20291030880
16583952705
31483722475
2154913140
1504769999
78182079279
87378632818
226027587491
157005859458
1132017049
19508569654
5567935646
19535272355
46524163098
4254230527
144534633
383898636471
11274534429
211279024264
270703736497
18828520111
263445040
349205136173
3302801347
6339794
22118785840
5713566828
28573086430
17005196453
28543357348
104790977216
10632678707
2033518961
308284226944
180906687592
26099528
297682712116
32350979415
13461474
19167367994
173651082462
4299251847
265013802
34840138575
20736919
189576641
83960449156
96500693674
45446696802
278667358739
17354244446
447534193
5562215058
10634148413
3449979893
92143002573
20734325
17354345877
85662827
92039150211
264298527
10539135253
78094657008
153778258
16328324
5561728813
35913353
1377075997
231752802992
6957970718
291049891
64016577
92573467
19504035352
1230959787
25559458845
226180146972
298542305138
31481068191
178161709970
50873912948
61789461462
5918094013
346547385055
4593274383
737532701785
84352292815
325769289973
30215582541
24851454425
56305636
261660650315
159670648919
143084465691
20220674780
15
5567950415
16568760558
266890946
4385868300
245470565517
559010408650
17852337534
273627747082
368797535840
6259358591
34253533654
122209942
753091386897
1920063000
140912828219
5635448962
19534345780
175077517176
28534334339
1970135604
173634220565
18827046468
144468653
5561811629
27366575003
276356617791
2461882042
263445183
3302177725
559909661
1685002372
507362172771
5708655061
42836974069
4451128774
710383050551
5571191129
20090094321
34821291
169270263366
10511966388
272562606934
11339634
50491962329
5638222736
151931034
1187426667
1579721225
105123342775
263499611
5640946527
33332689338
731235426
4450799484
32868565326
2311887195
376815074
13237021096
2059474546
121770266
3645396999
10367673182
24786141234
219237789527
154004933
56419658
8798949
20737013
11339222
21375645
66621475
28713859762
19504384615
294472297
2325237641
2154663881
145090485549
34288865424
17354551598
10511923857
4121105402
1658972802
349468591125
110287777937
62157277
262420744117
28711461935
795816960903
72035424961
20942671120
96129885
171060437
202861235615
247448574425
1260472804
17273563979
3194208949
36883228053
18830591786
101647414347
192279125481
10367725357
6183373207
202191139036
9990365215
11276642619
311951526339
30747886534
261903583844
176137876537
4486735656
4285493000
282474389905
36990275654
16457605201
272560403166
19274368728
102991260412
153017069446
3194205557
4203927599
191922328733
640394743132
27364281622
1512870894
39375791739
197778901272
175971498137
163612311159
13237047651
21375453
61048692630
3193835437
86168643760
1135759626
325550334225
856340999
71978672280
9908598444
9453479775
136373096293
188677658496
28718351273
384378677783
263794458
204132251089
43075004338
13709728523
46523785923
640122561
94239587126
423051294608
9712241091
5751852384
149990071150
154766446114
376470530891
1230549930
49686569671
80089964
210517010383
19500596602
2026576
70549796242
25557634379
9980655667
290938151446
84352053638
5708702018
194855046242
1135427772
21932054973
442038
311990121966
82163036809
28739855112
247054092318
96508603893
2341783593
1376335590
177695630640
11340351
27366489952
5749537888
2319501370
144093612
84
85518325
1572341785
52469646834
10735311617
39671779308
328161560821
3645443086
226212181534
175783918190
15968732325
10511923861
4288726668
6182699294
52204898959
21939711823
3655075041
5567928016
36986302607
153947728
749654652086
14245427
61212726451
71549938581
32346267834
19098465556
52214892492
50138468
168770189861
92418575
7603424364
175929144869
26084563
141
710393234591
3194205810
19534449280
32017061063
19294703265
49685108268
50318305005
384345546300
4244052112
319980220
211194714989
5561790613
72262570768
19372811206
3194197346
175798279790
260488578055
85671863
28799843547
11273833411
294463573
16521380289
233938462394
176153116850
1806834643
22459131839
32004274473
27366563580
9711950951
92039731743
17033345617
225984278087
28565882754
320195130
795821296724
10211177983
378225952
52468586941
5775292635
21917095590
94683155801
5638671754
102895707
250619362561
28577768598
85700233
215957148396
17281523150
1885343001
3447369292
10587394119
203474735409
5569439476
155696477018
11186890
28539626931
153025528904
5567665431
749217024638
324542289571
1130883918
20736666
226027516175
92050394381
263781287
4241938395
1182876027
472952518508
153506344803
55703509
10026346595
587910402
22818262750
5567179744
1572647289
57492995337
32003663332
1131318122
68347308168
30731908421
25451941
263783796
16458051250
291245817
41444494093
270463621
21888870770
2154663847
10130862505
19399591969
46519469243
351981249857
22506460
205366557529
10503020166
5606613209
121985480
80085959
208798076248
36980334633
346550831943
325550109545
20225671078
8858150136
184091303627
1731987
326296661041
152883569103
5567029182
1510513365
2324924929
183226304271
21892348830
19373945148
39945154721
278589329982
144756276
270463569
4458899866
173679468626
197876734420
188734606718
10074276807
13606503378
21888253019
10368065139
346549809612
80293789
225928143703
391221608
38646063
10050013766
20217074272
273870356781
78179373576
3519178271
21457584853
162673079429
80026427
4771438383
3647920263
227664672483
123278082614
1132517007
182564405744
15580485908
129457145329
62856583843
91053172
1970137879
34298575537
263445362
20988074
89702246033
144717179
28537858271
303459889
10215880
10625323489
28547427571
96986059
325768930492
17354308481
72225157279
63126948176
41535617449
2338961685
20737062
16211681661
82402485595
155557164387
5775290181
205366880805
559843198
52214760394
24745579790
346547360286
856274335
261326839224
545200681493
32353704740
10367640479
96029909
17354477846
2510418047
53225136935
6633403657
91069395
48934688933
21999411222
275072342289
6261446172
749217690401
86137259
132058280
358220730566
115752636262
34143313
247451019178
35873236630
234149009408
3194178214
7604681739
226086550441
291385060
174735206849
32029000109
749217024639
66627565
7378505741
560167531861
85533715
22059494605
262420631740
32200095097
2471784415
235754523349
192128901789
3655997253
114088033366
10634846770
10369023309
3647904267
1994719616
12156
28535077371
174726762374
94628810704
1578053732
78181971380
10632736987
178542184357
169023454880
13228371903
225310597889
10104226966
1579499033
226027684127
2311521280
114456463268
277708121525
351987575655
168946413684
3381576742
2154663841
4304575727
30210894998
170326515537
787052502595
46521662080
66622992
804659602
9800
264459661642
23749063647
94247142501
277003186871
18827596311
28797191508
156139628455
226317917117
16522045833
15968368823
6785019846
2033517089
19882121483
86169169287
151057887356
291048537
10517872091
18838396468
1712193
112115847031
22135921
14161405408
373237271349
79400218
5567102547
91993732739
291093317
368823735987
278666192690
9712011314
96916600367
20472782540
314304869724
157006891549
36712342
168844091468
54932963438
28535021634
2311897421
10522031383
21888643050
140528017
16521367904
151061249412
685744659365
13723270733
18832456208
795842159880
52468523088
715081389242
35801692
128156174
10648251815
311928617380
75623996452
183600712417
61381493889
92154714965
311951313877
5418606492
10879732885
3312929864
201361713379
21736555334
178586466161
19495765883
226027521500
24851764223
328025103026
1489840890
10042803690
10367640940
139171803
10367685170
732104073623
59737928342
296331722713
10024758930
16521923599
211275511264
9978608239
16457446778
5749483877
3192518672
3252258475
1658969894
39376489209
102953539
54548841361
21997972623
9683181109
1306277161
247054166740
54606073454
31481096580
19944628151
856509883
86694226330
20225068417
348789132432
1711390
19313998151
311870565513
155296482
1377961506
269812167649
13287031430
938824245
559934273
96501597753
296832596219
1684863617
17008230666
461514808
210525188131
230322619055
16521684726
637097396933
50765212623
378190615
328696364
124512960519
212014596223
24851638914
35971013282
1138127567
284860707698
41498378290
467731689873
187593376712
265254859
2195713542
5918579614
10207017343
81758016
3194206500
298404950013
35801628
5587909963
34195114393
939305043
144328588
940070563
64297779509
23116932399
28730550303
61381594461
2341771887
24852861978
4203757676
6320419648
2449413577
121758380
10040604680
114075611697
103068681
62061757937
749913660275
96941160923
10084722877
311861321929
228523494475
91204310
430504367
66657219
4385860971
61713835895
91175710
16583934790
247054088757
157009041849
3194073034
10625460707
13239386559
22338305
10565458031
218174121117
19535272357
232005851830
84684490269
25926415337
152872458386
2317976234
6322105541
19369414449
30633137550
28724991005
18829358373
14146749135
34144049
93509320418
54548959417
10625460935
4451038352
173297707911
19369872294
19273212712
1230294681
263445388
23136403329
27365278290
5567966784
182564754582
7741278
211706093995
749217644199
104790859130
265150504
11894372586
13802194416
346548464911
208983291383
6260194875
53219678143
8858171637
114162759741
10041267763
1378127531
29950943823
376470387877
22214897556
3193953672
2186884761
154367674980
86174946360
558992178587
13245240654
3302248818
137934114128
20224522537
226312832447
136672902424
1578780470
572376426
247054184398
144717147
3655002247
13236511298
1572068036
527531918
183161890567
2003762475
50354758501
3447963300
101654366985
168526857509
83477208241
35871585401
61374200618
32348986148
32032479266
287060853267
5680588671
22498954
10452698926
22673981719
155527087958
21109329
325193532297
247055319690
34985996
183359265950
263782828
217798588207
39375767871
311989991594
9979721026
23749096602
188385860447
168770199175
18828626990
34115905465
157006876609
144956219047
5070367096
1802769316
10367687773
74472152339
92005046350
28928219267
5779589857
93741632642
225984278100
19365853691
1252405853
749216466274
114282888384
67391811694
150444040938
1511242352
102892435
82163053506
3077519065
3315081528
154002481
558496505361
10503067388
19399989181
136896128893
3656006828
174739133926
21038604844
46530973918
91054284
261662713388
12363
92103144752
2324105179
183160396209
24288449160
1579786948
2100907685
264459186074
29942134791
155332226
10060069927
2317100008
168525488890
1894248995
298406064896
123091379
24197148250
19504659068
6864691234
3645434116
32418928043
1378019815
10728022264
278531188881
28536386485
1231276704
324058549370
300551712990
1638789688
1920073467
7390723519
10367672077
52168716237
18827474048
21738984138
178133849095
264458803049
1130895404
87524700538
4285490469
3645443081
5561763875
31478331910
19300631552
10632724310
233938337819
55129446
122084673
52108009824
92052931445
744334301503
328217005657
71880478283
228797280235
265182316
35412213483
10333513579
32354896125
169321775573
210002279037
2592325399
22519898
217880661
271492676438
96501612185
28800982884
14256496
85198260291
91312375
2500122575
183273407002
111321255941
753445289595
153516420062
15536622439
6338976
13612276012
1140155545
34194278234
16457448738
2343006705
172366363282
17005937360
39175913234
10452534209
144960864055
107203437086
27364414760
28708287385
153940547
518976686798
1685031845
752366932500
5561759061
4451038311
34306009542
5775489515
56424959
1579707648
5708702691
163990651496
286291385012
2154534159
2172434503
207762951339
3302806059
3536052427
28709799830
300246828705
18519794179
121770238
102893278876
2060037333
10060064571
187940397050
3172789056
61201027513
10511922338
334584381456
9992397718
24851715658
26340897429
273480597879
10633962624
55047370285
45463035500
80027844
19368238761
14665683012
91150574
227564351324
575909974918
61387644058
6869828480
66641329
87586592
91190987
9848
24274426011
52216968634
17005533562
3647911267
3581055092
9988349936
153986688
5567572268
1375616177
144281611
92618404
2003862194
7369852159
155915665588
233938204742
17005562050
556118784
21400962
210002481120
710375646791
6307903
28922149978
89910194573
176135828938
13994544514
165391526879
25297394501
263477599
19399591973
30633292042
3302930320
46521874648
3194205775
17851908305
59504039110
749216834387
10367646528
1131127209
48207327922
153425606394
8652100573
27145128
23748876472
8793173
27365506803
17006353270
550418764
20222085876
378209645
5609461781
75623336109
184091475628
3172734990
71977610350
169323857242
287195958710
174875647420
51024855504
104792289025
78235719471
62615131543
144071152847
323448167120
13245259511
18841529923
359743319991
346552947910
13244421064
23859643108
81337062
299137856354
59504495509
123090532631
275079758813
378224362
68502957892
3655888318
21939799209
84351768767
311870957718
5864804828
61353694231
24205200351
183155152472
10214939
21366169
93750256116
168770121738
32352624064
27366555087
183160626368
19945157090
66646751
10088827153
9712362884
170327178843
508757140866
42486783976
1879606907
34744275252
357747506066
49689070238
50147352
187992634297
102983317674
92175937636
211276686446
25557511510
376496839224
5804752862
300224825127
124151295187
27367087178
5418685150
22458731648
155293502
169321829062
3584882394
103071365
33338832549
8861615078
210006131857
1378082133
80362286670
169323853226
749217091943
91945907434
2958377152
6864598860
938752457
81757996
1228854334
3302237460
22460711
264299248
34149317
169321691193
27363328151
1130581003
311870883942
4385868299
350592226841
231339865965
12743582843
10095900362
332175339511
2311887196
231322845337
16316755
332175067665
10517890864
168846489005
11274885770
14660267453
16668608107
328175702124
1364697850
14223230686
70608934334
10517798647
67375110599
10085697345
804623773
87028917424
447570918
2449022696
28963222578
7486833330
46521243374
13726629882
3071665569
122246882
323483436998
296233379380
2194265669
183161748738
1295828367
448082789
10522027332
92446829
35807772
175801068819
94391105311
1128606605
19292612844
374217005989
19369658625
659962884721
39377403504
21042
1128170687
277671555357
3647927369
140394232
10461304818
66646723
3302931217
80836978
279783604177
176153631355
123328589
175854157865
149835581861
1572083773
350682986770
1579752626
1364451940
3302929550
72041091289
20307848748
220955000264
175803018461
10503046266
182465305007
730692706682
226027707096
44321327892
10367643922
264458974585
182136389287
3302095927
16435047880
120193137011
34284629062
348404943525
190195705866
278478245707
28553454790
3656063809
1711375
41487022573
28579572695
31479609409
22810986178
275185428119
34377865593
17017315425
17011282432
21042223194
174867686829
558989476060
34848922312
153970748
1416506566
559867487
15516257399
10060025831
17781863943
18827474025
13239700495
2033520547
38195890589
1229021836
1130999537
34198564363
188734755750
546425046683
577448779028
265145529
176135762
567145981
37536926790
156606843923
5768619311
22709676917
1364700573
17006621484
114084772476
263776203
332174824739
1802821487
10367640943
28963192274
359823980230
85518349
70609716983
121804236
50810713273
753391059094
34421593175
375996824503
174856001584
41532925133
80360320519
52915759928
5673854144
30712448513
34253108773
20309224474
19504894584
3645642859
3655068961
144286882
346548778480
28086502380
20225079550
71876854117
50767386910
34741405021
3194173837
284661140222
194845344873
263542331
16586413044
10451738564
287028625067
11341436
16457570716
263337946753
5766542715
32344745350
1579832656
5594297586
13227484911
3194172951
273859205731
299136651639
30633446518
294555776
95465859476
3193823648
142789512988
14161104399
22087575611
28966162737
17354324946
183160545354
36050812316
10451442350
8
10563005653
309657550371
23744686627
3448288776
2499740412
15586073956
1229837388
52733867005
299160140615
159643361091
19504620930
247050354659
6319926216
34317295582
2172417075
102894374054
24206876232
27366148234
96499013723
27366385286
28977625103
6222167692
30631854220
527435457
3110433025
6183378542
30633126249
10101558862
1721067
442036
48330268140
6319604664
102893323406
11339922
264459127314
70523367236
146976938
346547385052
219328828
22339897
43731032981
91146334
104791499787
1685029405
153358187234
605147380387
4914924057
53056957470
99367441
27363102114
276996751685
82165093099
26103446
300551755291
6265176194
42491865586
85286650875
3193997491
6870426100
6864554325
10625471952
225428721145
45464797184
183286091018
752184927811
4242512987
66638025
282540440212
136354147345
72236444294
92128033071
558993578233
78148093990
92005594844
13547459727
2186965634
21408533
9985282098
50780377886
153610812
1133018902
323869459477
17279653693
442317
4878828246
2362394779
59494654386
264228497460
21392010292
1888133164
424097373575
10084808589
114281719735
188393039304
34143210
225253392433
225350648711
527527328
2315425741
10557707419
72033760434
1541690779
81772676378
1416687198
4902785683
46530528686
86692811673
82402276131
23859832806
6864155754
263759396
114173148034
1376345103
2097873831
226027224451
133105498990
30469829
640397979669
196869094586
549214303
10626530162
20238726005
36985979237
44730622
261662567428
82481942038
6263901131
92464520
28542968450
77439333303
32007766594
558993640079
29945960697
32354318435
16457677704
15582348060
263782131
3448188004
183160452425
10084805414
527526909
4250010235
360234023750
153974663
442071
2632420374
24196881613
231248601374
114082242416
804662835
28930068888
226027589268
226027686363
91133072
278586909683
196864010671
11186221
28798279148
264459127316
346548693735
4876211496
5805848172
52215954002
225570988209
731218240
114074854745
217590784
10625328627
32014744
12187
17658105002
757850174027
175859043213
32348717414
86192088416
13234857798
731247450
3645375926
68666155595
155580459842
86694103710
96953748220
1134912435
179011326113
698523995
17005499638
4245027596
328361716391
36342967391
34194347232
121722002
4203757563
9984312611
266854857
16330591
10039225017
311989991593
1587436600
7605628305
46521385487
13709768167
228485765487
29941451632
1886120809
155154918
21393128837
19276086050
104791526315
42488684295
4245641000
136566743421
11276729026
183162900005
247056435833
19365634751
1712982470
92402118
104791550370
19369723972
13726629937
166854344131
3330517806
10150335640
559967016
1557076928
184212522710
13236549600
6865463890
34377896295
31511256880
28937836866
80028923
5561808548
22133313184
498398417075
312022884897
300335718305
10214916
17006624931
176649304
297121831121
10632685398
6898371908
3459653982
519148477891
62052654990
29178861039
176123674756
46522686090
61058756736
79836251906
2325194216
4645976125
10426530109
1231072723
217242902513
5708617482
28545008804
146483918440
295452573
325769242720
273661017065
263583343
155061111
4385788491
5562311553
3656080589
231246643748
155158308
104585627703
376815084
57052389345
11192387
78181431178
10085720821
65954332
122169477
447673329
12998522634
66625328
232171281181
38148838722
21740277209
82404291867
155556112877
555059866
230386802142
294523907
4245564956
22459333130
82402485597
4203920069
27366696436
291104697
266365834594
263759388
1138082315
96194126267
144212932
226026743794
28532193173
1511381086
23620924963
221824208215
114073543729
86192465698
22240480487
529048344
36785821
17015588164
61385873381
210536541252
80328177778
85662722
20221531011
24888980176
13789713161
20065191
16104282742
53221138393
270707265192
10633962348
19365323564
311989994715
261031810013
22830960844
272732259346
31479314452
32582425707
104791499779
143081404005
26080129
231322845335
8857963850
9990942481
19300339814
175033237336
376502881914
303408015
29951341168
143088879276
16585880277
11274050475
27366243776
28581005122
16568732363
1377672043
114968747681
938989227
23079176883
225507811061
9992647253
28704776248
378208154
4459357636
86694061564
558995367746
325550318746
153905877684
50778362712
125958092
2960849507
25559320240
292467394
175784032552
5675040493
584658860878
22319614202
174706121972
10503002018
573345741
11630476548
46188925297
272300832795
5637761605
114153061752
222088577016
11274673796
2472026145
175805205606
3451003951
4236243672
3515009244
82155946981
258505366821
34790319589
35810778
117335377668
1190970246
3302811298
80363712580
1685013558
3302129176
856349037
18172480271
204370652286
92446780
28530519662
38
205062895379
233938486994
554292501179
20320662530
5768623959
45449845301
10469527001
128188790
21536220881
28532016376
1128605430
1578207518
34197125375
101652288613
575905883884
225381700494
5578591235
4907336230
153973776
61310302862
16457403410
4262860357
57454259744
2194269167
4203729244
1377352809
21943688313
3863536787
24270486836
34211268408
14665970718
22879257861
15589675816
59503547934
19875969694
5619154828
13244908698
1685012414
2051348477
43739902756
52475735496
303432069
2131714442
169330895216
67387894995
373578848223
23624556258
13243117429
325550099152
85286730415
16522353367
1684822509
2449721733
80535867863
136543013897
261774338233
13236998489
183160580063
2315532961
18830566338
174027078255
35872801579
291835403
28540133647
31483811110
155155263
22459085576
6265083877
11300541748
81756776
527519316
45463216046
43730527301
6178694959
39031031657
63964345274
151059868366
153737099
21137545
19965255288
183160490037
33152456982
10554064712
376468168333
29178861040
102898145
174872700397
32424297102
1886434072
272573982202
3110788227
10369024890
226044290785
375996971363
3194100743
102893323408
5708108558
10226559
1231080819
21247439
430493982
6183290372
102898152
491932922583
177652164199
263697468
190818129004
96500191982
273647868628
27365766807
17010427319
68443908728
21393415
24197334856
741487939
3071666394
284655917160
375996917656
4236289697
16521510574
64017416
359742139764
67892887
16362754
556429958
575091537
2033521004
1230492010
20438439890
1994401400
210002424742
225332625640
1421952182
5573909225
3654944033
30465985
32353495320
4254242098
1970142505
19372733699
21940723741
10122363031
3678181417
1721062
67306219806
10367688054
85536931
3706968118
346548778479
52215912589
91146326
93751671017
85671832
153972471
32023739405
24197121412
1880043139
17033029785
81757998
3414026348
153049756137
11274884692
264286105
4915064369
155297895
32776261704
21393404
70609320142
442106
9812824901
376470503192
752178543209
63653962396
294464552
744752826657
103068676
21457741973
294469978
447635106
2195145184
10554760970
12998464147
17851659976
12751513565
4235960707
13240088380
2265915942
1684885631
29953704601
93718582295
276447737392
176136866000
191922327421
6022023346
3647920266
29954348241
27359776777
71884405697
3647927374
104800854351
374840648815
230306584757
183360292456
245866209182
4244829380
4244843812
4681582079
1685012080
176136866007
7799
233938224133
35449811883
300225501012
169023557096
2033521838
10105176387
61194025489
123277055
5571332429
261179781460
20737064
20095141260
10222295
228046918653
226026743897
10565185607
90662378
144281945
1128644468
17354324602
6618537757
10625454409
1579787188
1936409
3647928227
5561766873
359879731734
2058729043
3312929872
23749080419
10312866522
168846498230
4646495239
157315864
173717999133
72035438938
32032376986
38662558
755615335235
2362319844
62292676780
291258582
144127841
151836004
11350573
18827340118
1131125683
19504640952
9177131074
3647940271
10367666280
74461641157
21990517676
9991490875
153971194
35891654032
585538961435
291260611
230412828897
10636769509
374661890579
159677791299
265396528
731948301982
3514910119
20146473840
148003292457
155541107631
31980299
3645706521
5587209761
21373047
10729584580
25713542637
10511996235
275187679060
13203936460
91094202043
10512327215
27366838013
22490581400
234179088662
175788871888
191249103521
339956637
7390652805
78181940856
34789979853
10511904717
1886161697
29944000026
263445352
24851133855
20308460645
811426365
102894204065
32016237403
45464431410
7390638836
287765314815
20653892860
1579857403
85518778
1313323282
24786179752
153336133883
21999407817
387737227959
169325885238
96126788
267538313044
1579786947
3678203096
153960609
28954766424
211278915654
113697094465
4242408846
9716897967
273485826196
174862884483
232059570471
272595305992
575034927
15536753932
155154239
156139619923
11282084775
270676792473
6182650358
27361540394
24271001692
22319285537
24205145593
21458207366
6222254822
85539062
25204418510
275187622423
71842875155
80538225
265308330
23624080251
34202966415
311861347477
104791011323
29182228256
54609284653
154068638
15586980401
24851409605
11275139576
21372310
20061538
13727054834
527526911
6259357013
153922682
20320747256
174734783441
280274071204
18826825396
61724387309
2194268780
1375391573
228500815308
78094722756
281670427040
225460750279
158126115860
3656083915
11275140740
22805262481
8858071859
2399178449
5620769789
91066588
64030231
96194252
17611844194
1901688552
59708662744
29178956386
91176187
231327846168
281672850994
10221509
1639282618
24745747938
260807016204
91155637
247051582752
194848145522
10638573950
39941850131
10466976203
17904292841
758512862857
28533548270
1806965595
34180311419
86694140532
209416373538
710222762802
3654918122
1377843952
3092559008
85518322
54605220658
30463353
19946345843
263445359
52164704413
10517873375
55673643
86186531416
21933734923
66638812
2290941414
43739594331
442088
286291386975
266836923
144774148469
938853226
45457812257
10556723370
282474389903
1129209153
20732904
271773611
28797914332
14239008
61194905658
373579035479
741430190
263445360
263759387
1377299596
321583477900
300385303208
442138
66623948
7824092885
155665942811
6222102169
92404456
42492489732
18772880972
5561754047
17360260722
558652667773
56419935
19917894126
992767165
23859338959
1970140396
359742223889
752351459840
1721101
24851345792
104791627996
178096006802
263794466
75505055405
50960076466
175814908770
35882138251
61379689927
275001774310
194738580845
1145941457
144613892
9984974220
96500359735
715084311353
144311633
749216729811
752178621968
20309633788
28965377418
73672197342
231364893287
5919339692
28564960626
1252532820
14256450
292083451
104792130855
1128976754
89781662357
210002540603
32549669971
175789599509
30212014885
247054007006
114033594806
250619380612
45461892637
1230915669
16006685303
45461355665
10632667989
281680095723
19365612976
19876813503
263697463
496056776654
2986774867
1229839458
30736936327
292609036
350596235023
71928317899
13239404204
85518725
4236245053
21962836300
2172648915
207762955539
1701792772
2957855716
182136443480
295258244855
7364466247
81845584593
144760902642
374919830
731937700322
328999930
57453686278
28542974356
24274439944
55667198
731178281
372889853836
50146326
330564389513
93718268073
80223873396
1129221339
375997374095
114088331119
183160544152
178179398199
121775108
182392023150
3197330525
155165183
3444328102
527527585
247054202495
10623310986
13790042228
272591130750
183160580057
2448076649
206796706732
1505177875
492393121662
11339986
30745146531
144510275
13782334181
19288212090
22930760
300385139441
64021741
9977841311
3312929871
19535631611
75624205029
557565577117
23749184631
11339247
152910705840
266562803
176654130
31975670
155596582485
710850147166
19185429423
24098896893
144553926
19269078701
732062390696
64021771
11277374905
557690557633
155399733
22560321269
85515520
45469049357
30633216605
461423677
3678181419
14665095972
350574882662
72219128421
263477648
9983975263
2728052040
10024845330
175856395550
183315975328
92057078872
20045203
20801929055
278589515291
1660132942
144835934
381662064627
91169003
3309667058
13244097783
10215881
148006317387
265557900642
55671549
10339963358
33369002977
96499312169
230257563799
284519595752
291260610
104807892665
6183150244
92048348104
182564466118
31482085282
271789195
85518468
32974367497
159641302767
144563650
153496298341
18826405327
1994386386
191926350157
175800928373
230884486075
230423834577
250619099719
799517737690
2631929316
25543114962
14484948710
349128626162
275001656052
32347022883
9716326097
13787060059
5564622341
17005742859
17494512824
20320811327
4277359336
14256492
10367641063
68243648530
70209614748
191939426595
23743152109
17280128978
30744251218
271486363499
749217326783
263396746891
157006891545
19876391640
13858749609
1953857968
148079883408
158344100113
13722905500
10793005458
1660126501
132142030
30715324853
3065814871
21399565
136316440343
153207306122
1685019872
92440940
10073858128
299138987506
30803819
78094905793
5561769672
44002747397
10503055588
92119082134
10503154918
6863743593
44810962
20224906313
2321518393
52214891034
21392416
24272540257
44137316361
247842260213
2172312273
17858344907
72029465956
55714409
10367685171
83315114233
3656083913
3194174243
273485246240
144717362
153051007274
23076127523
144563355
24446033408
2958191666
178180744722
93514684984
220154403972
5454485
28008691903
282477923079
226027530556
176153116834
573583076
24745544599
5561893652
176135704
183162900012
10368488545
85515860
85518474
14168
26341018416
3312617610
124513664639
34173059278
35892669451
17005226906
121760616
35892195730
347556113212
21070624
28503683306
3110824744
193336359087
34741111299
4907129400
447623955
272639222955
16328353
152899558183
2186832200
17276509790
22084121108
31961091
155153100
59501446614
5570474536
28531527735
1228662219
13463541
49642956291
22458775280
10084880129
1302029702
10204669394
91135395
20307844935
38991080966
92089306115
527526794
360096483993
21392443647
6262751865
154097988
10115789180
28548286745
3654916468
33381220547
1690405
27366299862
247056430206
20299234867
3196567985
309998448479
225984278082
263875719
66642148
157005869238
70518679201
4284483697
35801668
1252471816
247054193749
93718271997
35970652667
510698786
2325324980
174287422031
19535388848
1377129815
226027609333
752121297564
2319211684
154058820005
42480545964
7367041204
225260445355
176153116855
291104490
10625324494
121924318
294461850
5587941285
20225619907
376470598349
144553923
28538046883
1641965515
5764903602
35813661
325769215125
506295179151
45446321290
10503051805
10503063852
271649230098
34231707344
447540574
14665329164
231995307748
191788382860
177467991584
144336627
226026661936
24206038674
27366193520
10554700640
231905066916
1228712439
3645315261
46523610744
27365859351
204360210777
60250004
300337126139
13710234439
3459655894
1711418
556564226749
3312929858
183160453581
9711902665
23980805142
17782160967
191969690510
92454657
532222023555
32975896114
72045863921
263475208
399398823
153795766
10557649517
2033521359
13239273747
8522289797
22063000207
7449132425
140404903372
1711336
6863622580
17599284135
346548658891
96501596712
28529065847
13240191707
753131830175
16329997
28530625288
350596235022
12188778939
19202336168
31481129008
447541340
5096888941
10517942600
10122870797
114287343395
269826348894
466374213
22060682790
10068644689
150488730207
13242538223
10367640228
27366634229
32346516556
11186880
198555957620
23782901316
265215540
15536753860
21741370539
121822755
6264741764
284513483105
183231425533
1229311485
153048081618
10025771231
21818050908
27367936625
6866148708
1578048820
138731014
5714147316
30477141
21888354714
17608815060
18827046465
1806560159
20043793
91129413
7792334526
114294824810
21934863150
34821393
20061537
3193771531
6870456462
25543141361
20736949
70198266502
1701900706
89903185517
121776206
3074953471
1721073
21458197695
461523560
1134207544
2325328306
81868788128
22100482026
154097900
30745466284
153051355634
155545995698
25559226244
5749602006
373216008406
22459002725
35810821
30724069670
3654967053
168844001832
2402948968
24271057513
7377682791
17872828400
23624252962
350525117213
251743552294
261791216585
178304388964
2449889588
67389907354
325550109544
61795994194
326300049
24205143486
10625466410
284894213211
3647504372
225960208172
102951845
1377940830
104792005923
10200162382
1230285819
328194874221
332175137750
1994397947
4458933234
11277246491
382797076623
13240096868
262422024689
151864008
84352008408
102892426
307495877267
10864671063
34734911765
1685089656
4902983351
157763622669
68670212936
49685790378
26099529
83444063405
154005188
2457386785
153058318315
36406093579
17354244445
3074801397
1510554329
54192076915
19365883791
125491082159
282476636514
182147520779
5071049315
273821962860
276646290119
18826661932
557714273556
50166009502
104792351670
271840175
226027215131
2932057315
2154534130
17277297159
19453652624
22483909849
19964714892
286682537197
175888090942
46521699048
254625037108
23859189340
35891820322
194848205038
10511928028
7824103530
22173179853
6222072608
33468054688
72045702658
136353493066
17850883658
263336999123
225984278106
66640088
18837871236
23
145121342620
23783128408
173430929694
1572695323
80785195573
14660659573
17785697444
346547346808
24205441540
3645427575
1424700133
319970329
61214095352
153974119
173091172979
16457564133
21038579217
24323210388
823775419095
7380488776
6322353
32437935010
247451109354
13244414887
92177202134
275422461149
92066914355
735638088087
18828653785
22062457656
35801621
86281788310
100632116372
18835856444
205556187039
175929151219
174882983240
5639174938
21392866731
123052510584
264458829363
32349592026
2257258694
105123832110
5106808148
169241861319
23747030670
28090298575
54549351258
219825903
430536089
21999597022
13239475417
20297476030
9373298
21954241464
46545624375
198212113741
3581503159
14662712
20291034714
23212525511
3381834404
19274694720
266830009
13858465045
21987059038
284129977926
87025106703
2357018307
2449738467
447564947
253703678668
245866560267
3192133367
163361136534
127351101702
2402510336
47308364897
9716897966
10256285104
1009214603
5795926844
24272712574
155153541
104791581593
293753627553
61378189407
1643152064
275187622424
124
326353519
96029779
54189534770
24851587612
104795162967
42829224999
55702302
153975273
169023577064
346552881528
2592387146
263925243
311862541885
265019808
261783722988
1970141328
7390635523
34826780
527516995
376470565797
544368949593
733796164431
7366292243
247672463605
1538956866
81816129383
153470121420
27367189789
10880894867
144310107
32348798325
1377075979
19300774182
172922062412
11339173
21392014608
126
231776520555
10044048630
21414069014
24097474692
350723857289
447710007
286660255574
758571639018
83442492156
101664287631
17354479057
66778708
2960691745
7755924
442265
18775403398
169171633377
32290453373
7370582645
211137950358
155225544
940010175
10503571206
2022642954
276653966203
19287874070
85518470
50777536652
194848118762
558993357313
78094835754
5708655298
174871549486
34793518
80293699
10107984371
2458257986
144937975
33018026
16315090
6016829760
4695643958
2315181600
23744454153
13241184340
13234843786
1638790757
144934522
1897852644
85518324
17781871429
4241996159
49685146925
230468965748
225507810696
1416503882
230376796284
19365656686
175918273314
67381246772
168846426350
159680090933
7372564191
384874916790
66623959
157006876616
18832456204
183300160528
46521709462
91056458
24272540207
92638935
1135497923
548783596
175839051099
20654140106
221598515214
16435492335
13426087566
143458407964
5578752711
10625479635
753442124837
332723929483
13384548774
3074800763
21389249
55398883224
21964401997
749938588406
3065702705
11340110
527368290
34205670900
10625457958
19274924923
442084
346554986218
264296619
279357984267
23028379
262420834468
2311156338
80027867
5708687813
11274915107
10632660210
22866607887
92075383881
11274713155
1230609677
29948570644
169171643152
36928698640
24886842209
45469136790
30457299
175785124358
262130650999
34279686852
71880712692
1138127560
21504048186
17440935021
183273046863
4156909231
10084015853
11339989
80278856365
262420834471
121866929
4203727581
303472157
2500114462
291265235
93746059909
28556372691
1659583269
19183154166
122244007
1891592630
5452497
2931764598
447192608570
2472155378
92081390958
27367936624
10028877779
3078620424
1129983120
21391549638
2931620414
141867287089
24851460247
64017438
50289894578
159639172254
85718258
527526675
194855148538
36050838428
25950901795
67380526666
5637128625
144200888
64017327
3448195188
8858143922
275097589691
252694617
10517592691
12749835150
284661164207
19504674466
17171516176
21392219375
174333884461
34143165
80214194819
71978865294
93726885720
278589251106
36987396727
70516471622
13239679363
68350915350
10036489744
1994342344
139228581
558993736177
35891531147
32003868803
27365802139
188734725701
23076451313
558993450157
2357623356
1128984054
3647543060
96767186712
20051832
4902611433
10222276
153971013
299137823137
731763808449
2033532201
990960432
263830538
263759392
13726492609
3647898172
201031334226
20306620389
67379384984
735636553722
20826151554
28536126021
102892248
20736932
3110375791
4234691741
55676169
154354134243
66619590
28088377645
2341597679
284576559007
10119639866
23859500512
387777945004
5636029366
1131388218
19535035596
10216045
30721148681
291389988251
55680077
3302173219
175852152343
749216834388
311870747076
6317231799
59738320184
795822843622
7365746168
2960875734
783009803643
175799672390
659962992050
79381802
389383514
10214918
14256466
350609402160
13790112703
273628788434
17006697889
27367847738
10222196
16584900305
8902327
91962604600
247449710428
175841613520
21038322279
23860259230
82402582974
6872232341
6866093086
102983737616
312226284181
175795655491
28546876729
10152461186
527517947
263875715
2325182358
20090059669
155971489327
50146147
13858497155
347038314345
6320356297
32679557348
17657192909
78190351539
714599364003
35801660
10367717048
273485189142
16457967356
35891823556
16569053117
1138127520
175831852651
23744418408
10730291556
80364206180
279783578491
1732067
23075913557
20225765367
1135221101
263542334
278587180007
10098153579
17005441415
114046692263
183154750485
382459616853
6183110207
65956940
556673353340
280434494790
114084833580
80362567970
4469093267
16521848890
300713149587
10367673179
7374797707
39030364783
24420495469
6176942296
34142084
453251781
144796853142
183161890568
4681706684
169598675097
1135262086
10511958891
205366432902
2154534152
153970893
95101868195
13242067839
66621988
2471785065
102893546861
122093835
6865566780
3192492554
18847949921
163607097555
10503103768
34860714233
30633098675
183385991695
5561766868
1579816233
247049811357
28731328321
8652150847
1416517440
184191478686
346358265303
3418539575
10578837677
16522297140
731795374123
27366243773
292437361
5561783632
35801908
3302806055
1685002371
86172666672
84351929076
148031735524
9987560151
27365566624
332720650753
14161528521
6318739422
66622486
371875624
10634092449
174291476452
153973911
16457651396
250621558172
66703270262
30615384773
184049431902
1711367
4681583403
1711377
350795540149
55687400918
263547706
7742278
85533592
8858060407
24851427190
154444541527
28008696834
270708078344
4465538189
13710851935
24196855274
416198831071
263614158
20221242600
226028183349
35811659
169884900948
85697362
9988891184
3647509002
78176159805
153738750
332673070902
32557080273
13235427787
208980168453
138098316636
3655779774
17599509468
28739316906
652050835582
17275823568
5764487899
20308520571
86168946013
24205998596
545270651727
5780576002
30718195843
323513281752
105128783146
154358022239
102893299824
6
279515775143
1416766753
5644957010
33196693494
940033583
91130354
31981058
808268118
376470581833
10727493052
263445473
264302594
49090661684
496962241164
19534588041
10113592679
5749554434
10367667413
28551034048
752178434505
23491641251
10341934726
78094653908
10512019061
1711373
18835114371
27147509
300384882938
169321668716
13858863966
749217279877
494784349
300224441541
175917361735
144984267
210002588442
13880728649
28095960244
808313563
247448569467
226350266301
10503301191
17005505667
54606290318
133104135054
34207700486
6183119697
175790607817
297629122008
300228117049
485888462888
34195114356
21888712395
30474034
247452157110
22709493950
123080531006
10632578868
1128691100
67389005606
6265148337
10256315689
741542328
175790509604
938916805
175835462426
78148112908
3654967173
136415757290
447675997
750168862351
151919866
153971280
176141528
346550820180
1129010548
144970893658
704572528474
270626927968
5089830
27365300364
197919871235
133107300729
13790992013
169095145499
34349388593
153960772
176135670
125
178296238188
30744948387
5567128316
16458031147
3312617614
16521989369
92431481
148229332215
294462923
8792887
153972573
787599227
19941534534
32977831361
10254021769
78182079274
42491068795
21038571810
92518688
749654141748
21736688127
28575920897
55680078
378461382
19313778256
1711455
16458020549
225639103297
29945428907
28797834668
5708648629
19368990622
6306952
157676893921
124527407283
157006893597
349511437119
275001559100
5752055609
5774569796
80292603
2832930593
176130710290
573288319
10512015728
17883243766
749217281415
28712929897
91189623
70609104603
300335686013
1131724790
856325291
3459537598
19274600592
1822725587
21965045410
1970137930
27363833597
1128984915
21988053973
74096570
28724988808
92116826404
234738506396
559965421
10897813452
284782382434
753446478286
287028632590
264459296582
192156958573
18828367855
156130532201
21389246
6863723567
1821657238
10635275233
92086313749
32424806987
340936046
556749524866
235136276118
231234593501
527519318
81782730983
1135254821
7377667123
14113087
263781274
20738058
2023551566
86174568891
58082825182
85533722
17281203269
2324881385
44489631882
17909173081
23112264837
175791370574
81758905
80321728458
82222662788
341786258027
5570002239
52476008184
18828057300
19369886321
8655248204
384295612841
17366144199
715081524687
20581679472
28541439798
16668910496
33328800120
311870851794
7378376872
18773445996
325100274098
210419777658
264458996986
34733927442
11341899
1639232212
1572776908
36406086938
21038788004
22083565756
1511248934
38480067848
44731791
17009682469
271810095
574625942
13237048145
27364891530
32023230239
10085703842
3192095210
307527504562
3656068321
3656084547
824852799806
300387325001
21974953508
452923437433
29942800531
6865448116
225898135866
4459051196
10256132334
23624310313
121762095
19274368726
21250647
18830308957
10367640932
123247262
16522502193
178180836963
326362207
42488271367
66623953
2357988571
4245071269
531449106262
20309812944
30724355154
139086855
67387509679
153224321708
752167893156
28543220681
291548277
15536750435
787052605562
20737059
325297833742
36050304782
104818652051
225381700410
21399564
82169496261
155598302931
153658389858
1711397
6176534579
328202203762
856196959
4203905600
625849019
85659710040
10451367918
78150239269
5567602440
300815866848
182564563521
856274352
10266573746
20737036
11274327986
3194100104
3468766613
715081467465
16522064023
194848187758
91169224
264459162352
556290316
13868746768
755605958671
183318527772
196879666166
39369877557
144444949
34377856384
12747338438
15536752909
27367167169
178179375613
3302930322
34210941626
346548548969
28580381848
37025946840
3302252377
10369084425
153268579686
95814831344
164174465798
13629
6222665310
6338932
30210711158
559990148
30482085
104792809483
53219251637
225938175614
2673079140
44793542
10207346395
24205462062
9712274470
24206221189
75057146000
3645738810
136356756284
2673539371
22320984
325550086151
350657420188
96499028689
3194174220
35872161771
24272825463
10517877859
92089771724
10558248987
209228316904
2932120031
21938698529
105123994069
86172762169
560317870
1684799122
123299876365
1377128634
16522355289
250611032428
4459131168
753441693938
331154348
13462267
197923876897
1802833191
448479280
10633612604
9992035500
61389539974
21400969
1579921598
75825628
19509960931
81756702
38979296848
575396920
22319269774
1377352805
16457679819
18827471893
24272669406
159632779353
24851428759
16211104020
2632545497
10367664185
10367671761
574490257
30740789976
24099433544
5454352
291144550
3645324326
53772348508
18828415732
1229035089
3457292910
309689939088
48541369381
231235907580
6663785040
173697862111
10453634080
81116316339
53819840333
178180775984
5639878163
15969075903
15977515951
85510453
260894432548
34149318
59503391930
6222661373
183160564469
114023652238
6223624878
92161125661
50777112553
1721045
10060032251
17782231140
90924428630
4385873434
34194347158
34291278858
247316251332
21296101
447676335
35801666
66625325
16668733469
557491088119
25950892533
124513067023
1134696847
136394613620
74096661
378449440
101645354906
5768046167
31980076
4385870743
10367640197
7793485597
4695706787
3110568890
2830498727
34832625220
211277891715
2324113890
96073213094
5561783679
220942282111
9983222188
346547346809
856210985
210002588432
2310962951
104792289023
263445356
91149299
21936933122
37374408521
69328552824
295182578282
10511992984
1685670941
32446335234
3584919567
263784076
213390383720
2324905335
4459282049
348832226792
225639103283
731769280813
808380636
10098284509
3194173103
28716520643
1183542108
144836845
1128630263
23624246197
41481587604
95590390054
231422972180
178179398197
86170350911
32446918207
153947729
84352407772
54548224385
4203630926
325768698397
178179386035
28711143449
144771559399
123263899027
14584315772
5708249987
10625406639
12561
103129440
398110789934
211696504519
1264009273
56419884
17354262633
430536461
3302231848
1130878593
32977929338
2195307220
183231409060
86275819
3645434119
28705110446
210002477666
559965370
49759469049
12706524142
64611381877
3195250006
91067919
493200811671
1891593963
144101584
13722939630
3448535028
19173937648
21284321
3645808885
2077303702
25051153649
21457555012
188372955241
92052931444
1512403903
277671555356
153939813
336228655642
28715592159
16207713061
10625411185
265399580
226027215126
4685501170
24852035835
155596595778
62581412823
153421544620
1131122612
102898088
50766222495
2022682631
533858070565
5674591374
556584820518
10552882805
13710462282
41533191487
143094622656
13383461315
284860640753
669319730601
238130881
3656074632
23116932398
714666470015
295664723
24518032091
13607470549
156354464671
86989580516
1511974951
1660036874
300551911147
24649878439
3678181416
52157041497
205191239531
474380217
153777064
17254230282
3110380774
50875754052
50805693238
50921844783
1684886457
92052229391
309501904287
10114502589
492448359742
50874138619
346554986216
312028173208
394303761
350609402147
19946345842
1711444
85700494
2449439491
3678272983
271539444629
9717309534
164584808
153759625
1229348379
30474204
20736639
21938718264
182136359271
49087506115
10879548985
183590500917
1885396894
273822029557
19185883412
37561945007
32352909422
350596235016
273829113649
309382724020
153737123
21936839864
28536972833
23783203293
9587320749
144444950
10367593843
136759842759
61382068217
6222185394
32202504198
70609052510
641389786071
32253337650
374657172
5028588684
19504795986
19417604138
4242066730
4664684294
32676029046
41283519947
4681665089
1684768874
11186624
96915528644
30633415409
261660587387
17781577346
19314464349
560153118842
42834368832
2325254238
411450819841
10114177080
136534469341
556765936680
382780466210
151061488777
102951742
1513178182
18828143696
28499424296
276757674137
144957917609
2631908243
16458010827
168846518649
13789289160
5580200132
23859547977
2931946400
16207694236
3647842124
174304585200
3302931854
22551667059
4646728198
21561852
121770264
54550380223
144200933
151927863
3302577262
9177227641
10638781193
749220183474
2061187851
33686553203
7938
41339459949
32349095127
263445053
34298402487
10104483153
369490015463
6330750165
3645506676
292464911
10736420545
179798863054
150689806022
17005292754
61341591349
2027662
247453232463
1375493314
10383324767
9982714925
745586241434
13858505558
174855130077
17783947720
139754407984
154765179624
175785994369
153526488318
2027743
176125400
182136131651
66775400
194848183983
239481179614
34790055900
64501745128
2471702943
28531371400
559960968
30734615120
91066583
143876385791
684222742665
1684985211
287160285044
64021860
144216916
30747477402
1294255459
21806789909
548910701
80221115787
20225079923
1920052770
938582137
1579892265
1572472567
247050398365
80277648045
17354450874
225938175622
456319756025
17281147742
188397210883
32347491849
311851173522
12707124369
17791828973
459778288437
140061210
350542606271
91069658
183383990933
20654602767
169321841206
558993301919
144776435330
24788608269
5709918305
20736969
153796936
85713599
21932533907
10091531493
188618107496
6871001119
81851644915
67892753
23744712981
191929364530
230451934711
27363809652
23749170587
225898135865
752236778757
4203758836
360234052793
28962227056
527516998
225639103276
59827020076
144282965
10032100013
20225408224
346306294387
159654563862
21575988
10027359531
223938899409
2324949912
27364178799
6262662045
175163467943
27366848372
5569991993
234971892767
7466664442
183358235629
276448851105
21938043130
32350602691
20657673461
28549917365
14256495
82155101038
144930193
443102
16328297
10084732346
123213743
284780942237
21937376610
10367720677
1230315528
169665198342
4254043530
144163385
326362281
24172669190
104791466877
164173736604
1713266126
61146143572
3374565567
39376970563
183231409059
325550176713
1711409
9710122864
1579715653
153672630944
33348854329
92150563677
34793514
263603066
560361928339
17295214862
222225157832
430514083
39501725705
309168612009
45452522464
10517798914
104792130856
17872535222
275187663008
1891349380
37290449836
92155814361
183565277545
10039657360
376470580875
114032464023
6221989962
5567629599
376470366035
15536622435
527527574
247052923003
278586997249
263279340875
332720769828
13236612884
294974987003
196873494354
10367666281
153643345585
34206431387
42491758424
6340677
31513114843
12190019067
1557085682
206701974176
10632653818
19535778502
590698039326
33468073608
153941583
176157147284
2632121492
558993521947
3418738
1188116192
373215977003
4264263775
5752201359
2154663837
378175056
176132799359
101666780497
10632687126
19088620672
225294578776
176153116853
32977677596
272641792970
5608487687
92130891872
214484535529
10256381269
14244340
266805328
79260483
29181853720
20298813805
191228074384
22471426093
10068509452
15536753931
10084779855
98582325659
52214052850
32004451943
121738408
1721026
21378226
10558164329
8652164980
10461936430
3302091991
121937884
21375451
557129501665
379602894249
194848187377
18834014923
55707761
30735749974
6222492811
32206469489
448030134
749216740371
19504952738
19399789426
158687389220
3302173220
263445202
230276569079
61375388286
59738770839
163462797385
10084804443
21457563204
263445490
19088512747
67374260748
320000958876
44297290881
4907345780
44739572
1131487532
18827337678
78094853927
284663625087
93745981835
59504160634
1885813292
12707111682
176136843110
85658217574
10367665994
19278386568
15967740668
205191573060
146482360459
79290986
447996829
139184209
45287113461
24205447716
35896677975
457316233311
25559349072
225960208181
2098208937
91066657
31985392
1230024947
21372227
13802490248
273486214886
15967644634
324779041119
275178390782
18831492642
325549915890
328148365412
10194800106
210094853199
24272870492
10504006861
80293772
17851833979
17281655808
32353306365
4234655286
19371429225
46524183488
23743634634
123118561172
194845354562
19534449278
19400003139
17783797286
42492916549
350750681077
46552787192
1188543671
295417144
175798958164
21936834521
7371508792
30290012783
326304825
4665889981
62562765688
125861445568
263752526
503611506504
325550050557
19182302392
3647700047
105124502731
34300953277
6263314230
2960692560
13876582714
28086365894
34151123
144335654
19504659070
325550045862
20216478366
4311868757
14584473942
15581660538
1139481776
3656090336
9976880724
103054500
27366535867
146910136
30631780015
1230517567
31975677
6338972
155599035640
295492999
84352417664
6222559690
124517051739
5570193127
1375615022
96500649335
2450428333
2172323478
4913281578
5750910448
70522126030
263503958
359745420804
10730752389
93738542022
29951250231
232056395438
10367689473
10517785314
78185343580
275418099478
35971343138
28714103049
52476463043
34377935162
17354211206
86260357
2984124923
19504806624
52476730477
21556001
196906435872
3302785443
55707687
263850927
5811996378
5567731631
17598887893
247051560000
1375641573
3707864841
27365261783
3645443573
121775752
447777256
24272909868
144130841
132202766
263606083
17354130562
103130582
32436534718
5567296727
10503326762
30724015463
32500563006
1188629339
44787375
175852694953
795842286147
53219391288
180038817251
13858935065
3251707742
221796806726
36977090088
67378528076
26080056
32983152069
16457566204
92031251261
616100440517
18828364850
20744584
10060070574
61382054007
30721614136
72228212579
1136701841
188334960144
1638800317
279784652325
23113847581
430232742
7483524264
81817157164
37439968744
5637220937
144937292959
61211159070
5748868412
66605185
1994311996
85662398425
18830668279
5567244308
70521254889
17354294973
447635585
24851301484
181792887957
155115838656
5708694365
54549830317
1377994170
292296447
376470351237
34254254040
749215199049
1395966640
13456536
249695796921
121758377
32555400050
174856001602
273829113652
9381240
7604622647
95876417744
153973376
140421091
278666018363
22319596924
22059909749
560002315
56419551
6784971650
144190175
372366268
36720138
284657008665
24785758626
93745981837
56414466
144172622
271351120501
3312651241
16521722280
74096841
300387344629
159663343339
386914992757
350745596397
276646677289
27363147358
4385853916
10367640222
182136329948
30633173659
729280716484
359823726767
169321691192
221660208000
45466959135
2830445598
144168257
237745801641
273821960193
91180447
18756804625
3900471123
589841061631
157006891550
176660544
9712411292
309916063843
92054928588
1375476794
1572212259
20143728130
36388414709
1230442512
35880981511
230386802143
21387495316
449288726876
10060014428
237233755508
19534497034
3008362611
80363537788
21219859
36403201505
144200229
35065804047
2004287742
18835446138
326353522
10367666196
173666304810
7600734960
121935699
286660069161
20737083010
10517798646
10367660419
209989116232
54548771996
225460750302
34292532908
17865405118
1133015417
376470594392
360096629264
1888297989
14662165
10897845286
10380183687
34844421740
3194176942
18154210462
79382920
31465254817
123206840950
4459153592
30212354426
260488888675
3647508998
33179423456
52214052851
122209943
155328107
17007518978
350734193552
7347743139
209490469203
102894374053
250410564085
10367584839
178179386070
272349706914
4280336859
17281234615
17354547622
86186560493
440263310762
25559623872
178354903010
325100266921
1572288484
14244262
9976646406
275943867688
2289118687
2477877447
639418304915
23859461314
45459786410
169926495010
4695650972
308509155943
85533545
20352228220
6260780919
176
21972460641
114179284927
21042753236
52913627981
463489634
10367672983
3194205809
184091406755
23623
715081071868
263445340
2033523945
261324342961
29949805467
155155451
31981061
10116566994
10632657331
188030676789
78179771307
1133010323
80279552541
29941660206
2154534144
10564104232
19399917261
300225603535
3647927378
1375868048
176140074
141867317668
10341953670
1377848359
124538889173
19365631597
144563421
91067918
527518356
5713723441
27366650612
24206063095
28711781024
136394094294
3193137327
49086663338
36901805807
144098966
80285863604
174108310858
32583973319
30742737035
80082527
4451020893
3194529416
22879976251
2847006799
34861044736
28574564915
5567168655
250618235905
2311010624
15581672131
45457534004
176136866002
12574763997
66605183
226027957397
159647506356
4082813802
1684822506
226180371219
875319121
9979431399
47790973879
175928986719
85657570594
7794
442151
263503950
52188077684
56419763
5805824197
84693391
73747862670
378409881
7116315
270324459
64021876
4236204580
136392614446
284661120314
278589260122
992622609
346549809599
4681757666
19274427044
19535446495
14801399076
205425787270
5579193441
178512540423
5561790609
4664666757
152599184294
5569481838
247054099028
6263982489
2315421550
67379889853
545610828161
10522088455
378228963
10632655385
151100823242
50728224801
194853909894
24055008489
23749191565
265157016
30633526856
20217541388
156227848789
8546333358
3312929874
49686427702
157006883247
21458590254
32436408598
376470499477
3459617814
27363864957
36405187477
284656995497
27366610525
219242261
102894346373
1887874231
16521116089
22083376781
938980718
34866803313
102952260
143664617102
276448892808
638593120153
96796543573
164683390998
92177060647
28084132212
527499698
95136162865
136348938332
62184299465
103212895408
8502689192
17439881028
22212859749
30215014267
326360877
79279070
264302591
5775687707
3656080591
144555080
93721329270
19287887864
55707418
3654985045
92405906
21941506243
92429353
2960948652
8858171899
19447377328
8652110378
43740142419
498190867156
28088156560
284780828685
447997417
21961796087
87548010080
567138037071
5765074287
232450565994
19273212707
589745943017
10215962
12896322985
14244282
333837625842
34865743073
300224494106
20320733687
5713490865
22719250766
91147531
67385123915
25557800293
22718365091
78094705505
5639732583
34377929031
80363487634
856349314
32188090759
22797451654
172929470118
21393761744
2682616738
16666031348
2171762755
74096603
136569931514
273552963704
233938190999
28542912057
314298549231
314607731523
30722459530
28548996548
9711950949
261400078955
178713994352
84352529624
19534269843
234696109168
28562352523
23109067983
19171990088
4241993569
34416473802
276447693928
2631771208
17006235202
13245093432
7380799735
206128154189
2448203686
294462920
328158420106
1684861162
28077714567
155700880791
59504160631
5713611086
154098852
155572477093
279782305452
24650174036
6178185871
93751368704
281128822790
92345860
3656052786
24270993951
15536430606
144554008
211197381981
375996839921
92418574
10108795212
13789236732
175144615746
21737353706
104792326081
28832031876
19
202200764529
1579845258
452984383032
176661599
172319737139
13235545978
351986501804
32007361146
10216073
27366793877
5640296380
96932005018
389357906
105127067560
7748742927
265116437
5640196431
350714715546
2500484912
263520400
78190567107
82400720587
725843843932
25299211037
10104669001
27366637832
56419667
10042052470
175786625606
279880769793
92062774184
2458245374
527527087
29952997358
12066908
34860858948
10367681410
67375110598
5748999894
31479638091
556611027729
5561768346
5561784538
90905138158
12823755559
33372160736
19273199716
749216351108
21937978146
9712240921
230451934712
294463530
29006208068
1009315517
201199278843
15967004277
155986120362
325550408826
96654078
21559059
346555023181
183294107526
34199780470
72091038586
10367689830
114177823958
138931321
159657075224
279783491579
2592504849
24745063396
153490219789
50778408944
15536624684
32424400692
211192351570
263445364
139200835
732031280752
278532600918
38640061
326345975
276847232455
86273555
320166880
19177847541
28497650118
31511613574
37818068027
263355562126
308363786573
5764495214
17494141994
10263172094
6322307084
3571642376
4471463677
265228697
91147539
66605186
222850659369
279782387712
10632708304
144534943
45460397827
33
136400403766
176130710293
17005196461
78148120377
253675758004
21366203
6223233766
11341898
155265530
183160572495
1263961812
222464487452
527536382
1684771420
154061546
226317917116
123080531027
233937899040
191792144190
21391892802
2171780720
194855701026
32678058470
260833439477
527518146
151864010
27363864953
19288212092
24272820597
91189632
273503724415
205655094248
62156450
178168957703
1659088746
206797260386
30736312766
24851454430
373875077647
1721074
140409441
3645443490
4664741501
10736905141
32027117407
20737035
123274304
287672385807
141867557904
20224723757
2432420754
4459472625
4235964715
303429576
358890989757
856351465
6870121145
17006150813
20737015
856350878
157313035414
184091330530
4695651363
263543005
205191486508
202853111312
20048722
155285924
121780577
32539367232
225294578777
17366661017
34285098632
265312438
332722893575
21284379
80366304729
710397748952
7648
261890095110
178531909704
80362872988
183590396461
3655801106
273649877298
5765469237
1715742722
1082906
61628609387
28506130778
13227375357
52915478593
169323883331
56419598
13790081107
17340653671
114062031523
61797250299
2357508861
560632765895
300385181753
6863928112
10205146403
153193130852
324421307787
16668699848
4905406783
3251795642
9711941696
309503013043
91136446
183155077257
3581532965
11272982876
21932
1416742676
176157147283
276447663001
81758023
263542335
1183322687
183229365647
102983351937
19940702665
17275596608
182565132293
32351293747
24745008366
10367690432
175819096488
217989447796
87709550166
20225046698
153943828
209235577367
195301252360
169321726408
20321128185
311951284874
80364721385
132135011
3194096409
300335643788
19503432074
391471069
6222425924
6182697825
204029203121
21932338970
2341431155
78181885145
263697465
24851146030
284656958836
273668051173
34843103362
208975993972
155562232887
10511958895
205366869801
560239171062
2998648466
261660662270
4242522078
216267170
19940037943
7746168
749934760034
10367640791
21990476639
311861415781
104792041699
143453154282
3448272667
749217744488
294975007877
2324853680
226180258898
2791077613
27145457
5749588422
163990651350
176652253
153735368
155823421458
278475127997
276473004195
1137442452
136
1252519067
101662509522
17354376749
2958265005
18545312233
10211189002
64016572
178165385733
55713883
28942897598
4697635198
174857038996
135686073054
1659088750
1134924712
24273024679
28704699760
10027535147
249681967837
42489267988
19369793906
24097745026
10367705331
49713334713
5561763878
3704226955
47740709862
91999808775
230386802141
5778190638
91516447364
2832910104
20224528859
7451978657
91189631
1162261743
169334902477
378224365
157006891548
17005330618
21087191
3678232051
171
10267253950
326361603
153026688474
311870830389
3381127709
300233377486
350628163598
398777656410
275001430154
805735439
173650920156
164303784926
156395757929
749215199046
33372048209
275715774534
32014604
30725595430
10039804012
6023088717
153984183
245575236606
376665074854
13790555572
21457493553
559965369
5805643313
217583677284
282309575278
86189850177
6871579311
741430437
528152407
1579921699
263830542
90905344416
169664898669
808055457
3302800636
27021422191
12998323832
856347087
263445474
174724724083
2188010249
23794189395
15975619457
17037579702
24105955297
5570668904
2154663839
149041400546
394276242
430488492
67250817129
67581254162
59502655971
10561398367
527532676
21888870836
36710587
30579648812
70549697491
461395472
85537144
3647928231
16582910224
5302957073
856258405
59504160635
573130754
28930071611
153027674198
1230497423
276427455483
71983548415
154275293834
3194205869
144397811
5584258708
153564618661
175214578062
17360484769
16331224
1375591474
2369925855
2311362945
19278042578
6339286
35801238
4914983966
7365861045
19946337636
28494872972
183161734778
273821989464
183227349192
227250637813
883841
20221582677
31463900069
237498847643
153777722
71849069080
481644766973
32186400132
300482934233
24205451110
50300273629
247447463663
49045480254
66657373
250621558170
3424178279
19504237418
5708098398
278586977424
26099527
52993997603
215127651421
22878271949
19504640963
27362986152
4469096914
373220204175
70517198384
250558331375
31965792
19505086218
178105176877
2357018305
559961666
10201227169
91066566
10367664077
13949525868
856241829
527516980
80051896
96500336794
22514822543
41348647167
527527088
220104163354
13789100693
144309942
191901195568
291522945
92151738831
104790708927
3648224250
70551104365
348871091943
270576872512
430504883
325550127283
6222110383
211193476129
194845658224
225539866582
8858060745
153940825
749217384571
307898743890
3647685016
558993210699
47135180210
6177170103
2154913128
136300516964
1572237365
28553790740
3302931210
20045144
447669216
178165347744
30633383155
4702655655
808339684
13243769246
10215074
653647187348
211275270534
384688272002
21421074
4450874214
282474200190
149064658003
755641107098
3194100745
39376362800
11277183311
129600487675
3192612266
430536020
6786636840
14354988709
2846956503
332677334153
9716326099
1128659562
378445529
91177322
10269443907
96500776482
65364919212
247056435832
3194062953
4702655515
4537080622
2592715931
71978408768
295550004
374962423283
4459472624
731197795
20067826
17005750801
29955701711
152912843381
188734429615
385570528674
27364406805
19365612975
263316123998
163608239411
34584509791
123221704
28530625289
96500862934
6222638811
175810632189
183294100904
54550417097
28708478784
13235388128
5638937248
211696492496
3219912351
312028026541
2023553543
278374750149
939067339
21988262743
6707764
6959752601
225350648722
494906623
5640434376
24852027638
282474476516
23569512773
34292099207
15967631105
81757991
10562504592
2084280670
15978167274
18832752095
3189010833
38195716372
24197121413
10369485109
5918012105
8885806317
74094445
1706025555
121770049252
74051882
2932057316
32004610452
1183408178
10555790676
389380719
5751614830
144470353
11277284154
55672709
168846535179
1660132605
34203262455
21888797834
84684552552
19510318897
27364199503
28536355807
3092453471
34119824309
164966807555
28545479752
326361599
250618207223
1420696875
104791421191
24277720588
13482828088
14239061
28562602156
21239049
527517874
121777415
25297243026
10367677518
291949482
6184525989
3536013114
225570988198
30482216
2029470628
291102279
1994212076
397085492
10254918622
1145103857
10624316673
25391040783
527527331
574432123
2501175632
17793353386
3072718480
10625466265
328716167
750169449944
4451020877
155598288791
80363274499
21915864295
7380026961
4914986051
27362582077
17029370894
92041389393
21205046
6321600149
300551724450
1185551539
86692784285
1886799822
9177071192
19504640951
1144534606
5561892288
527532650
124522386266
36349379677
19454967241
4680298894
378316147
32182168674
183240573322
210002207137
206701867715
446053158860
554418184896
96916336091
14244303
33175277522
3192540171
174867392605
1762808738
46543840292
33468054600
96501715388
19940156739
378110412
230286579401
96039554
10044307667
61379422117
442313
2310998771
3678156088
11339059
265293491
20879263979
4459484606
72046336220
231249338312
3110787926
10631585353
155540059239
79391485
17782430079
153867734
7741375
174873701758
176653354
2931709781
205366773754
2449579098
328227337885
17781909674
175782205849
42479348048
196877616769
4450933044
4285107385
16522038019
264991185
19535315906
34821662
3302785648
3065673603
11276718666
206701927320
92690104
52383956422
155804146149
169926489881
825424612883
3074832902
7532449471
20297758215
1188271364
146914843
1886205784
24277450739
377013341
278587066898
263445031
34323820789
442340
28081739359
351962804117
175856248050
28554671620
19535555226
16585816304
287665914148
183339965944
3448195187
157006942348
194848231338
1416747316
85284850564
10625460074
27366513478
1579833712
78094782713
3302105313
263583338
228110834225
102894346374
556618883353
3382213319
3302811295
5594866038
6178519190
183358235631
291050293
6317560108
10367640941
7373926634
72030276725
226040287559
1512656839
226027516179
91135300
24650230003
2450905025
159915326382
31980128
121824595
10461338220
10367676339
38977858679
30722132489
85515861
1658955753
1510818009
300335867290
262420631421
28535925162
270324460
10200997614
75623996453
15685243308
3645443492
30741444638
35801658
192268436141
10030024104
28578664302
23624491126
6183472697
282474361549
10632579177
156657535
28577527779
9984164502
2315131210
169023442685
55703666
264997860
730693166401
35914014
5562215059
28531792357
841495350
5639205626
21751176524
155155256
168770152058
2505482699
51025058732
280302052279
10367667412
22518946146
10455450343
394219554
11273931161
348826191906
86289635050
22459121406
21378225
10631164329
38978353169
2154663871
20216487255
5765076446
27366793876
328140203002
13930539625
20221678706
32346778212
31481059245
24649370112
13723285439
85515616
442329
25293012531
70337800943
17005453296
93729079650
226169131557
67385979355
1932262779
28534233460
264459067885
208981182813
33175564861
4681707141
10192047168
10367664172
9711944989
45462075593
28572410855
19138830722
2832920180
35810791
263708574
19503490361
86101873
16364371
28564294732
92086402560
5675411437
270746093
28558663557
21482755480
391473689
96501597744
3650871259
168758824437
19503304955
10100590107
5561811117
153922550
1131043635
24197409054
1130875609
145478204421
5804838580
3535531940
188787799949
14113127
3071698179
19940509100
20216588652
6323071215
156128478077
690806775417
153775795
81817168026
349150360989
4685411762
65900449025
731193717
64017440
211172292536
19399632278
1873694488
82402082773
2171783454
175786906881
190824324892
300705503079
144469066
3302806052
35807527
23744544997
286669721103
144534665
19535954249
175795560047
43732679624
175787276889
204612215067
3645344004
15971994471
21944290922
10632614508
13862869408
35892618570
19534607786
27365564885
24196951526
121761457
103068826
34229320254
282474361548
104791355578
1230505950
5418714296
368539409690
3074850171
247051649961
3168711901
30748590341
261662713366
19372812477
4695722217
14346812604
183160626367
19170719683
146631144701
3464734601
28774260967
13246171947
7371036507
16211462404
30747734108
6324681248
18827869232
20321304321
96501612224
1135262089
6264809494
159749754181
5570148192
42830576483
117343682937
191939426593
54606472629
10367673169
126276371316
4458882923
1578852598
21972100668
97754524871
67379274303
856325444
5638937050
753441947950
9980141071
7370232298
247052916472
291736702365
13790196516
281671690791
39369647864
30721077787
91961944719
92395589
54932963439
3374438007
56419660
21458228642
23744529619
375996917695
45601393246
178639619473
14581551873
46520524216
39377204049
326022522857
4459173822
21916468693
143921344163
6785162727
32427972579
21943959786
32431494323
9712257940
1892617864
6863555273
3119970872
96914452955
349503067859
114036159068
11274025325
30743593758
5418720049
13235625125
169664915069
20226896074
346548491430
1579459505
53331382596
1641657372
28966701574
3194173403
36966940595
174291476450
96913770368
30742663081
153778250
10485873163
18355210545
19311401486
211696598295
10367664180
11278086244
151063457965
3194100255
47245137932
44867055
275187622422
2341745276
10114261408
282544210925
3655637931
114066306117
91180446
226180252453
178304283347
856350881
10517798912
146897353
411681419945
205366869802
34821689
81763207
263782702
376878940
1375591476
11747640687
14238841
21408281
295874334184
8858209478
53565975300
1510640708
175808016193
10558213255
45441137380
31981053
92152271816
19535331509
102895217
55703761
17354307602
86141577
54191246726
30715349088
6222066060
222470776078
11480813188
34284994638
1377129933
263445437
96252083201
194848201328
4385873070
85661037
13245719863
8796949
6183228394
2186834884
35874623224
191951480805
80028456
159655307148
10451762791
34282151050
2059021788
291283331
4450967250
259850001896
20739362
51945963552
558995776540
311990199385
1146136326
19946344741
3302915612
3110812750
272560074146
196868081952
80837171
3418774
159677846180
19534898023
226027688392
17794669737
10206864415
80293616
2960527510
156653570
179231845540
263749439
2154534112
808170493
1658969891
144098964
270434341
3302215696
734512552405
15589675817
27365984803
19504570315
24197039583
5609005509
5225367769
20308889869
261662778236
175838707780
374913185
10114255141
20225812803
842328814
1713949398
144503477
3418773
16458079681
204495502137
85537168
21968468473
4242461693
96915303725
34738146530
149008217414
21042373816
20381803587
17354551409
78148112909
29949016530
63109066108
61215305165
34200799435
39371155553
82403624792
780095944441
39376272705
1579722663
22319745723
261155179017
3647828288
7793440136
2448140470
23113400621
5713639558
250420026206
10511958893
3337967067
46521283875
279782219201
3645401865
1137421267
938859237
28571464757
19534228282
188734926368
2337076095
36771173
527368294
14581696320
1887164456
4254110589
17794062035
1131083395
43741968043
579728585
5561787822
133101971100
1579651737
24851449024
55703517
178180632852
18835198295
802944267582
176135724
31482777008
85537337
16589050403
10342611249
183162900009
65947784755
271495781797
10195144577
178161725140
56419459
4400967398
56419923
178165358094
25044656849
527532334
19138649228
10369036261
25559462384
14664938832
128596417502
10084805950
263275989683
1512408800
6222636610
282477893693
191117209481
20371243039
6222088255
758573806335
2830647654
34290759996
28539933060
131857118313
59503077946
282477893696
3302929552
46524063000
17254163137
70518854283
10879545499
4876161037
66646733
221488314103
3094221273
176138948080
19534268785
2501221451
1806390156
169661245167
92090049435
46521694723
151063088797
15584917938
2957768571
27366215473
32354299905
1416663215
41492849293
23859547979
5805103797
3092453683
32678292016
77436735491
83419237643
103071397
96500441949
18112494770
3312924110
226027688401
183541489171
8858314370
377129470
756963205085
28547750722
5805027353
2632156354
2846958373
938701536
10626131423
9984285450
3645659569
326309531
93751368698
1579533842
6320323596
14637706294
17486772508
22667243093
9986351647
10256254681
34203307440
67856925358
28084899863
795816986903
85717871
294469715
194854945580
10451816944
5561767128
6184549021
61042585637
19965530627
250404821797
263830535
13483024898
49689708399
323746401645
156605923722
708910098350
21888883203
20090057814
91076776818
1133846485
2325151147
27364780629
16331129
144128607
156144109448
350498760552
38667329
3414529454
2471762247
28534556339
261028127586
86170054392
23624316368
24745126235
14261147021
304123718
179800007036
1684986945
82165648305
10879085103
24273115903
1579805379
183373631991
144186659
6265538825
55714230
668159406865
52235151939
559015639151
2103919620
28532210396
28533515405
263749457
1183613086
45461027122
67385216225
527529294
67373950311
442150
1710883
264918414
263782367
142361737868
10632759114
20290525726
294469863
375997113390
378542928
24852087164
4255991528
2341676301
359742223884
55712063
323718379006
6182745393
237453319824
114178896896
146483874861
638556137128
230265565575
758565204811
140291225
54549666361
19313778070
346829149353
300552115572
136429535535
10503052859
153940536
24851469758
45461408394
325550146574
32007560152
175819077715
300335764795
70609812658
34211027653
19535315905
153776564
378316148
61371951752
123259271
50873706599
2447732592
78181115109
144934625524
2324863835
19534269845
203080029825
93718268068
132997413339
66621476
13877055698
169323853796
13237047653
80049546
19536833592
10367611123
24272435931
287851788734
136421328428
85516720
20734337
3645324329
67391435918
36404117005
6863450756
210531369821
1131083385
50777700466
749216842326
121825610
1231069241
10503639785
150817496300
146621041473
44338242866
34180431
10451786193
231227532351
14271216246
3702387697
33151937133
266890967
29949725736
178522145956
96914881882
6264731490
34191169602
30355101617
308374282592
32004591660
1376803074
8901450
3647700041
23784701270
93741632646
297371624365
17851941028
61193364117
369380617581
13244798199
1510253396
1821979235
284860572023
10195324915
52213674879
35900350
45462216200
175988368154
5641518891
10625451939
169023481024
529092458
144468013
21915973523
3654967065
225460750284
153776717
296801760525
17781748013
23741874289
71876933531
2357565231
19969791659
28574831309
203432012808
265242121
151918055
6222465829
10367671966
1713861506
10511921458
21932041892
1511484986
39377284775
16330410
2961068390
1712912144
10632556317
5583754904
16585316960
21458241411
16437244031
36387260913
250619353321
13246394497
10369006600
28708044544
108497066984
11277246488
206820755708
96916788544
641818032476
230241529784
1806823566
263850929
19535143716
164919196001
102895144
14331654213
2154913147
24277423862
102892357
45468706200
559833861
138911121
16522452359
10049957136
20981430
13710935824
16595852742
85661341787
15536786530
78207686434
5089652
9716364610
24272613796
19504505385
205191524612
226040286179
29948896433
225617013049
273713731102
13782103879
21005770454
5427919
19370360445
55667574
1658970197
6176989213
5618418838
151927873
5764486953
19536833251
61998897224
93718813476
23749079149
350549693004
261774275551
10728335619
182136481733
122084803
3571405212
93718582302
10625479924
326311081
103267273550
87028621984
325550321270
375347926
2311039060
231897013848
3678272755
4385846393
105126709465
2960952017
261661839096
2957925385
347377318138
10084826690
3194351697
260533161425
8652032362
10214940
24851123361
92155940852
291171618
102953547
20734324
250621754049
282474128879
1128630146
6785252387
12703061319
264459067884
1891555094
146476278508
91140952809
3645738811
23744525847
102893547476
27366848374
1690462
556731339378
1579644126
67374148068
2022640523
181571734568
169926489883
2958377151
16316742
169023675122
28532016391
77443627382
46519427824
325550256520
20733598
741550194
13239982813
13239792883
1580156372
11273738006
210002522125
209
31478404718
938985177
1377247155
10512303375
1375616127
55707671
223842115926
12896481419
21211876
749217233582
175788477316
180919610408
152364552411
5567244305
22709348800
993238596
129073811999
300551724455
4451012313
14665577998
1892088080
382098636885
230276569081
85518477
237430593281
204357167137
1375641575
2728003911
32775344853
34002543808
212045345613
23076068521
235467043362
10553914475
13245260057
157006884053
70550468325
231322845330
3381089535
123176699898
264200731
325768956651
20321135675
257652257710
218736168445
27364697860
2066659923
2846957288
10539151411
121776241
10635505879
194848191731
264459127309
7390617792
1706033932
86692789061
10049679422
2449610010
52099382468
1638790437
2312099104
183161700145
1711425
4708015603
808181675
52214753057
22322972424
6863743879
264298868
75373345
237748689062
7604816498
21365806
10728627284
48207118429
16008838
10734934349
114175751562
3302248813
34865189830
182136309495
154542124965
227267074174
12748126867
92054192053
156653055
140409098
265053586
198551594810
295325929
1886295958
2205773925
86694147490
5630585099
291102576
176446409
61384933152
21737292311
86243741
3413655995
856348467
1377129858
309502024272
2172437423
559910723
44181008738
206773641971
123010564601
1513199892
144570203
325768968827
1572296573
211278935196
25557363879
28939479869
183600817138
151057084590
225984278078
730691349959
226213317116
409454378607
16266090
93152881
263445482
123114560575
2631868800
144959714481
121709553
430489301
204245788404
263743900
6338838
1684935300
219522829886
5089381
153743081
92690105
10730124538
10588179745
92402121
461465441
211994974744
104791526320
21389240
294589634
96104174
556817030
28578075437
52213881616
263475280
10097264491
7603368959
24096592224
1886343466
3424083286
297853047798
14671448640
3092500485
2033526930
4385818915
3194207322
4263910768
263523580
80091543
449288750478
28080505757
559681231756
178180768159
157071064955
226010289155
263547703
1994655287
2370521728
164315391320
206740951010
350016160980
430539403
264458913500
175790974757
188922723977
463491997
272360872767
1573932368
188682571605
23783604414
169665003845
153006863207
284860483000
239705600981
34793450
156394688585
114082174168
8793020
221937269995
6863621614
196568351638
178164818874
13239773800
35913324
133431022925
144283483
1129872166
2449629754
16458016185
496031860310
2195321204
28559530531
213371363984
19270354876
17005226907
1133628191
202859196930
56419628
316253156187
153762616
38195932688
191847868635
9379384
6260335237
127063075301
102896081
225507810357
136345167209
3581707631
114065023108
67380491523
358292307414
52182371770
18831496326
1229140805
346548693736
155118659657
4091836849
244987693811
155579866437
35801232
10120210883
2195764693
247054088758
1377412698
421077722680
1135442744
36971269198
123140651939
24851123962
1228717528
300551712988
3302961843
196868081950
179695221716
21391984709
28078764486
3645324320
70209835993
4451036474
20736681
247050218447
45460221803
21999325965
6864755213
430536106
19505080909
80363421086
7742140
80299178
27364058104
2186888829
1578831965
270626927958
152659367803
66637568
4664697347
172915252277
6620459472
81821271502
31479311760
17005742858
230306584759
6183924964
19098752233
2154534154
82343905783
282474389895
9377861
359742237897
42487060759
39032559187
2931671818
169926591893
10214948
273480523665
349504210305
50873545141
144761549
102893299826
32003847522
30289926517
2027130941
21983949761
20310569971
13876971359
96915541339
538342010
61382747564
20320977853
294464557
80681895122
67392953514
281670291025
20727876698
176652804
24206360769
3448188009
175791124712
2631772580
50301186835
19288077442
222541538605
7897
24273051131
12052468
21804382382
1376277005
25557351708
1572208589
184098368516
5206366113
92130100772
10634861722
34246415554
237748673952
54889683063
187940496638
262420713087
176125405
216840685320
226192088942
17005476484
80043563
13235514854
13235404272
135846819950
2325212570
38639426
43733691615
5570771452
144534847
211908003925
13709764111
38988852020
28956017799
1376297678
291944702
92454652
21932328815
56419772
442089
45466555600
6222126068
14666798966
209228286097
56316055
16679572558
153922734
319981402
6785980213
18830231425
21284374
144468734
155153036
183155309901
92041152478
272053350809
19964829019
2319461281
20221306024
3665259033
70528930151
10503284527
11339126
1135529960
10511928708
4236312996
311990199390
527523743
34210367490
584935088177
9574099135
123118561175
52214046543
173685798289
300384875902
192259020683
28553027197
34200957193
19535778473
191908261864
10367666141
36712647162
1230839847
1880051097
77440531038
10625469590
2471723689
264298529
3194178341
3655002652
28531229239
12192925926
183161700144
144943953124
176135720
21296097
92418579
178235040288
22864759506
153368295516
53225368158
5837752331
41534801209
2325352455
154123579
121866256
346548588478
2961068392
220024781632
265030126
1364362949
22827656652
2324906633
155686226018
159650847510
153372302247
6183893666
5572407505
4459128269
28710503147
227580767244
2033521840
66626726
46542135736
126595852
34197583874
85518126
300551835763
113973866320
79277903
33683235406
29952929380
10511928239
35801226
10367641451
175782656442
183160457214
125950523290
10454141480
1953821100
121874039
173680168587
75374137
52216007430
59708882593
182136273215
5749507179
36711719
6864128348
17254245086
273550697369
32353687243
14581703102
24320982221
273550668999
67392892465
83467115748
3647911575
21740371632
265112830
153765348
23624080250
1806576908
430509493
144982521
260833325416
175828169225
7532273767
132142734
11627613300
114084199312
85658496472
225984278093
2631902115
13789549140
72049638550
4242412402
5205514003
1131261013
157740579894
85539770
1684859123
10367705335
360096034246
191941429309
856282237
191941429616
5561759060
4681568300
2324906294
939046114
87020954989
128500100314
49685507382
91169008
30290253066
32004986573
169023488709
204357186132
264459067879
247837758072
589954316686
205425448585
169321752436
176049515618
678217038
59503077944
64017367
2663128761
375997372098
5768598636
59738329140
86312722
27366637834
80278831942
447623737
20879324997
152915082622
10879043466
6222136718
3656082369
505321559787
378446999
3193953669
73750240381
52036010001
14638386087
211194534926
120507986837
378479881
12622834
174731404198
527542592
144337725
3194098037
227267032876
1422517152
92027889393
198008989351
10517847524
16583012071
139073259
66620072
225294578770
6183596358
144101988
264458913586
6785227128
159059996279
856382015
21941507097
264459477637
10632624707
19504806616
7256859215
17873188503
13235450085
23744712977
1639732099
86170577313
311861479876
81756666
6222618642
2325330822
4203817957
1513081134
86694010596
68341413342
176120657507
16522340045
144941022633
153984294
4537080621
67387419928
6321895066
4451203481
61320402251
749217324291
193568581096
168768022755
1659091969
9979221849
300385139438
35200946965
153025901085
61199893954
20826105495
3194170157
752128036217
91144473
13347730508
307639141684
207759801928
226027426785
270969666294
10503629531
231322845334
96916399650
22736501572
19504659067
28550575600
10085733148
10367687858
22319395183
14161756952
7369679855
156441677
121923567
10367686709
42487882720
4385995147
96290664
3194205728
152872766292
325769284689
15536624601
3448587513
34524335625
27362781421
2033518989
169027709084
52195000571
3647822158
16321421
34203796071
24851230002
3648203942
2958186780
715084239129
228046370383
251341551222
291562693
10870506731
12192854412
91069693
191796071213
34192971165
3194100600
220940120892
88672869
5675927021
5764395291
34849808971
2061141001
2592485803
21458294702
21916588420
6182839787
10093329080
34246193056
358581041686
27363796530
328215926006
5805381361
10110714613
326309509
359746513515
136407269885
89529982762
13784076595
146474643855
45911094502
4649807832
300337027505
13783321835
1416474830
4262184819
80220127226
557575840251
110902071547
15585853933
557465321221
28740179725
10048032336
1230877044
417047868710
5225624906
14807091619
11343322
52771228659
11273928177
5567576803
175815532080
175212477736
1994783357
856350326
7384605137
52213586152
4451020891
231127691466
376657913293
128170088877
3194205778
6177406297
24197436993
213180886759
284663636265
21457556154
32353089465
3678155089
3194420632
136374847997
5777474608
105333396316
6184294748
18839357018
226081513450
20321615096
749217133578
5106799537
752436238915
326323506110
359824016191
431444635509
153947835
4878303794
265352351
17280645385
92792162
91134192
447599314
3302931846
10031186639
50781175162
21999178897
1513257655
10898233450
86176359973
157005868020
3072717405
48207138463
24916651564
163985021424
140426620
1886313848
24851164273
16457604732
93718265359
5764987104
19503304964
3645344096
67250736484
211993704205
23748865554
24851230177
20089882033
325550313050
27366273972
13877013547
20142093419
28078033856
153995011
1504769001
102983257513
3364044676
102892363
96121662
28795347261
82166042801
28092364177
210592861235
17005835467
77440967678
61042585638
6620436124
192309032909
19420242
16521629402
16522338254
50714496564
323359188794
9712270745
16588710414
33173446511
23621176056
54553615655
96500190916
55049858260
348764292351
298406036491
155056305
44730608
144563422
10554247804
363946106375
183242608647
3656060487
33175383790
104791450680
71879251517
81129894454
17354130566
4242778684
23624555098
226027671125
226027332999
938789747
31975696
11273750038
3645314968
1129392907
9380073
26073290812
30713778311
6784993314
94019705313
29951012057
211172711523
9712849842
50780057988
328836544402
35801627
195052282533
3647946690
99438277024
44730583
183416241275
175791923352
21458151864
2960477296
3174410985
6864340284
263445475
77435925211
1579752627
19312251320
16521989370
19504716674
92463602
78148150510
226180123346
17782093051
34246721776
5640063949
17909924661
23624461169
123280114761
28993309063
430119598863
261543258088
128220193618
211277866418
27363945933
300551835762
169624550619
1230985714
5780943353
10626791394
13862287196
153672630943
18832762068
1579921599
10367641066
494834135
19368248603
37564141524
175785029808
378394391
237435416385
34377990064
86170561010
121770152
2291982598
157006933852
194848139049
24851429509
14238871
14238996
80370355448
8798950
327229009161
556318646
1685005895
10517942601
23624080249
64021779
89479566647
33354860961
15970759073
2050882306
303412587
5636006976
325980728374
152696385719
176123674754
226027426787
85515867
72437028524
16226568433
61194822438
14218025099
24851214912
204359261511
300387531042
46521628830
2020283250
28769433755
7825543683
157006933850
2289414061
30054896670
69209518587
2472110693
16582992652
153941473
17009392534
430539770
154139318
169321797411
1512990433
1376555935
3825545377
2556544947
50874583017
501705088409
378465758
359825715933
179987338628
281673883263
281677951622
37536626603
36349690687
5561754104
1229368638
19883697952
2592688384
19365662361
35801236
52215861477
4681703237
43735616742
265033616
28725282979
16521670777
3302800914
231183360134
1073075813
19504816487
28538874945
3194064646
153754074
19504378107
206662039561
176153116849
21296941
346548650000
34177168
263477660
35891615033
101650705645
14161086081
27364216934
17909858045
17359732002
1131321714
85518771
263523577
82974476169
32015794895
70513368467
226027684131
67891872
527801384
281679039993
34377797475
22060213901
1377509585
1129031521
32975572259
257870995992
345054933252
795842257353
136350813787
2357540127
46523640386
1129015137
48207387163
16362760
16364178
121824000
14676370971
266823852
46521625467
4236229669
14660680175
573289603
1137426636
102983760732
559016409783
136306079074
1579651739
52915995658
104792041703
144216913
559947408
1885472870
155289480
150693972167
36974438877
325768950648
32424048800
300551955793
6389768142
12707121905
1874168079
17511474
20143068970
105123311154
2471679088
18827039990
151919869
3645324333
304565541
319970948283
41498481243
2449416026
1130929313
10367672085
4903009037
263538289
55702310
13245726868
28023199
153737124
749217091953
114156798727
19281414437
225984278079
20657864308
348877271698
67387420251
29952070161
38649823
225984278086
237763309202
27367075596
247049593463
5561785367
32429667336
2432408063
66620104
273480551449
52120030537
2402793980
3302786606
121773382
21941534628
24747445221
32024305949
152920004735
225381700414
21393851189
351489610782
24487679753
95622132679
153923180
2022673148
3194010666
55704935
749173220572
175785477411
96039557
183590396462
155222430
92123408184
263459951
295493593
3656036842
26099522
172648793336
7650986817
10121634241
89580732188
292487737
278587095795
91180448
5418684988
7365734308
60662049387
319978599
19369728946
6864380075
36342389871
79459308
17857899371
102893546857
1375868047
20737025
1187328751
325769049209
12058381
30633359163
34377558632
368521698089
30087574577
86245671
5460096
153769294
32340720559
17646270302
64017454
22368119
34280977850
12054331
24097424967
176153116832
86195485736
11277303420
144716515
82165737940
175785731212
2432417118
72227199402
327525581672
36636365175
28009468030
13545
28571803044
6183682445
55686792
43734768636
348884478662
28703141826
66627567
174265113700
5619451442
35970782496
46521591593
265352347
1659092187
38968207273
67380765577
263445431
31980214
6262136894
178173688388
505254221312
159653433391
31465911181
6320710472
24851411281
4451409073
78150276011
17794508379
183354141834
17354378044
81813069694
35811815
30732160267
191284630816
159675029030
311861300088
38481478046
20298772349
399331616530
23624243077
209228301800
70209747338
11188952
10367709159
23749191568
10517872357
7374599259
36217854895
263475211
91177324
188933769096
15536753209
183191580315
91169002
573995751
9981785183
9177114009
29951828452
80313430
13726940286
28942399498
25292877452
17873059436
5561768457
21999302344
13245065032
15978375725
10367652075
1239702367
448037019
194855144329
62397582939
5964509165
18827337675
91149294
7370514593
752379394866
527532333
7375724686
527522180
263537245
1230288048
35970562784
10367638858
183161772279
155670375419
90905230972
1131769464
232171281180
100638430664
10503095865
17989229955
13243647809
50614210479
275001630760
5792561627
55652315216
36050183579
282541799155
1133305734
85663617
252958554135
12896342007
328181784440
376468007252
10367640230
210002396132
2154663887
2832924765
2315425440
147026008710
10084806617
188736067329
3302931175
42832069984
183161740084
52167841787
176115653058
17426365933
250619266268
176073562580
183302170154
1510305066
153030301535
2348140704
2505596896
66627566
93510300758
35900341
23028899
3514218815
749217281412
36406086939
251360125294
42829379377
114154904715
36405657762
265247255
351484549624
32347277499
78181940855
1711337
217841571
81851644912
7603487031
168846498231
226026701816
1130581007
236569189353
1218920584
153263497540
27366263299
1684834227
191990386667
228154263208
460327625675
157283919
1891324786
175034055079
55713707
3121287064
2022712703
749654823402
64008767
24343004869
4450915511
856273134
264298870
258996629528
1376279037
101663174502
1760643694
245568804799
27366538568
87026260682
527403734
1230505796
59504039108
2058778927
2050910196
96241787330
261661814490
263520401
375996824527
28778523172
1572066626
44794009
741411866
1183332632
50809672067
2472077727
20679227186
3194067396
19368633458
95998479
1572799150
79458912
577324236711
300336990942
10897823309
325550073271
10632616628
157009041850
263355243916
35872391357
10632579426
219170526832
19314177088
28768591071
17005254979
23624310310
67384482327
14509327866
2033524033
247051597505
271486951663
57495334313
3656108575
348378198116
85656801
3699795547
3448198273
430181886
122083697
27366237652
129600443676
3678181637
5779153220
105231187869
146473012507
2448218791
7380450219
1711385
32346899762
34306010202
73002621041
26474708085
1578567908
509680738591
144270477
78148005650
13236612900
101653856781
34821680
2471797629
155162095
84376712878
239494517821
6864296305
10367641442
17908636866
85509271
4902773463
2060953501
19504510275
146608940403
2362528330
92035624695
226026550727
236497290151
85673303252
34821274
12058667
769657012028
61380933974
311990044061
730692764779
178164849162
82402206371
43737066081
11190945
250621558168
1279282360
67549589088
83467383373
32256487184
34205047925
447673481
56316054
35801664
749217024640
206117332733
3302915618
183351115299
178178218924
14671073049
20224695694
55129376
261324944953
175810815722
272996346496
2033519029
715379315743
3702414754
92063135330
19399744280
48186043925
3194205772
6260367096
85536522
1711320
13795776255
183160549448
1364415109
10125813161
264083254
27364785397
13236692200
447672111
28711902096
319980281
156141640560
7604621062
153703484
19368714348
2341254329
1512014130
4695669864
13801949718
151923537
140426733
248412184846
17007831371
939054444
1713301982
121802583
16668448334
175785123660
35881799478
45444205815
347673459803
10633036193
1230294690
34821600
226188805824
34194266164
2256806397
92070302464
26340988257
1377019906
24208251787
1631796279
10560889934
236505536411
430531333
23743272606
77436303743
558993578453
28739298842
92146381113
278587156067
191930365028
2171768435
322858024055
10511922339
15536801334
151951111
15659946074
43735879836
86692804646
3330791103
19449986958
28801603084
15968051191
16364169
8652135279
378165898
80540935677
17037034948
430480584
10214943
263535951
23099959444
21310337
856348457
151058387989
10068537124
288931167358
250619328516
27364161034
182136280587
203432707042
16008971
4451240253
178182225563
247055359909
136693528166
71847819398
640135353
163432684496
96916043190
36405814253
26103286
36988196902
273627666428
9988285329
55702231
154326751611
194848133929
6222346357
36050022385
169057938022
28579107435
17008093359
21392109351
10214941
19946393772
20299240284
350549693005
16522353363
52215164423
104830050626
315095192933
2058938955
4246877766
178717046692
144510289
27365812362
8901902
219965604001
143454777010
358728679963
2631771311
5886514018
151945232
292502865
179353331344
1894261036
55711984
5780145642
102893546858
755575494990
28795555519
4681583489
527516975
275001679252
557686405162
558993089742
183373632312
144293069
257242601905
319950712
85509272
13239679367
10367643924
123262117
4876163093
8029
32024638010
124533365687
61382420774
70209464860
5566765811
86692797017
16584648227
264991184
19314427857
18854337500
263614161
61196019826
4702642264
151722817374
29952395735
14114163
1886777322
21297602
19169383393
4271483161
3647910172
730707472149
14107917
5567112339
4450985241
10454626305
46520667882
178180658994
172921464757
10222289
2341737118
44811197
856281220
35892009197
28536972827
22062604331
162676177525
13604307480
213776659637
4241927132
46521282382
182491517756
10454356644
6182839833
6223055189
144043967
4458917382
54189774673
2509744611
16457563772
23865628567
156143294322
19365521449
29946969037
18772331529
24270899482
144916269484
294975034873
1887813260
5775029179
104792005924
156136373244
82162660825
34254736051
10367667410
35871059639
1461292423
34247589272
28955749438
3655074903
3581040203
2450472295
10734337463
52
17254165360
300384958130
19399752389
430538740
61385535488
151864011
24272952226
573380207
15536751919
7823946128
17281419595
2194182348
81756712
449288726879
24266
325550109546
10625471950
10367643713
16457669733
30633098674
273480497229
808328365
3647911568
169713884901
18833269286
273485889738
247050398369
3581707780
21157384955
10205115438
16
653221297090
1376347380
169321841201
64021929
749217091947
13245179230
10556630005
278589381337
16521627713
1138701306
1659513786
1183244060
54549346718
250621558171
80363453871
210002614151
6263124519
15536487497
49017688279
157004849120
31482243915
91349762
2500129340
6864427356
6863720871
27356370543
31482570292
17012297438
5751961879
67381119403
157005868014
191907209739
11274207559
13713690227
144121029
35891951996
6222661154
183588962048
225436730357
291429218007
21457564374
6810038376
247052923008
54550932895
272572981813
1821786990
236478173817
210027160066
172905550567
155544585754
183160572891
218174106027
27364302000
3423724868
1886204510
1140159669
9976198719
173031183738
1132388084
1230442498
226212193615
28009365343
27148709
173677775039
369394905524
55707830
20581816573
290991396
36050366439
44725684
583350113248
1885447707
62799132139
8858078049
261662818104
1375623156
1187740766
183590297788
155114545867
799546383836
169023487988
234179125163
18113641002
35891838769
37565328368
21992990051
36979196356
25
5568304041
7482929256
2961404821
2500927436
121804791
52168968341
21387319
173775863750
328848710
708990910852
175837074383
264458956232
295924172193
6618901309
202787591703
856341001
175799083536
97881640531
36049994971
182468312287
1994718876
856325287
295354571
16328292
34203691004
575597428899
187940303392
23744712980
13783347756
144958662157
3665201815
1416505994
4681578483
4385846344
157603684245
4203729601
19504570318
80055532
59708325833
169321838960
35872089786
1377899667
175795335241
18827596281
1880047312
16522037981
291598730
18835446125
11273914624
86884823767
36320273680
22319299308
14263162441
294469973
29955391803
1229261311
398158670585
36776746
359742116808
10632563076
2033522160
36987651767
276447684735
6618683754
34281677877
6864653653
168770210926
5638836485
80281218264
1712223
5594974204
191942433928
324723455711
33374564411
28965377417
17360970527
122181755
27367491364
272561536919
12748076283
154069806
174725373762
3666497420
22177038276
375997349832
21899557848
54550906194
211724391302
3381108992
230358762040
22434211912
153973372
144983190
176647653
36965280228
275187673158
12703043256
157784163479
373216050676
153974440
21740371631
6223098160
1135708384
34149900
17781449410
781566362566
559960930
84352901666
5562278891
175837353821
2631771141
21530466
10203531631
68670417549
284519627424
123136646808
174862119285
32016427334
328148365415
23743238747
230330113114
151108643486
4234911634
33173325728
6864530360
10624315794
10342732556
11630585393
1822735110
36972749515
9978945811
3583579116
176141969951
5561785366
6221989972
28761735686
5764974521
1684988451
114076449626
2118973400
21502059559
282473995565
4385850098
55713561
226027707097
48207466874
6184694072
226026644134
13245091303
5567179742
152903697503
278587041788
121861195
123259134
31463583991
710397565105
60265330084
1416503549
182136314331
463509101
4241996158
19510206103
296893954840
21737292309
730693166408
34337650195
81868793305
62519299281
247052905603
2981552588
127001112763
50873432274
156757147086
223834190709
2325145908
375015756
66627560
1579500517
91052437
122094590
144776938155
2402939743
13223988456
5805662160
1731844
21937650215
154559799607
183273046860
5561754105
34423750786
328062542300
2312117332
885378
81843580061
104792041702
5440050
70346178229
93745981834
96026330
10060085834
311870664273
284517593885
179661840217
3312409292
122096700
11273979029
28931936266
2289296558
179698508505
50507442
145220907
805205488
172922419190
2846896304
3905951255
1807072959
5645801762
2932120861
28550079668
153530501905
1187306303
262420631425
6306894
10625455388
4245071268
6262707721
17005331226
19639027159
6865659283
17909868572
28532098514
39688973698
45043369593
2448138170
35974639575
182136486925
100217274
59503072779
178272404497
275187666744
10084805448
15979661836
5561766876
136418385401
24851222374
51921102256
176135742
14239042
273481737815
19365610170
21736518286
19882291366
21408287
2961578675
6317434747
291926073
27357097012
3645383077
1711452
79302221
183278069619
2059302257
5807119944
13242102867
18828737952
22878014192
30715151726
44730752
46520928951
96638995609
210005939680
70538076410
85518469
78094722755
53563102930
19534588037
346547346803
1715095964
6864580318
19369535682
139079634
22321737496
13722960028
1887941057
21579225
16457551863
261177707549
18833178682
144218084
2342150960
11339199
10068475961
157602501725
381368619257
23859520852
10662058272
27367353906
185304030966
1187413267
50123297
33178103537
9711941233
92337241
3302095913
13242608926
549500668
17987432082
10367717723
3645324328
10561123231
2673539238
1659124285
284656995496
34311412308
23749025292
16458032731
39033133338
7742276
300551641835
79382026
18772675782
66604848
326309520
211277868396
19535515068
17367664057
708902386127
156129248686
156502635
46544300696
86989932041
1377385633
87644130640
70209489525
80538085
5561766916
1131426063
448335398
1684995362
226065669396
204603832963
10450269966
24276839068
710388017768
10221510
27366678867
715151409994
1731988
8906062
60637210194
39508337825
153029111907
65944601596
78181166090
447635464
4141409143
5112206681
1184594387
1230843515
158196111610
5567217082
308373128079
86101292
5562430119
202190680630
1416669235
163441197194
13234925173
10256137740
347850534
1538772224
3645417943
3194207301
13239410801
21986246745
22485018199
124370687535
6261660236
34200141624
36991100649
50874698497
359887380878
34338014969
1887850876
21372306
6408743000
24851227059
7748997419
3571425740
102892425
32347210125
60945250114
54191516023
153008520958
158152136028
808221378
10060026224
1395949961
325550127277
787052605560
5561762880
291562292
10215884
11274184899
4385850207
856548519
7371586248
21937594120
90956584209
46518916690
381055910865
11276658280
263445375
129600477500
105253080987
102603771723
5639593917
44001298937
80362885735
19314596723
1134980822
66605517
1230201066
5562087195
144716350
350479423480
32982827930
249681156584
275686591616
10367767968
559960933
21312263
140296537
132202264
2195751781
307527253694
4646834074
78181061213
16522338253
21986274294
10088975437
10106334653
311870924929
1303736307
78094704691
33689727633
6864121552
85671830
5561885278
5562217024
15965597050
34348739283
35891924789
261774592174
1557092481
188734675807
198
53219872469
19504593420
1229450861
13631
21817717649
191939426592
6222886508
52214802204
263538291
92429354
27362111097
752178228482
278667451422
311990011635
19138709982
42478065348
15536753934
199649547176
61795335529
66782804
389360295
14161786502
159631315327
151919967
228399299630
52214681788
183224300723
155599247158
33468073607
560534079846
5567045592
6222253415
1133635932
11273706793
39941713783
16679735263
6863748394
121866239
176652996
806062964
144982676
1685084803
91066665
34848142867
81813057698
11273372536
20225362713
324410377669
3302141788
123531617234
23075951788
153993851
4234981576
6264056809
231897013849
153971532
10222287
121773443
14244347
3655815854
13234900268
170104035730
50872506354
1641683813
24851699403
377042982
13605206485
357791972948
150693962174
378446903
34197685362
36402487586
20040846
32971764808
18113351622
173719007959
28538855997
225898135862
5626782276
3656052718
715082893844
153922544
2448117214
758570405766
4459085932
3194178082
47699203827
7603497008
19274952074
19288426530
212573416169
71876955086
248898404220
174283403132
102893244767
36388616134
856351518
312022813464
4203827817
21038620357
28532702840
30745671938
332160582461
196877600925
1684994619
391442683
1658975343
145010695
169171615474
2516802449
19503326639
150169815212
19504505387
17794711301
141316456989
211278991637
5807311030
1579783047
154102893
4702717642
210544743069
208659849064
115759587481
6223097415
25534638781
1233408162
723960080006
28797293704
3312622731
92083616766
21393851188
376665049363
1495088137
3194174613
28537170131
5708702692
236563696597
144951523262
75622022130
39182281273
265247257
248088726553
21457747329
2932063875
291283674
34866790277
172365552277
24272825466
20733613
64016552
236477955183
279782373143
98587568673
10060025829
24445054948
66619086
27366966671
158532822663
25557387992
189002544102
22517587295
19400027712
24851212841
442109
78180244214
261662636475
226027802672
291737426386
53219194787
41286678852
265030125
67377911523
183600712418
549323702
23859331093
32275652832
528522114
137742482021
2154663832
102895218
28531525914
250621934470
27361561825
560002556
263542338
346548548977
6222142956
291613388
3655054228
19608120962
3701885152
19504659052
1685012413
211194563034
282474128881
228157413239
27361524298
44732006
143102417099
16522350975
102983760731
6325825961
92059544618
182430063500
805723797
312028083976
272584047824
3194205730
85515614
689474276000
175802539985
729280834095
27367457795
378098805
50281519137
247056562020
6307091
1711494
38483537143
2727994486
202412033896
758329767232
74089969
102895180
3648132782
61190852799
3423905541
36990500397
6785304142
16329719
29954501429
13235404273
52215086615
19274775009
32974920816
29941706930
17354543041
29943668249
19504696882
225898135857
616353216664
5640233737
27363892072
20738258
72285478132
1375620985
27365489361
91136440
275187657046
311951155843
10060019727
93718813470
64016680
66778554
264270752
59504160637
27366077012
1711482
25557713330
574474579
28716161967
172666021349
282474478627
9979202976
3655997487
3194093039
749217233593
349466525276
226026290192
226027671129
153029579034
226506696034
35891793169
376660973397
12998494273
92175547858
23099979030
91190978
46521591594
20089843132
91961575929
1230980499
34821270
225381700484
328096744004
34821728
16328344
3159605796
1376330391
14665095971
18832752093
19489886279
92028911119
2722437451
136745760015
1572558426
18537748065
56420015
3302251067
210007728316
155153253
28498675704
27367353907
377030205
96916043191
5708687965
35970907567
332195227810
371900192468
349496178254
17904362453
19088356094
253032702330
17011054178
19505096780
52468496292
13239386576
175787387817
16457652439
101656416452
247054311393
17009479500
54548685394
157005868016
59493289614
4883890097
19504640957
10367640944
20884720493
230893446629
263467169
378456756
136335652408
239127779478
83448191348
230286579392
173715147926
20298009312
312028057632
1377994083
59737997080
311870869781
28009016345
9988658506
50138276
211194534928
167839836991
77442661451
376652608365
150982926201
78148081606
299139109218
181984868407
59708860186
155668893354
711590461816
2932063881
328199925716
23112077490
121775109
10049295646
6222336277
5681482157
23749267335
10114254303
5708694619
805756972
75231200222
85658219813
3418739
4451435363
346548507708
10101030586
210007992556
72027788503
5638030970
105029876307
19504035346
19399836573
168772445941
4702869454
8655252874
6176639617
121960067
13239469334
21457517066
182034031060
21408536
588385950513
1375616183
104792130853
148376901479
175787706942
230329633895
32016950645
39945684209
83426680437
170192373046
168770171703
230386802145
20309216543
19946705085
3194170302
2582147362
9177248660
938985217
1230998316
220941307016
16667515290
19278373478
754061524694
64017415
358561540557
31481091121
856238035
94685495881
17792215387
1685012083
217989267763
3194208558
50138371
20736668
6259632831
156660625
247452138282
1231076660
89105257
266562799
354809151275
92029923930
32352991447
2931725850
527690649
67390708912
13783189132
96499143997
10036376782
139086921
71979436994
66622967
556429172
9759499508
201080400917
14050221
35446421319
92572348
2186941100
38986912685
15976570077
250621587753
5587986876
6182880360
263733390
45456514250
1684771419
6864401930
17852734137
61389183506
182136124769
7604625232
1572394297
24851132593
4236213641
92052724589
842095755
294975034876
149990121501
938799479
25724323268
11192327
85183131
54934672970
52172063219
17171218251
195052293102
10032648467
411447110787
24182168179
4681568301
20225126089
21937554973
10109776194
154002804
361732933727
18130480807
14801945189
86303551
587382730695
175038431293
2832854320
3747618983
264459228421
96194698
140392302
10256115668
2333635604
120995807
6863579275
10451368623
13789809463
10098763449
21936958077
250621900900
144309941
389002586738
14581699575
276647864453
27362063339
309502971229
9984368697
375997349835
103503330
67374680732
208979143477
205425448583
10367667802
13234850937
4664740408
12746633868
30720002100
59502673129
265403435
264458974583
17006335465
33175705520
214868897866
10040439808
89704201990
16521627714
21284875
52214100091
10558461928
245465834588
373217123542
27365397618
13858391678
54550893865
263697467
210002338537
1146046546
22865068611
53365072110
159643640999
247052970008
132216037
1886799426
1885417109
75623793730
527517043
86692773096
202856147326
2729482866
33467012976
394275767
527527583
115752591742
714598992299
81760912
175810040478
251990966571
125943764
114071541473
21883402222
176115653056
507361814345
5558146456
284860265340
19138459485
182136367830
52214629967
17006293810
20310569973
17851591101
3645315483
20733625
260413585194
226213811469
78148157229
124526685219
24851123956
573909105
59708636695
78264239474
93007776
9177175076
10625360892
8858257182
28568162987
183161740081
19965238279
3095629082
17851166541
350826294355
1134900856
1885511871
1996662
12052516
6183824770
220563707
460210368889
188734690375
155157411
35026766532
192714982
7755964
18132294477
21736688126
21736464615
2932053720
154127890
102898153
143876634957
23865637971
325585546070
55668426
247054169365
385693841406
4284994943
21988956376
225240361920
23749111791
45859553991
493222306656
10367643923
27367353904
196893014917
147117406
123014600124
2931709783
61795063693
32346525405
394275336
1639302913
17010700744
6663502665
376083825410
447570919
144775153090
102895183
145010698
1721012
19138455389
50717167663
263467164
311951227631
92463604
9177197991
29953527806
10522059268
28962151689
153806596
276646064712
17027515031
155225310
265052091
378409878
67393326361
752178540273
5561755169
141867519740
2195828569
19269078707
34197583794
183628167619
8901900
34560063
20736944
35875930456
17851662184
3583638529
80292570
24851715651
93116477
10367640935
3648199111
183161890563
188391447248
12896335395
7381468206
41019924393
264459918190
53225484926
6320204211
68666492667
10059196726
151931025
32190200746
37295164935
5805222607
1377848360
92001015048
378164666
26099519
291779090
231152058971
9379871
29956642496
1579722456
10084759926
83426263443
304437300
752241904645
175035266345
19171278122
2324917423
144940066
638461342958
170186818360
34377907697
5570396755
50493174287
28535943538
2311036774
18537405559
31980153
36785209
1510612830
21384472
52214994146
282476703311
10206100364
430538230
225639103293
373578831844
62158199
27363392258
24271004240
34211256045
92144847457
8858258548
91066568
17036792084
284513483106
4262335889
9379307
151058780263
21577704
731948301980
27208683
144766802
559967386
166509425513
2059424866
6247025638
34165177
263445468
4902883413
10039210060
20736976
17852722152
93729007637
31483802932
6864128735
85284058040
13790577729
1187034077
91189627
28796491034
300385245987
225960229259
11291131546
247052923006
168849572365
21238174
1579547984
93526966119
24745617374
175785177867
152890325086
1579707650
16568729771
1579750545
64016563
178160239609
556741783904
30469449
13244252228
10511928709
10454100234
169321619485
174859074608
114159692996
71978357479
98283716304
15705635618
15536799569
77444413186
294469716
6178519460
1684918511
92084130565
294590706
198292176068
749910445720
52215313387
121804313
19535474147
51866452434
20737542
16210975818
221784166708
319972084131
30719485321
153754072
1692193
17354478043
527527584
21997794042
156622277942
14801933705
28765556399
20048752
24670149499
1145788585
34210736157
17006045273
29943488290
1187339114
102953561
2312037769
21931757905
10222270
18840771943
1512073375
1498672952
2004315440
230257563795
34825948
35806805
48204063562
2311237425
136566350205
78181350360
195224668259
250402235778
24851327256
1377220964
309682124601
279037264200
21458003034
395376606223
21421075
7603480556
19536538055
14244283
29948035328
77111313997
84352408462
188899348311
155045435
685051883246
16457677793
102894273239
121759382
152701299939
4242473914
157004849117
2166672561
349498759239
20310223065
36983392923
18841300847
24205946645
10517825785
52916517997
3654933887
18846609295
46521243375
132902857923
21571429
174268147285
145092612829
30631532599
248866520032
175788470566
153045556747
160783149885
37561838572
35892170359
11502202
18827039571
191368636817
320197967
7370521288
175785481349
527517945
182564505791
4242466695
155401608
13857801698
5749496543
1572287961
205696721042
11345620
1579704116
39377291105
1892009771
180233614767
35913737
125938628
1701901723
18826815104
217541718523
35801903
8663866364
57453639347
10560883588
22539191577
64016580
3194173246
178295339636
157396409792
92454654
5919087561
22459106496
6222899686
131857570972
3194173833
51350476832
29042847
154100159
5567347858
311861254522
10529444185
46521273054
29952270037
168844018014
85536882
99562594234
35813880
10367683625
56419939
33151519113
4676375387
278587156069
95505625831
2311000106
311951430235
3647911574
86178617695
19964966225
174865188992
191281778028
51963081981
559942726
83419987061
3514859899
5778500433
1135704346
144982674
9986612985
22709786738
176126220
220951781722
2449630191
272349588859
335782878413
19498318735
386915890903
173029667320
5751740526
85518808
485657342524
291257674
428718688926
225507811636
21986863520
389378321
24096223315
10114252539
27144027
749217143239
245387671361
17354191738
92049295572
10880722195
3259863639
3648207416
102895175
2958747362
28561805659
376470423392
34821643
19940559884
263830544
27360341845
273771751168
49047818767
175844971993
114165819384
2098044124
122083711
225677122296
264458829374
4235965204
74469498526
210533396969
26641897
21392183937
114033283916
24273991390
5567573576
13243660922
2325370004
2290852439
19399546571
294975042615
1188307762
10503028865
11339157
4451168713
36398640904
250623049385
2509864558
300774052
5561893654
23865830370
147150513
11273860805
20308761514
91350503
278961046927
5708659313
275073603863
52914967583
265013803
33466749404
64022176
211195885259
1011513467
1131126972
10093353995
117372858693
85704542
50010633020
2325228791
194848135220
22522337354
4646398247
4242058243
178180792012
14666602251
5629565941
123052510582
20089836687
6318202737
123246514
50777389506
10216031
330825027
4458962778
4468924981
210002250937
179787535216
430488348
144174146
10503005763
1229611269
4242079832
5567112264
61089069084
4244840976
97435720283
19940156736
27364188157
225533851814
80364969862
1188161051
11197545
225507811650
191296925664
46524994431
17005456604
3655918940
92454656
30633251075
10454253227
122169391
6785227592
284782465392
544833465288
183160544151
20309504534
27362986153
34901669100
205366770497
294588905
34253768449
21373053
7534424462
18826600308
17781814879
114065890630
28533395905
5777435912
7371483374
1880043690
749217324294
3074523672
457296309039
9711941697
113015352891
21457587309
346548650022
61301617
78094857275
2932118709
169326886454
136354550580
16521663428
145097145082
1416497698
19288159019
12985414480
42488710717
38979299268
323534284703
16521663427
48792474072
5627039208
97519333458
132143086
32019466
55668765
215
689474384183
157006961547
175818290244
1578739091
131023926628
144468654
17254230169
19505026129
182413903753
17377777586
842054837
2059698355
6261147020
32345041499
325547815531
163361174649
3445100728
799546384810
2315473878
247051661600
89598895228
66623404
3655919157
485541238874
144129357
144121104
225938175615
16521461032
10507542156
273756719373
102895234
381056259266
5561769676
121770233
45467632124
104792148948
32188451686
136403467423
11340666
261662849335
4459495224
181574782431
183590420388
299150699880
5567347857
178180842283
3655010959
521216012
35900396
2357006312
6865591995
3645315277
39030662320
282474454097
571643868
17008306492
169665003846
31482129590
19535035595
10256231698
741431572
263781682
544340039259
10367687860
28767989873
207763994109
40594966386
31961055
4203818223
93750256108
1230060174
494843717
263794462
225960208182
3121457426
211696504517
589465386954
56309624
3459537599
176135666
5567024415
179170348709
497416142043
3648237238
85662788
42490886838
10137192674
5584025606
6864310973
1511684352
7364576904
225984278099
47872255853
2154534119
1659073175
21393128841
314305085585
175838203931
232919501459
3647684799
5749587902
248418708438
3645443083
303428259
83418141628
205366727989
123300605
19098341790
21375642
328114800450
3450919794
144186683
442104
206701868278
7793297358
85663356
176140951738
641856854073
212557869577
266838476
325094229850
7755935
49085483514
20051154
20570099371
4385870249
13790576991
96983088
230977599545
61388306352
226027684130
194855045997
566726812669
17782384173
49684911604
91077515
77439046230
1230991823
34118929286
63246403566
22801177722
10517873535
86199233616
13245482438
61389021435
9990892314
156623202
263535952
41812694829
1132442024
5460388
173708785727
351918453319
5826661325
50894576024
2931601382
153905877686
325189292034
155328108
35892009922
104792119625
266950772
17008230667
13092914823
140438320967
261774347814
6318717668
559843304
4213636985
92113941700
2324865656
1579462372
23101278192
49422762273
2319365433
37332237081
3419520
2960666126
1693964
7603414617
23749195358
282476806562
14662080
7534159351
1512964325
374723962308
80325925030
22338619
346548681050
21904235601
91091118266
169323857244
28580761655
19400139498
21352504
1574329911
183160564470
1137440766
32570284452
62048994932
30354755786
183373631988
114058218921
10060015270
157006884048
375996998770
167824577549
2195714489
19138804231
300226066941
30718932219
662547295060
155119113395
5774051037
21884401903
534262423831
19498745828
34197583793
29952325279
21558858
3419545
23743271118
10120728241
1944787075
41496704188
19288024661
10625328369
6184848424
182487611757
548986773
10512314441
61377933896
11350168
28579809688
2960453417
23749170581
815380458596
35871700843
312160145736
294464841
80326417017
24272619548
53219445186
10368039662
16521805767
169334902472
300551741203
96915968611
85671866
401242741194
21934888415
1937112
169023422413
263752532
281679027000
59033511014
1538642268
528947030
448200101
376652694167
1185558546
39946184012
7375303445
172681276603
247050487413
23744555248
121806648
559960196
5634991485
169822530547
91129421
29946391455
3192490907
398958855302
66637992
291631395
57453789112
38697437394
104791384733
66638001
164304179510
66622983
3194170509
10517996126
17005453267
346548621197
52197112355
556030978
175796627552
35801977
205425197506
70549859030
4702714089
17794626577
132142833
46521694809
273765578367
35810784
10215037
1578558131
42491282091
27367045969
30633151356
225507811651
163472947441
9717288061
114182778329
183160580062
153959912993
144761547
23859179478
325550361495
153643345588
4251385776
163361142756
23077528390
121774286
453257264
92029142608
153796894
278590479386
85549650
1128661986
225436730380
1129053188
29943667293
1710909
1802890272
938852337
13767570245
209236600634
4203757770
4203923928
1530839257
7825602540
205425197504
24851571711
263477649
19184623617
295493640
13234961519
557046503395
174884033321
856325319
263445472
8858305797
136424668423
10367660417
2790028038
373216050542
28803433432
182136337239
3312630876
14670961206
27366513480
218000862757
7367003665
19498663463
212219295128
21945825259
140426546
32024017744
226027703934
1579787346
13240112120
10503578941
144200900
237233820065
44002701629
141316428841
230437883537
20306905512
13244160393
1806465961
4902978744
30723072696
39369928226
300551911150
156146778307
2098724723
17035478073
91350104
175033287558
2402837629
2592479636
1580185731
249530336194
10040276143
3302800910
10095482023
36962803427
183590268476
27356979188
1136211748
21937987912
153672630941
36993865177
121774284
156658330
17006760056
83466883593
23744284560
10576646476
52214668368
300817144498
16521446398
2846942038
10367702092
3302090825
5561715100
197899780838
176130758167
394195930
226171453057
8652101419
121755976
155582353
6864359802
9712257938
1711465
10367641062
7365726475
4905273524
105124375810
10208916896
23748990288
153986612
236557389593
156613230
204611436461
194848186463
16522488155
178234903873
14801891333
70765053690
19098324379
135828909670
36982787127
151919975
129657750666
23744554036
10367666311
28541439785
4297393346
1731992
35872391202
1519409628
56419562
18836001183
83469363954
10215022
4645945130
18827039992
18832185865
35900348
78148143362
13229122242
378126192
1377327140
430530911
2333484705
27366672558
21305998
91069694
176443992
17274297890
19534370870
327757431088
3302930802
559943085
174298543485
45575366992
71978836735
360234072252
3655888295
19399546569
169321838961
308916878903
151058771778
558992090150
153315866743
225639103291
2324117245
10084805210
183090927565
28553480300
38991423644
19509870501
264458829364
41534129920
2499944939
335840728349
34839602264
34543142467
17851907585
144232649
3656036840
23749096597
179349873304
6188336611
79512641159
86187439622
273551757674
183351099170
231217082374
61215219880
92059544619
157214644671
1557064198
940070487
17281252439
749217324295
52214793341
10625481422
23620912007
6184865340
375997457625
237271854798
248418585712
13788963688
263783798
183242592446
226317924065
87028524481
22373793767
21391984711
80363396786
262420901302
1697094926
188397227775
284906442520
2402471915
2471793678
31514965170
559663780028
737642162652
350588066500
176126222
5567088708
21393858132
61372845384
24851146026
1491381526
448054441
30748124101
86694176968
192271474004
1690982
527519029
264459067877
102984342597
6184636838
27364095692
10632736457
21392421
28539644910
2324871496
10529515110
264971429
17376083990
36221284585
4907269323
325560092857
430504011
144281869
87026469288
2472037010
1136074467
373205737242
179695462772
81764901
527536380
10625455523
1377904335
280356196117
17354299627
2022640521
29949449938
35872445118
9711923776
3656052316
3655170069
8521920213
10503334170
25542993115
1416461918
1378378793
2846920818
70517639324
34793523
260784370798
19323128687
13783932742
291176999
263477607
191894076461
358674440332
44001056105
19285347809
5775946282
12707124370
1375623190
5561714797
78181570443
80359081411
289057911343
8858209479
23794787613
150907303632
22059537853
708630186752
7369256922
136545695642
314304941849
102892982854
8522289884
282479004476
3450845124
295581314
532245253091
230240524788
13244798198
1375614967
222457260
13237177054
32005093606
2847001210
183160580059
2172434770
226027671115
34377930912
2338969673
2592638860
260341974396
94664498807
123207209
273481744469
121989257
264458913502
292462383
314298549228
56327831
2059236708
50949841303
19940700610
92140167671
33468061935
4451038307
234439515099
26045148
1806836897
164705989280
75472709324
21221
61378829892
13783189312
4262001737
4680404067
3120053976
122048931
4241938397
148831863589
7532282393
4234553331
938905131
1129019827
56414749
38195687513
93718265358
23746327639
81817163952
2846893705
13240158321
182477330507
19288159018
92163329757
4702717807
532213379834
741542330
175963733403
856226984
93525548774
10451238628
87028510036
371152494677
3665662931
350742542539
19375312649
121777132
1128627207
114065422753
2832922817
270657008885
36986437542
28717558711
13783935031
101646337352
1377105703
144501719
20736998
2957846673
34826781
795993781905
41486481961
172895817320
24851948269
1461514301
314304874264
162115200943
3194177924
19183462464
85556237
281679083857
1715349839
7368430869
182068887493
3419594
282583670034
13802114799
17851513063
18829381559
4244863743
93248612485
225922138516
24271001691
80360054608
194845614426
560120349552
14239029
4451168629
326353548
33420036456
176139338
207757597573
276646459538
144716810262
34143889
29943240512
5805048754
56419537
1230289308
163971281894
442316
808315332
2449413576
138134957539
83960308831
560927643545
749217091950
59494856600
1513244026
138718742
260982081989
3678306096
10511959218
136393112330
263542337
263445384
179695245844
9992709843
856238354
52331850146
3194170506
300369325393
247052905608
11339812
10093518307
80292602
19504593421
91054227
168842526931
4907129449
749217307947
4702581114
32977928857
226027530563
1133017153
105252739333
332174824740
2325358681
805735650
5067572453
151848238
52215113170
19089404262
231948230921
32976603040
270626927966
17280658166
2325231858
38988597492
20339880444
68026834354
325085055105
30747654875
28092152305
282476724547
447594017
14238846
23744670414
182136312323
183356219628
28543597583
67384898482
182136159121
19365386122
143096984116
729255131529
157005873943
45422586579
28574055321
273480497228
19504570319
13245218065
175807344868
6317310379
178180859322
226027530562
2673068594
34206240898
10511957312
34205238316
21916040725
28547429254
34735740465
10367676664
17599129488
10367674227
34151153
22669389
1512656613
89723113569
281671765587
217819891
66623945
10634002477
81816129384
485626656144
10538928836
7365723699
14664853403
3656036540
715084093725
183229365649
10367667402
10097738277
1416512899
19946437291
92462670
32024150027
3645439029
430526222
70609249365
1289279396
88957883646
263749442
210002540789
6223258314
92493273
2832894029
231239888451
24271004241
115752636261
28538843637
5561697753
1230650488
10450727334
20320869440
1880048875
56419890
38477380087
3312630880
21937145235
19399544221
19273228731
14671029644
262420812454
5673700552
17281147936
14219555703
527527360
376611321905
10503043636
262318252168
264459269759
153763578
82155377536
275187657045
154435388378
750620361282
27361036527
9712391619
41506633797
230462954307
54607781518
155164315
14666771733
38659956
1131321254
10367769595
36990452109
1364664801
27364374393
20136328047
2932118716
730692948675
61374651456
150817896940
180811833641
92595099
16582910223
398062581061
28797283618
4695709554
3647707328
30717084228
183160548908
382784440937
373885912684
24851736526
2051352520
59729885215
183273042226
175037325362
207760833387
27366421335
91150571
2118876174
5918094954
5708658727
19504200497
169321750616
297535421799
299206652053
153754556
132135010
749217536651
11341474
34204493651
17782368921
114087036688
1231015642
2197034153
8522289912
554533897170
247050398370
299150707395
21178091
51932201659
20290488158
103174231
5780298151
21953685988
217753173
1128976766
44002246942
248418663241
17781366985
13245699745
5761514333
153922632
226181802126
10369012073
557694656718
273503677078
212584767836
3512637823
272560492429
279783572001
85285544105
527517921
10511922335
179270636775
683313913193
219237818113
19311489297
21666173034
21972200057
442137
21392335897
23744429895
10503629530
20370828315
6260815519
346548562693
494834133
91175700
91176190
21987010990
141316610727
20581832862
20299124580
263445354
81756791
666651689671
10367673373
1685006325
1375614711
291339506
349213449246
312024924131
140335041547
150817317893
24196757553
34821419
284663590043
36989621154
151864012
34788808
247449929494
286660066637
157006896471
10215940
5561768273
11339245
59737981111
154134281
5806938492
2932063880
91149300
225460750276
96500407720
265147443
27365671959
10452303897
477303599
350596235019
1184549275
18833987303
2931605696
13239896635
10632908340
102892439
278587075882
21888431392
82217568568
1128837989
527531917
35892466996
5225597488
3194098041
16569205365
10632616627
53219391287
6223153204
35872303748
20736934
5454240
10204311489
23785180318
4242316510
85518749
27366299865
5780077694
6339099
275001434390
226044290775
19504674473
92618402
67392518723
264973834
347024982198
14671227498
148947704150
294469974
19504806622
1375616181
35970888485
194853909893
23744516911
91097057430
11278224716
220942282107
157005859453
96175274787
263328667656
153604463
28574322557
9983590506
375996824504
183287130931
753377824170
165391541960
4234459933
2154534146
10735587010
250685739242
18775699133
192597566548
2324128998
24216274985
75623667759
1510324832
159740532284
56419815
23113011947
21373050
4242358625
19964336000
23749031020
27366578178
21307909
9979709353
4385971673
28709902308
16008972
19399970434
263782712
153177913550
346552922319
61192896970
2033516751
23859601753
192445068812
91175701
19504521752
2722628461
183163234610
1970136496
19504796003
91057697
34284904571
29946649181
263475279
231905066915
19495802968
121824180
213360425458
83444079825
3664902344
35811660
50777289860
298405989915
181548305554
121825051
121990539
157427533515
169241902675
1137421270
5567168656
36992186873
10625509761
28746740717
35801187
3374595517
4264618709
358240854990
25606115350
2315295664
28538405745
806665526
80293770
116742481897
230241529785
73004746965
10554061264
21532185
43746307016
102951745
16364367
411440921357
28534872681
66775398
10390032337
3656080590
20659036746
52166385288
346548777850
1145103856
4458933235
86184524894
24851805600
202186240077
144288900
19139055555
42489441391
1289409924
359745359860
156630459838
85510712
560002580
10114484096
411759410014
598865198967
10566078923
278589260117
16522402400
24273079095
749173811183
291061546
17005999642
28574974493
25557683196
23859124208
13239411045
176154136655
324530137154
154098854
128601314836
35811670
263749447
226029038677
38659953
144770809257
2186867394
39376650693
60377581031
78094894100
334694457128
13802873361
27145690
176652500
2409302866
155226927
2448094865
4902584096
191810280604
52915591983
43738779334
19365195810
23624519542
236557325883
856272507
1894274047
20046180
4676385780
4876742623
35801178
10503094763
85699715
175884454030
10060014949
24273081216
34171660509
31465913802
13243816096
560603486373
284780507666
1134924750
6618732549
34205012358
42837668562
30722779160
3531490993
24851460251
247050185494
9981310472
461379111
29950301749
10367688049
13710865138
226026564377
52215313379
284658034948
10517887311
175844968013
35896980457
753410622161
294974818965
19490452967
16437150802
31479230719
21202350
104294810162
263445211
596272131603
191792053115
23744499476
93519655740
179355279299
176135721
10084808671
2311640877
267143717
3531174016
291159015
276646290121
13239424242
33179534125
172427856700
16266877
13686
21071622509
752178540274
28092497071
114054477820
10093675328
178234890569
4236173839
1706152588
56308563449
263523581
527367128
80091547
40598538348
174724467519
188734725705
52916146903
20309410883
26099216
30713130270
4451020992
32353890478
204612044584
36994392934
70549264838
1128692832
59503072784
300551797081
389374712
16521910168
176141510
55353211712
14581645983
4878302164
2324927314
10517847136
2932057318
181590185387
211279013993
25534883523
312022862676
272560277361
5562088533
5579162500
32975479998
799539049477
558993301917
2832835993
78180862475
70597943467
1289446074
22947511
21840480
136342360894
155298600
19965238278
3418665991
322860063910
225368662151
294974912563
36971614539
96764566605
3189020710
749215013160
260546523655
1660182620
55713705
144165068
178714196962
55670476
731948824468
2175556167
42477630375
10368504270
91052439
156384485616
19504674461
80835879
91155631
96500172634
227562152405
358256531193
1691074
21246715
6259623644
22083420805
3418756
749217133587
3194206506
217989447794
66646703
124523715801
10368083131
178180761102
38988847967
311861334286
23749063673
13811963154
56311208
10123940329
21179504
3116961079
28724198409
2004309192
513840561114
20064137
6550936050
349513542193
10114586721
55669478
753439529701
21556002
49689446444
28574980296
749218120278
1579857402
198552690076
121802707
704844397241
88542303372
27365320973
144510276
309501904286
210002424745
291529767
10214963
1378099580
453801745
182484573361
10367725805
30745974498
66624897
74488050
265120738
10503025123
5636883577
291557825
10084805999
706746027349
159700886456
188734481286
12188628903
31482118839
378209650
18113841667
21042297276
1130911954
1806822111
10562761527
235136461004
1375635511
22320276913
19313627033
1937099
23100026602
9717288062
13236755939
294523564
2195801432
144570200
226027516171
70338093986
27366555086
6870943530
91129418
6176768169
32343232581
325550066203
136559642988
24851214915
4676396595
1771220881
377136386
70525872799
66625324
223208306946
2325253720
5775486116
56419601
50874990271
34518047219
92461914
300551702833
21937654535
39030243889
1887885388
266813871
10517872356
263749441
24196951528
45469437359
52492658912
19399666600
64021882
34194232063
145213793
11186739
28537925966
263477650
172647619952
182564758321
16457574987
291557826
20226032102
278666065437
3008476197
121774285
442176
169171615473
294506611
23784333758
3194174445
556610866
27362385541
332222516671
514300382
4385973900
17375279397
23744787857
34853576190
19940687378
10215080
136298720819
39371100149
59504610499
10503008740
6176404416
211278938093
3647911570
423488818427
23621144198
11341432
35891335637
16457662249
126591304
1894248955
34742558311
275427635528
13709731436
550417173
1970138908
309501880891
28757268629
70342158217
22816629854
61042577453
54191263974
273485397696
21892828259
176128785
19941411686
83420412150
226026743898
2340047411
446224216812
21384470
27365404712
125938884
176153116829
144484484
55045652578
183162893982
20224567039
544236586761
78182454050
114072899750
359746458618
28545479751
32347604737
198352494216
4203915323
19288445777
176140097
102962959
5805973086
4758460455
209231429709
209234566718
38978491067
730698341800
1129031876
3302227791
741411855
21457423094
72035223879
10024845819
19641579566
9982603893
20142084374
175832518571
291113941
358729997395
184091475625
24065450070
10221473
155598412019
2592528373
31975704
168770116417
25535045122
121804362
71846591561
80681895121
24851698360
24197409056
358268333473
172888687405
92084724061
21214361
17858637836
24650230662
169664968654
272560277358
279784652327
80728749538
92159310029
1325316750
4241996160
210007800521
1985312
123292029
198291987027
1798502224
558993450153
61795876916
9716377941
154750522482
11345619
183498355152
36402471732
9177169522
443580702287
18833152662
1580070318
155540248014
230396822978
22995672832
99409820
3192479198
174724834879
259901351612
322437108594
34821659
21740092024
10201294939
3654984854
10060025014
187939237183
16521805765
33468758767
19504840344
153064309735
19503954421
7367097495
715081142194
146961767
153065013272
20587887738
91066734
10215976
3679668165
31482451823
263463948
20306620391
24746224180
24199298822
77761544295
1579504570
34790547370
295471105
573125312
668790253424
23076127525
173703956979
20226812591
225281531378
216877655081
28534411544
3267435321
80219346964
298070634130
5777625090
263445199
188677658497
6864145044
114091894110
1684863613
808330179
28801921382
527516976
176427141
144852924
53225469218
17794805773
10222297
8901783
59504160636
61199734338
27357806584
77437629269
2479674050
2333489763
261662044994
17273722194
1132624444
13243876860
28603738495
1416474592
247054311395
6182608071
2033519274
16668040338
10503062689
11341543
8792773
75623320148
17006304720
21483254537
16457584999
155297894
21737974913
560607538345
1580155964
10503005764
19369886320
32031741539
30631479592
21189507246
4262277029
187304674916
272349469498
7370944058
85535242
182146484383
5609483117
144948969611
22062386493
226165965255
144935570
19946382213
749217384578
841917994
10367640477
92345862
13461473
11274764486
752178631258
44766710
50878933691
154002303
23906307811
175791778928
211941704928
148521270802
282541876151
6863596873
559909658
2131742848
5454280
1685084198
191913277766
10367694233
519156261054
155153236
10114257337
6662657423
6221973180
430514376
6318904146
73751115810
80852232
1530838930
19274425550
10625471951
66641345
217880660
204610925794
2325193869
11345963
81752471170
16521903723
18773472400
4681555518
22255542012
3701980424
448048017
10141141976
20298981292
294461853
317605017192
140531084
1185510494
28795719987
173676748652
294461852
42831702528
153042094247
1229547441
21827085011
33369708317
123088110
38988092755
21736699412
5640202666
3381692482
80050972
29178891352
2051159662
211990411247
303466192
34200944646
72042583009
346547406713
4242412403
185078821967
1138798065
24444519562
54469373239
2931791124
196873527881
34303609083
152863913644
51854610175
226027209653
19504004631
104791355579
7378686024
373578564262
17173834949
10222288
17280534909
3678181422
85518350
3665682567
24851230013
265308333
104178607240
80831393
45436860395
560003967
1579711803
102895187
23744673031
48205075812
41532495280
519028754519
52214760413
795816986905
856362650
151927872
191930365919
191128013515
1697104754
12748560214
1690535
22809253644
725364930066
19504816494
17852295911
39418080504
32343833275
114054104647
7390589499
187939266058
10367689827
442079
9711941608
72045615445
19276121295
50769016368
327571698060
153973958
64016558
1579722459
20736977
28089141604
10367685168
95998478
6618545572
21038587750
10367641207
10119254691
35970903912
17354252352
8858135451
250618235904
1712213
226027516170
20736664
20581572167
21128901
80280351514
179699972101
16458046867
17852665476
21307767
16320994
5567334963
4254160810
27367829914
326309478
92069100065
1879607106
4459357650
22709700038
82165731610
85536802
1880060659
228399343414
34194200667
6864128474
122367737
172932678292
50779646962
52468528256
313782698917
13235415747
157004849122
10367676346
442049
211197254235
1231084428
14256494
36050056108
284524679685
28965498970
12862686861
1579704172
638515401221
263794465
300551919085
291787850
10102726808
34120225016
36964173245
191919320755
3302930801
136387254686
82162661352
24197408085
2058603886
143098973450
27365381054
127339279230
164175131201
2154663878
5804474721
80360559861
22063035752
17851520379
78148093989
448035569
17851662186
19184480533
93751495060
32352107074
1145704571
28707556053
28537566139
27143997
1579499035
10632747022
247049914390
359746458617
143092727904
144220898
11630272227
574216485
1140944901
247450977028
263655911
153961988
325097251499
28713702964
85537163
144185686
183160408753
183160457215
21937547282
30724715890
28960812863
28560078239
21962325507
24272837454
19504816492
35503428604
21737882798
17005365393
36386906946
45455916052
3423852843
10041965206
1970135446
1887834896
10216017
46521709802
4646683771
127
19399551189
155155400
32683171571
17354307604
5918951454
91066584
225639103277
505311805594
14239027
34194232641
21916534499
7667378725
10036770320
91066595
227267584143
24851227042
3193842256
61072981005
10368072678
5986927950
45462330322
102983239692
15536487496
2832845625
154338312495
6182756323
92127238752
17014665677
346548582020
67393691861
18829853490
66625306
15536803581
1920062897
84353433421
938627693
28537372546
24758247585
1897851850
1131635687
23084
1684789402
250629639116
247054085101
168767953954
184252263579
74472782795
20879120388
23624303978
34843082747
70536007082
153923456
26340534393
5768111692
278666292002
1684769272
22062142731
5708108227
3194085945
5572979928
6178596134
249297266988
121775177
324041549012
741550193
36975744286
263285029820
19369725748
41795959672
1129949252
299150684288
350845604698
156658306
19616927862
66641317
27366657559
23749171507
52214477966
154903032214
155346941768
30719892105
62308250766
206796466459
121777875
122097251
30631522374
35811272
9813569944
448044304
21533869
346548735257
13239635763
34377925130
5766724321
226169161543
16457967703
3194130260
155528559687
247051597499
67395208252
1659075405
67381977699
20297989668
296232851204
1886494665
247050185493
51867698610
21987067454
191279765151
33466825467
12896440740
136375815056
5561811118
32354564317
23075879060
1512548833
210002279038
157004843640
5567107755
10367690498
4242400239
136548559369
1512020253
30720472854
30633339666
3194174018
2314865713
775741516888
32290701982
441325
153487196296
110
17782415435
54189423201
91155626
18830056089
226027589277
240128923355
263449012
16457409931
87810229133
346548464912
20320869439
558981017543
346330630852
140052779138
24273737478
3419547
32028011809
136743264652
495430557142
13224037643
188734648210
27365472977
96498992692
2856561978
4261939529
3702404370
16521989368
729870879140
34788740
92560310
1970136501
3194173409
17909476934
19535893449
20736918
4876163094
42494262939
659969466001
22071562621
391524569
136725890690
225570988230
3467918187
31512569913
114096228616
28780317579
20737048
2078139550
263547211
176648696
190817923113
163704287322
346548464909
56419576
144760428
24104702243
10215020
208975964451
176152989690
143306721
176136843093
105213765111
556260052
121775146
271487107298
122988272437
6865595417
351980198575
2003927673
558995776537
4235932271
155153829
2931695868
1128976760
233938099185
21915910003
1886036898
22071460385
6178331749
31980075
27363368243
157006917101
11277257818
30721141116
22816403483
34825917
48207431801
9779315852
225332625645
1512157863
55049706520
2510234517
17851833137
10382545502
278587051213
169241842898
1132543217
152870736550
17254232057
79378932
2500927435
6319604171
2171776363
1684994614
10367683896
86692811671
3647699550
3678231950
153973779
21736708375
808166309
31482052147
358277821461
939014863
7256880828
5918251952
2832852522
69209450602
18543439778
1660179537
3645443571
17587786221
53331422310
16522350880
183590492320
13790209868
430531386
32188173770
144098959
24197194655
842187269
61199696834
74469127232
27365879432
59708412114
556610469446
24851411276
144397817
64021759
85537166
4242013535
5106791820
3193932837
192130226647
1134897727
27363285772
284780942235
2315193225
55049743664
29952776662
273552891000
34153385
237524124399
278479446468
21986641473
78231179901
183590476663
2432402513
1231002614
93746024254
144534486
117457568717
162895775130
178312963168
11191689
30712284878
39609004
21109328
13234966351
55720675
312024924129
34863972268
6183829460
1684920668
4242786286
86196419461
192004860745
21738260730
5567350305
155548651336
392302240
1228854184
376652590145
35970903686
34853151823
6785792456
17008804280
373221398033
78148175380
10538931836
6317308138
28506399458
91066567
263752538
195114631333
232059507019
72028977264
20744376
23624487591
311861215503
10092946682
66625730
5561701491
5641488759
1146037470
182136131652
91146323
34850382856
55688021
4876182870
102955891
749173737577
3194207302
1713077592
311870883859
10068523680
375997572163
210592833351
3424228751
573345636
264458774476
13234948794
19503258216
70515727602
29953194859
3196557982
10025263876
211277866421
155298817
28797602090
10102023902
4203630877
373578919854
61351660411
127486390778
20744604
249720628376
23860522120
211278902054
32351628550
24839710892
22061446969
30087723581
155449545009
5566759511
378193039
16391913
449316081239
5750905841
61380224711
27367036639
96500862939
273822096770
19535055350
12707154061
3196468234
226027550282
28548523251
153986005
278241923175
37564304549
10452265408
148095553101
66621979
10367676332
85518770
1375488629
3648205380
174884248683
59739132127
24271012925
19941244872
10728847969
153063033760
282652951
346547386106
5713661366
52214225439
10367652365
22151528346
39944786832
50778044731
34846060519
2458319344
30482208
44171734677
85291886975
123286645
178180842282
153251340215
226027671118
175785514893
226026721710
104178606330
28554517734
234180753545
7334592519
1572237366
10262180584
11339505
188683010273
17783947219
36402562019
92406689
330038157581
346552921681
17354229513
554079232266
8025478335
54213913259
21972257795
3448021659
263445207
261660689702
10635030984
18535185798
3444608276
373217123543
113140446091
712645980
114048556017
19368248604
198290990077
34231707112
557677971709
235169055019
157289320
20658531096
44466939466
284656935047
29953328465
18828367856
24851638083
85518806
276653953017
5976319559
91066570
12896630424
20216463815
265053587
16261014678
3193973301
27366871241
13244772730
26103410
753126542548
5713634141
808212141
225570988212
151724330978
1579787348
795842257352
19288313199
174726850226
34344877610
23749075264
6223310561
2592502911
188734725703
1136771823
21243995
1574303265
21406665010
18738747504
148834875425
13862330192
76031883540
6338930
1228721270
144717045
10933493426
16315404
14584275881
13608706600
24097753041
24282824549
32981650275
21072261
938905381
184091303628
36514981899
6183747604
96555775610
2195801315
34735832483
19940652093
164614061050
24205635391
16522338250
20737046
83467171982
320473154629
176125291
155952088447
206820748658
13239410800
33370437983
12109488
279687876220
174724516173
197107480218
85704447
23976450744
10730858642
36361382438
70188172268
20226912384
2448138705
10214912
9177208606
10369036259
61193224575
153780090
278666017894
35882139265
430541595
27364206132
52213822972
2324871462
9985570431
2333469777
28552492624
10367666289
20658785897
11274738135
5561754124
184098356082
93718582290
5567134344
5577426618
168952179792
7557740106
2022642738
85539063
22063159072
157667494562
1822729776
